Query_ID,Original_Dataset_Index,K,Candidate_Set_Hash,Method,Correct,Confidence,FR_top1,Kendall_Dist,Top3_Churn,Latency_ms
0,2843,5,381ba564aba8,B0_Native,1.0,0.9803,0.0,0.0,0.0,42.87
0,2843,5,381ba564aba8,B0_Random,1.0,0.9974,0.0,0.0867,0.3,42.87
0,2843,5,381ba564aba8,B1_Alpha,1.0,0.9606,0.0,0.3,0.5,42.87
0,2843,5,381ba564aba8,B1_ReverseAlpha,1.0,0.9974,0.0,0.3,0.5,42.87
0,2843,5,381ba564aba8,Rand_Marg_M2,1.0,0.9979,0.0,0.1,0.5,85.75
0,2843,5,381ba564aba8,Rand_Marg_M3,1.0,0.9983,0.0,0.1,0.5,128.62
0,2843,5,381ba564aba8,Rand_Marg_M5,1.0,0.9985,0.0,0.1,0.5,214.37
0,2843,5,381ba564aba8,B2_Cyclic_M2,1.0,0.9895,0.0,0.0,0.0,85.75
0,2843,5,381ba564aba8,B2_Cyclic_M3,1.0,0.9925,0.0,0.0,0.0,128.62
0,2843,5,381ba564aba8,B2_Cyclic_M5,1.0,0.9947,0.0,0.0,0.0,214.37
1,480,5,7a795179d711,B0_Native,1.0,0.9454,0.0,0.0,0.0,42.24
1,480,5,7a795179d711,B0_Random,1.0,0.8952,0.0,0.0889,0.0,42.24
1,480,5,7a795179d711,B1_Alpha,1.0,0.875,0.0,0.1,0.0,42.24
1,480,5,7a795179d711,B1_ReverseAlpha,1.0,0.9364,0.0,0.1,0.0,42.24
1,480,5,7a795179d711,Rand_Marg_M2,1.0,0.918,0.0,0.1,0.0,84.48
1,480,5,7a795179d711,Rand_Marg_M3,1.0,0.9164,0.0,0.1,0.0,126.72
1,480,5,7a795179d711,Rand_Marg_M5,1.0,0.9258,0.0,0.1,0.0,211.21
1,480,5,7a795179d711,B2_Cyclic_M2,1.0,0.9543,0.0,0.0,0.0,84.48
1,480,5,7a795179d711,B2_Cyclic_M3,1.0,0.9422,0.0,0.0,0.0,126.72
1,480,5,7a795179d711,B2_Cyclic_M5,1.0,0.9537,0.0,0.0,0.0,211.21
2,2973,5,7d99473b1fcd,B0_Native,1.0,0.9971,0.0,0.0,0.0,40.46
2,2973,5,7d99473b1fcd,B0_Random,1.0,0.9298,0.0,0.1333,0.1,40.46
2,2973,5,7d99473b1fcd,B1_Alpha,1.0,0.9917,0.0,0.2,0.0,40.46
2,2973,5,7d99473b1fcd,B1_ReverseAlpha,1.0,0.8915,0.0,0.2,0.0,40.46
2,2973,5,7d99473b1fcd,Rand_Marg_M2,1.0,0.8548,0.0,0.1,0.0,80.92
2,2973,5,7d99473b1fcd,Rand_Marg_M3,1.0,0.8563,0.0,0.1,0.0,121.38
2,2973,5,7d99473b1fcd,Rand_Marg_M5,1.0,0.8835,0.0,0.1,0.0,202.3
2,2973,5,7d99473b1fcd,B2_Cyclic_M2,1.0,0.9733,0.0,0.1,0.5,80.92
2,2973,5,7d99473b1fcd,B2_Cyclic_M3,1.0,0.926,0.0,0.1,0.5,121.38
2,2973,5,7d99473b1fcd,B2_Cyclic_M5,1.0,0.9368,0.0,0.0,0.0,202.3
3,1453,5,7696d55426f7,B0_Native,1.0,0.8969,0.0,0.0,0.0,39.03
3,1453,5,7696d55426f7,B0_Random,1.0,0.9678,0.0,0.04,0.1,39.03
3,1453,5,7696d55426f7,B1_Alpha,1.0,0.8835,0.0,0.1,0.5,39.03
3,1453,5,7696d55426f7,B1_ReverseAlpha,1.0,0.8793,0.0,0.1,0.5,39.03
3,1453,5,7696d55426f7,Rand_Marg_M2,1.0,0.9219,0.0,0.0,0.0,78.06
3,1453,5,7696d55426f7,Rand_Marg_M3,1.0,0.9154,0.0,0.0,0.0,117.09
3,1453,5,7696d55426f7,Rand_Marg_M5,1.0,0.8962,0.0,0.0,0.0,195.15
3,1453,5,7696d55426f7,B2_Cyclic_M2,1.0,0.8921,0.0,0.1,0.5,78.06
3,1453,5,7696d55426f7,B2_Cyclic_M3,1.0,0.9208,0.0,0.1,0.5,117.09
3,1453,5,7696d55426f7,B2_Cyclic_M5,1.0,0.8935,0.0,0.0,0.0,195.15
4,334,5,efa96b865c67,B0_Native,1.0,0.8342,0.0,0.0,0.0,42.84
4,334,5,efa96b865c67,B0_Random,1.0,0.7895,0.0,0.1556,0.2556,42.84
4,334,5,efa96b865c67,B1_Alpha,1.0,0.8741,0.0,0.1,0.5,42.84
4,334,5,efa96b865c67,B1_ReverseAlpha,1.0,0.8294,0.0,0.1,0.5,42.84
4,334,5,efa96b865c67,Rand_Marg_M2,1.0,0.8095,0.0,0.0,0.0,85.67
4,334,5,efa96b865c67,Rand_Marg_M3,1.0,0.8154,0.0,0.0,0.0,128.51
4,334,5,efa96b865c67,Rand_Marg_M5,1.0,0.7957,0.0,0.0,0.0,214.18
4,334,5,efa96b865c67,B2_Cyclic_M2,1.0,0.8455,0.0,0.1,0.5,85.67
4,334,5,efa96b865c67,B2_Cyclic_M3,1.0,0.8369,0.0,0.0,0.0,128.51
4,334,5,efa96b865c67,B2_Cyclic_M5,1.0,0.8687,0.0,0.0,0.0,214.18
5,2684,5,dcf921be388a,B0_Native,1.0,0.6136,0.0,0.0,0.0,41.3
5,2684,5,dcf921be388a,B0_Random,1.0,0.6351,0.0,0.0,0.0,41.3
5,2684,5,dcf921be388a,B1_Alpha,1.0,0.8028,0.0,0.0,0.0,41.3
5,2684,5,dcf921be388a,B1_ReverseAlpha,1.0,0.7062,0.0,0.0,0.0,41.3
5,2684,5,dcf921be388a,Rand_Marg_M2,1.0,0.6457,0.0,0.0,0.0,82.59
5,2684,5,dcf921be388a,Rand_Marg_M3,1.0,0.679,0.0,0.0,0.0,123.89
5,2684,5,dcf921be388a,Rand_Marg_M5,1.0,0.6762,0.0,0.0,0.0,206.48
5,2684,5,dcf921be388a,B2_Cyclic_M2,1.0,0.7018,0.0,0.0,0.0,82.59
5,2684,5,dcf921be388a,B2_Cyclic_M3,1.0,0.6926,0.0,0.0,0.0,123.89
5,2684,5,dcf921be388a,B2_Cyclic_M5,1.0,0.7114,0.0,0.0,0.0,206.48
6,1044,5,b3e2ec2a3919,B0_Native,1.0,0.3719,0.0,0.0,0.0,48.03
6,1044,5,b3e2ec2a3919,B0_Random,1.0,0.3738,0.2,0.2956,0.4333,48.03
6,1044,5,b3e2ec2a3919,B1_Alpha,1.0,0.3605,0.0,0.5,0.8,48.03
6,1044,5,b3e2ec2a3919,B1_ReverseAlpha,1.0,0.2936,0.0,0.5,0.8,48.03
6,1044,5,b3e2ec2a3919,Rand_Marg_M2,1.0,0.3395,0.0,0.1,0.0,96.07
6,1044,5,b3e2ec2a3919,Rand_Marg_M3,1.0,0.3382,0.0,0.3,0.5,144.1
6,1044,5,b3e2ec2a3919,Rand_Marg_M5,1.0,0.3448,0.0,0.3,0.5,240.16
6,1044,5,b3e2ec2a3919,B2_Cyclic_M2,1.0,0.3471,0.0,0.1,0.0,96.07
6,1044,5,b3e2ec2a3919,B2_Cyclic_M3,1.0,0.3442,0.0,0.0,0.0,144.1
6,1044,5,b3e2ec2a3919,B2_Cyclic_M5,1.0,0.3335,0.0,0.0,0.0,240.16
7,2190,5,fd246745b588,B0_Native,1.0,0.7455,0.0,0.0,0.0,42.03
7,2190,5,fd246745b588,B0_Random,1.0,0.9538,0.0,0.0356,0.1778,42.03
7,2190,5,fd246745b588,B1_Alpha,1.0,0.8183,0.0,0.2,0.5,42.03
7,2190,5,fd246745b588,B1_ReverseAlpha,1.0,0.908,0.0,0.2,0.5,42.03
7,2190,5,fd246745b588,Rand_Marg_M2,1.0,0.8938,0.0,0.0,0.0,84.06
7,2190,5,fd246745b588,Rand_Marg_M3,1.0,0.8911,0.0,0.0,0.0,126.08
7,2190,5,fd246745b588,Rand_Marg_M5,1.0,0.8761,0.0,0.0,0.0,210.14
7,2190,5,fd246745b588,B2_Cyclic_M2,1.0,0.6929,0.0,0.1,0.5,84.06
7,2190,5,fd246745b588,B2_Cyclic_M3,1.0,0.7652,0.0,0.0,0.0,126.08
7,2190,5,fd246745b588,B2_Cyclic_M5,1.0,0.7095,0.0,0.0,0.0,210.14
8,684,5,0ada5c9edcd4,B0_Native,1.0,0.998,0.0,0.0,0.0,49.66
8,684,5,0ada5c9edcd4,B0_Random,1.0,0.9966,0.0,0.08,0.3222,49.66
8,684,5,0ada5c9edcd4,B1_Alpha,1.0,0.9979,0.0,0.2,0.5,49.66
8,684,5,0ada5c9edcd4,B1_ReverseAlpha,1.0,0.9929,0.0,0.2,0.5,49.66
8,684,5,0ada5c9edcd4,Rand_Marg_M2,1.0,0.9975,0.0,0.1,0.0,99.32
8,684,5,0ada5c9edcd4,Rand_Marg_M3,1.0,0.9963,0.0,0.0,0.0,148.98
8,684,5,0ada5c9edcd4,Rand_Marg_M5,1.0,0.9941,0.0,0.1,0.5,248.29
8,684,5,0ada5c9edcd4,B2_Cyclic_M2,1.0,0.9966,0.0,0.0,0.0,99.32
8,684,5,0ada5c9edcd4,B2_Cyclic_M3,1.0,0.9963,0.0,0.0,0.0,148.98
8,684,5,0ada5c9edcd4,B2_Cyclic_M5,1.0,0.9965,0.0,0.0,0.0,248.29
9,2953,5,4bdf54c6311c,B0_Native,1.0,0.9174,0.0,0.0,0.0,43.83
9,2953,5,4bdf54c6311c,B0_Random,1.0,0.8773,0.0,0.1356,0.3,43.83
9,2953,5,4bdf54c6311c,B1_Alpha,1.0,0.9174,0.0,0.2,0.5,43.83
9,2953,5,4bdf54c6311c,B1_ReverseAlpha,1.0,0.9492,0.0,0.2,0.5,43.83
9,2953,5,4bdf54c6311c,Rand_Marg_M2,1.0,0.9169,0.0,0.2,0.5,87.67
9,2953,5,4bdf54c6311c,Rand_Marg_M3,1.0,0.9275,0.0,0.1,0.5,131.5
9,2953,5,4bdf54c6311c,Rand_Marg_M5,1.0,0.9341,0.0,0.1,0.0,219.16
9,2953,5,4bdf54c6311c,B2_Cyclic_M2,1.0,0.936,0.0,0.2,0.5,87.67
9,2953,5,4bdf54c6311c,B2_Cyclic_M3,1.0,0.94,0.0,0.1,0.0,131.5
9,2953,5,4bdf54c6311c,B2_Cyclic_M5,1.0,0.9451,0.0,0.0,0.0,219.16
10,985,5,bf923e663432,B0_Native,1.0,0.4713,0.0,0.0,0.0,41.03
10,985,5,bf923e663432,B0_Random,0.0,0.6689,0.3556,0.0356,0.0,41.03
10,985,5,bf923e663432,B1_Alpha,0.0,0.4521,0.0,0.0,0.0,41.03
10,985,5,bf923e663432,B1_ReverseAlpha,0.0,0.5981,0.0,0.0,0.0,41.03
10,985,5,bf923e663432,Rand_Marg_M2,0.0,0.4629,0.0,0.0,0.0,82.06
10,985,5,bf923e663432,Rand_Marg_M3,0.0,0.4454,0.0,0.0,0.0,123.09
10,985,5,bf923e663432,Rand_Marg_M5,0.0,0.5118,0.0,0.0,0.0,205.15
10,985,5,bf923e663432,B2_Cyclic_M2,1.0,0.4641,1.0,0.1,0.0,82.06
10,985,5,bf923e663432,B2_Cyclic_M3,1.0,0.438,1.0,0.1,0.0,123.09
10,985,5,bf923e663432,B2_Cyclic_M5,0.0,0.4198,0.0,0.0,0.0,205.15
11,2,5,e9ba0f5ed8a4,B0_Native,1.0,0.7724,0.0,0.0,0.0,42.18
11,2,5,e9ba0f5ed8a4,B0_Random,1.0,0.8622,0.0,0.1489,0.3444,42.18
11,2,5,e9ba0f5ed8a4,B1_Alpha,1.0,0.7526,0.0,0.2,0.5,42.18
11,2,5,e9ba0f5ed8a4,B1_ReverseAlpha,1.0,0.939,0.0,0.2,0.5,42.18
11,2,5,e9ba0f5ed8a4,Rand_Marg_M2,1.0,0.832,0.0,0.1,0.0,84.35
11,2,5,e9ba0f5ed8a4,Rand_Marg_M3,1.0,0.7413,0.0,0.0,0.0,126.53
11,2,5,e9ba0f5ed8a4,Rand_Marg_M5,1.0,0.7517,0.0,0.2,0.5,210.88
11,2,5,e9ba0f5ed8a4,B2_Cyclic_M2,1.0,0.6883,0.0,0.0,0.0,84.35
11,2,5,e9ba0f5ed8a4,B2_Cyclic_M3,1.0,0.7798,0.0,0.0,0.0,126.53
11,2,5,e9ba0f5ed8a4,B2_Cyclic_M5,1.0,0.6853,0.0,0.0,0.0,210.88
12,281,5,820cefe9d1f2,B0_Native,1.0,0.5047,0.0,0.0,0.0,41.51
12,281,5,820cefe9d1f2,B0_Random,1.0,0.4833,0.0,0.1067,0.0,41.51
12,281,5,820cefe9d1f2,B1_Alpha,1.0,0.3868,0.0,0.2,0.0,41.51
12,281,5,820cefe9d1f2,B1_ReverseAlpha,1.0,0.5058,0.0,0.2,0.0,41.51
12,281,5,820cefe9d1f2,Rand_Marg_M2,1.0,0.5103,0.0,0.1,0.0,83.02
12,281,5,820cefe9d1f2,Rand_Marg_M3,1.0,0.4826,0.0,0.2,0.0,124.53
12,281,5,820cefe9d1f2,Rand_Marg_M5,1.0,0.4689,0.0,0.1,0.0,207.55
12,281,5,820cefe9d1f2,B2_Cyclic_M2,1.0,0.5339,0.0,0.1,0.0,83.02
12,281,5,820cefe9d1f2,B2_Cyclic_M3,1.0,0.5363,0.0,0.0,0.0,124.53
12,281,5,820cefe9d1f2,B2_Cyclic_M5,1.0,0.5068,0.0,0.0,0.0,207.55
13,45,5,d72d7aaf8b48,B0_Native,0.0,0.4135,0.0,0.0,0.0,47.0
13,45,5,d72d7aaf8b48,B0_Random,0.0,0.3862,0.2,0.0933,0.2667,47.0
13,45,5,d72d7aaf8b48,B1_Alpha,0.0,0.7414,0.0,0.1,0.5,47.0
13,45,5,d72d7aaf8b48,B1_ReverseAlpha,0.0,0.7961,0.0,0.1,0.5,47.0
13,45,5,d72d7aaf8b48,Rand_Marg_M2,0.0,0.4208,0.0,0.0,0.0,93.99
13,45,5,d72d7aaf8b48,Rand_Marg_M3,0.0,0.544,0.0,0.1,0.5,140.99
13,45,5,d72d7aaf8b48,Rand_Marg_M5,0.0,0.5955,0.0,0.0,0.0,234.98
13,45,5,d72d7aaf8b48,B2_Cyclic_M2,0.0,0.5531,0.0,0.0,0.0,93.99
13,45,5,d72d7aaf8b48,B2_Cyclic_M3,0.0,0.5565,0.0,0.0,0.0,140.99
13,45,5,d72d7aaf8b48,B2_Cyclic_M5,0.0,0.631,0.0,0.0,0.0,234.98
14,373,5,0250cfc1566b,B0_Native,1.0,0.5105,0.0,0.0,0.0,38.52
14,373,5,0250cfc1566b,B0_Random,1.0,0.627,0.0,0.1,0.0,38.52
14,373,5,0250cfc1566b,B1_Alpha,1.0,0.55,0.0,0.1,0.0,38.52
14,373,5,0250cfc1566b,B1_ReverseAlpha,1.0,0.8136,0.0,0.1,0.0,38.52
14,373,5,0250cfc1566b,Rand_Marg_M2,1.0,0.6847,0.0,0.1,0.0,77.04
14,373,5,0250cfc1566b,Rand_Marg_M3,1.0,0.5992,0.0,0.1,0.0,115.56
14,373,5,0250cfc1566b,Rand_Marg_M5,1.0,0.6407,0.0,0.1,0.0,192.6
14,373,5,0250cfc1566b,B2_Cyclic_M2,1.0,0.6208,0.0,0.1,0.0,77.04
14,373,5,0250cfc1566b,B2_Cyclic_M3,1.0,0.6503,0.0,0.1,0.0,115.56
14,373,5,0250cfc1566b,B2_Cyclic_M5,1.0,0.6434,0.0,0.0,0.0,192.6
15,813,5,d145f2d29ee5,B0_Native,1.0,0.9851,0.0,0.0,0.0,41.11
15,813,5,d145f2d29ee5,B0_Random,1.0,0.8937,0.0,0.0578,0.1,41.11
15,813,5,d145f2d29ee5,B1_Alpha,1.0,0.9423,0.0,0.1,0.0,41.11
15,813,5,d145f2d29ee5,B1_ReverseAlpha,1.0,0.9831,0.0,0.1,0.0,41.11
15,813,5,d145f2d29ee5,Rand_Marg_M2,1.0,0.918,0.0,0.0,0.0,82.23
15,813,5,d145f2d29ee5,Rand_Marg_M3,1.0,0.9164,0.0,0.0,0.0,123.34
15,813,5,d145f2d29ee5,Rand_Marg_M5,1.0,0.9313,0.0,0.0,0.0,205.57
15,813,5,d145f2d29ee5,B2_Cyclic_M2,1.0,0.9841,0.0,0.0,0.0,82.23
15,813,5,d145f2d29ee5,B2_Cyclic_M3,1.0,0.9849,0.0,0.0,0.0,123.34
15,813,5,d145f2d29ee5,B2_Cyclic_M5,1.0,0.9852,0.0,0.0,0.0,205.57
16,1110,5,f00dc85c6b17,B0_Native,1.0,0.6514,0.0,0.0,0.0,40.47
16,1110,5,f00dc85c6b17,B0_Random,1.0,0.5946,0.0,0.0667,0.0,40.47
16,1110,5,f00dc85c6b17,B1_Alpha,1.0,0.5197,0.0,0.1,0.0,40.47
16,1110,5,f00dc85c6b17,B1_ReverseAlpha,1.0,0.73,0.0,0.1,0.0,40.47
16,1110,5,f00dc85c6b17,Rand_Marg_M2,1.0,0.6638,0.0,0.0,0.0,80.93
16,1110,5,f00dc85c6b17,Rand_Marg_M3,1.0,0.6804,0.0,0.0,0.0,121.4
16,1110,5,f00dc85c6b17,Rand_Marg_M5,1.0,0.6777,0.0,0.0,0.0,202.33
16,1110,5,f00dc85c6b17,B2_Cyclic_M2,1.0,0.6932,0.0,0.0,0.0,80.93
16,1110,5,f00dc85c6b17,B2_Cyclic_M3,1.0,0.7065,0.0,0.0,0.0,121.4
16,1110,5,f00dc85c6b17,B2_Cyclic_M5,1.0,0.7171,0.0,0.0,0.0,202.33
17,158,5,71cffe674c76,B0_Native,1.0,0.529,0.0,0.0,0.0,48.0
17,158,5,71cffe674c76,B0_Random,1.0,0.5709,0.3556,0.1578,0.2778,48.0
17,158,5,71cffe674c76,B1_Alpha,1.0,0.4675,0.0,0.0,0.0,48.0
17,158,5,71cffe674c76,B1_ReverseAlpha,1.0,0.4392,0.0,0.0,0.0,48.0
17,158,5,71cffe674c76,Rand_Marg_M2,1.0,0.4999,0.0,0.1,0.0,95.99
17,158,5,71cffe674c76,Rand_Marg_M3,1.0,0.5096,0.0,0.0,0.0,143.99
17,158,5,71cffe674c76,Rand_Marg_M5,1.0,0.4977,0.0,0.1,0.5,239.98
17,158,5,71cffe674c76,B2_Cyclic_M2,1.0,0.4356,1.0,0.1,0.0,95.99
17,158,5,71cffe674c76,B2_Cyclic_M3,0.0,0.4482,0.0,0.0,0.0,143.99
17,158,5,71cffe674c76,B2_Cyclic_M5,0.0,0.4107,0.0,0.0,0.0,239.98
18,1917,5,967b8fce5179,B0_Native,1.0,0.3397,0.0,0.0,0.0,41.08
18,1917,5,967b8fce5179,B0_Random,1.0,0.691,0.2,0.0667,0.0,41.08
18,1917,5,967b8fce5179,B1_Alpha,1.0,0.6541,0.0,0.2,0.5,41.08
18,1917,5,967b8fce5179,B1_ReverseAlpha,1.0,0.8174,0.0,0.2,0.5,41.08
18,1917,5,967b8fce5179,Rand_Marg_M2,1.0,0.7219,0.0,0.0,0.0,82.15
18,1917,5,967b8fce5179,Rand_Marg_M3,1.0,0.6783,0.0,0.0,0.0,123.23
18,1917,5,967b8fce5179,Rand_Marg_M5,1.0,0.6054,0.0,0.0,0.0,205.38
18,1917,5,967b8fce5179,B2_Cyclic_M2,1.0,0.2947,0.0,0.0,0.0,82.15
18,1917,5,967b8fce5179,B2_Cyclic_M3,1.0,0.3777,0.0,0.0,0.0,123.23
18,1917,5,967b8fce5179,B2_Cyclic_M5,1.0,0.3378,0.0,0.0,0.0,205.38
19,2911,5,6df7f12a1095,B0_Native,1.0,0.4977,0.0,0.0,0.0,50.85
19,2911,5,6df7f12a1095,B0_Random,0.0,0.6965,0.5333,0.1067,0.2667,50.85
19,2911,5,6df7f12a1095,B1_Alpha,0.0,0.5035,0.0,0.0,0.0,50.85
19,2911,5,6df7f12a1095,B1_ReverseAlpha,0.0,0.7276,0.0,0.0,0.0,50.85
19,2911,5,6df7f12a1095,Rand_Marg_M2,0.0,0.7488,0.0,0.0,0.0,101.7
19,2911,5,6df7f12a1095,Rand_Marg_M3,0.0,0.6319,0.0,0.0,0.0,152.55
19,2911,5,6df7f12a1095,Rand_Marg_M5,0.0,0.5697,0.0,0.0,0.0,254.25
19,2911,5,6df7f12a1095,B2_Cyclic_M2,0.0,0.6481,0.0,0.1,0.5,101.7
19,2911,5,6df7f12a1095,B2_Cyclic_M3,0.0,0.7049,0.0,0.1,0.5,152.55
19,2911,5,6df7f12a1095,B2_Cyclic_M5,0.0,0.7653,0.0,0.0,0.0,254.25
20,2728,5,f66935ef3289,B0_Native,1.0,0.8385,0.0,0.0,0.0,42.1
20,2728,5,f66935ef3289,B0_Random,1.0,0.8713,0.0,0.2022,0.3756,42.1
20,2728,5,f66935ef3289,B1_Alpha,1.0,0.724,0.0,0.3,0.5,42.1
20,2728,5,f66935ef3289,B1_ReverseAlpha,1.0,0.9495,0.0,0.3,0.5,42.1
20,2728,5,f66935ef3289,Rand_Marg_M2,1.0,0.9021,0.0,0.3,0.5,84.19
20,2728,5,f66935ef3289,Rand_Marg_M3,1.0,0.8732,0.0,0.0,0.0,126.29
20,2728,5,f66935ef3289,Rand_Marg_M5,1.0,0.8679,0.0,0.0,0.0,210.48
20,2728,5,f66935ef3289,B2_Cyclic_M2,1.0,0.8972,0.0,0.3,0.5,84.19
20,2728,5,f66935ef3289,B2_Cyclic_M3,1.0,0.9099,0.0,0.2,0.5,126.29
20,2728,5,f66935ef3289,B2_Cyclic_M5,1.0,0.9117,0.0,0.0,0.0,210.48
21,2150,5,ee61bdd0b8ec,B0_Native,1.0,1.0,0.0,0.0,0.0,37.8
21,2150,5,ee61bdd0b8ec,B0_Random,1.0,1.0,0.0,0.0,0.0,37.8
21,2150,5,ee61bdd0b8ec,B1_Alpha,1.0,1.0,0.0,0.0,0.0,37.8
21,2150,5,ee61bdd0b8ec,B1_ReverseAlpha,1.0,1.0,0.0,0.0,0.0,37.8
21,2150,5,ee61bdd0b8ec,Rand_Marg_M2,1.0,1.0,0.0,0.0,0.0,75.59
21,2150,5,ee61bdd0b8ec,Rand_Marg_M3,1.0,1.0,0.0,0.0,0.0,113.39
21,2150,5,ee61bdd0b8ec,Rand_Marg_M5,1.0,1.0,0.0,0.0,0.0,188.98
21,2150,5,ee61bdd0b8ec,B2_Cyclic_M2,1.0,1.0,0.0,0.0,0.0,75.59
21,2150,5,ee61bdd0b8ec,B2_Cyclic_M3,1.0,1.0,0.0,0.0,0.0,113.39
21,2150,5,ee61bdd0b8ec,B2_Cyclic_M5,1.0,1.0,0.0,0.0,0.0,188.98
22,1424,5,f1435b24c06d,B0_Native,1.0,0.7822,0.0,0.0,0.0,41.41
22,1424,5,f1435b24c06d,B0_Random,1.0,0.8633,0.0,0.1089,0.2667,41.41
22,1424,5,f1435b24c06d,B1_Alpha,1.0,0.9012,0.0,0.3,0.5,41.41
22,1424,5,f1435b24c06d,B1_ReverseAlpha,1.0,0.767,0.0,0.3,0.5,41.41
22,1424,5,f1435b24c06d,Rand_Marg_M2,1.0,0.7853,0.0,0.2,0.5,82.82
22,1424,5,f1435b24c06d,Rand_Marg_M3,1.0,0.8003,0.0,0.2,0.5,124.23
22,1424,5,f1435b24c06d,Rand_Marg_M5,1.0,0.7978,0.0,0.1,0.5,207.04
22,1424,5,f1435b24c06d,B2_Cyclic_M2,1.0,0.7721,0.0,0.0,0.0,82.82
22,1424,5,f1435b24c06d,B2_Cyclic_M3,1.0,0.752,0.0,0.0,0.0,124.23
22,1424,5,f1435b24c06d,B2_Cyclic_M5,1.0,0.7808,0.0,0.0,0.0,207.04
23,573,5,9b7fd4f2d581,B0_Native,1.0,0.7981,0.0,0.0,0.0,43.41
23,573,5,9b7fd4f2d581,B0_Random,1.0,0.7253,0.0,0.0533,0.0,43.41
23,573,5,9b7fd4f2d581,B1_Alpha,1.0,0.7043,0.0,0.1,0.0,43.41
23,573,5,9b7fd4f2d581,B1_ReverseAlpha,1.0,0.8062,0.0,0.1,0.0,43.41
23,573,5,9b7fd4f2d581,Rand_Marg_M2,1.0,0.7795,0.0,0.1,0.0,86.83
23,573,5,9b7fd4f2d581,Rand_Marg_M3,1.0,0.7709,0.0,0.1,0.0,130.24
23,573,5,9b7fd4f2d581,Rand_Marg_M5,1.0,0.7779,0.0,0.0,0.0,217.07
23,573,5,9b7fd4f2d581,B2_Cyclic_M2,1.0,0.8215,0.0,0.0,0.0,86.83
23,573,5,9b7fd4f2d581,B2_Cyclic_M3,1.0,0.8194,0.0,0.0,0.0,130.24
23,573,5,9b7fd4f2d581,B2_Cyclic_M5,1.0,0.8313,0.0,0.0,0.0,217.07
24,3064,5,256532a4a91b,B0_Native,1.0,0.548,0.0,0.0,0.0,41.53
24,3064,5,256532a4a91b,B0_Random,1.0,0.6011,0.0,0.2556,0.4289,41.53
24,3064,5,256532a4a91b,B1_Alpha,1.0,0.6497,0.0,0.2,0.5,41.53
24,3064,5,256532a4a91b,B1_ReverseAlpha,1.0,0.5908,0.0,0.2,0.5,41.53
24,3064,5,256532a4a91b,Rand_Marg_M2,1.0,0.6049,0.0,0.1,0.0,83.06
24,3064,5,256532a4a91b,Rand_Marg_M3,1.0,0.6417,0.0,0.0,0.0,124.58
24,3064,5,256532a4a91b,Rand_Marg_M5,1.0,0.6344,0.0,0.0,0.0,207.64
24,3064,5,256532a4a91b,B2_Cyclic_M2,1.0,0.5602,0.0,0.0,0.0,83.06
24,3064,5,256532a4a91b,B2_Cyclic_M3,1.0,0.6131,0.0,0.0,0.0,124.58
24,3064,5,256532a4a91b,B2_Cyclic_M5,1.0,0.5679,0.0,0.0,0.0,207.64
25,1834,5,8c825c34a731,B0_Native,1.0,0.9033,0.0,0.0,0.0,41.24
25,1834,5,8c825c34a731,B0_Random,1.0,0.7857,0.0,0.0533,0.0,41.24
25,1834,5,8c825c34a731,B1_Alpha,1.0,0.8027,0.0,0.1,0.0,41.24
25,1834,5,8c825c34a731,B1_ReverseAlpha,1.0,0.8487,0.0,0.1,0.0,41.24
25,1834,5,8c825c34a731,Rand_Marg_M2,1.0,0.8476,0.0,0.0,0.0,82.48
25,1834,5,8c825c34a731,Rand_Marg_M3,1.0,0.7897,0.0,0.0,0.0,123.72
25,1834,5,8c825c34a731,Rand_Marg_M5,1.0,0.8295,0.0,0.1,0.0,206.2
25,1834,5,8c825c34a731,B2_Cyclic_M2,1.0,0.7445,0.0,0.0,0.0,82.48
25,1834,5,8c825c34a731,B2_Cyclic_M3,1.0,0.776,0.0,0.0,0.0,123.72
25,1834,5,8c825c34a731,B2_Cyclic_M5,1.0,0.7851,0.0,0.0,0.0,206.2
26,1574,5,c06da64e4af4,B0_Native,1.0,0.957,0.0,0.0,0.0,45.15
26,1574,5,c06da64e4af4,B0_Random,1.0,0.9859,0.0,0.0,0.0,45.15
26,1574,5,c06da64e4af4,B1_Alpha,1.0,0.9102,0.0,0.1,0.0,45.15
26,1574,5,c06da64e4af4,B1_ReverseAlpha,1.0,0.9817,0.0,0.1,0.0,45.15
26,1574,5,c06da64e4af4,Rand_Marg_M2,1.0,0.9725,0.0,0.0,0.0,90.31
26,1574,5,c06da64e4af4,Rand_Marg_M3,1.0,0.9672,0.0,0.0,0.0,135.46
26,1574,5,c06da64e4af4,Rand_Marg_M5,1.0,0.9543,0.0,0.0,0.0,225.77
26,1574,5,c06da64e4af4,B2_Cyclic_M2,1.0,0.9409,0.0,0.0,0.0,90.31
26,1574,5,c06da64e4af4,B2_Cyclic_M3,1.0,0.9433,0.0,0.0,0.0,135.46
26,1574,5,c06da64e4af4,B2_Cyclic_M5,1.0,0.9398,0.0,0.0,0.0,225.77
27,1717,5,5155f477d82a,B0_Native,1.0,0.9957,0.0,0.0,0.0,42.36
27,1717,5,5155f477d82a,B0_Random,1.0,0.9997,0.0,0.0467,0.2556,42.36
27,1717,5,5155f477d82a,B1_Alpha,1.0,0.9995,0.0,0.0,0.0,42.36
27,1717,5,5155f477d82a,B1_ReverseAlpha,1.0,0.9992,0.0,0.0,0.0,42.36
27,1717,5,5155f477d82a,Rand_Marg_M2,1.0,0.9994,0.0,0.0,0.0,84.71
27,1717,5,5155f477d82a,Rand_Marg_M3,1.0,0.9994,0.0,0.1,0.5,127.07
27,1717,5,5155f477d82a,Rand_Marg_M5,1.0,0.9995,0.0,0.2,0.5,211.78
27,1717,5,5155f477d82a,B2_Cyclic_M2,1.0,0.9856,0.0,0.1,0.0,84.71
27,1717,5,5155f477d82a,B2_Cyclic_M3,1.0,0.9891,0.0,0.0,0.0,127.07
27,1717,5,5155f477d82a,B2_Cyclic_M5,1.0,0.9888,0.0,0.0,0.0,211.78
28,1487,5,2b522b9c9c55,B0_Native,1.0,0.9998,0.0,0.0,0.0,43.32
28,1487,5,2b522b9c9c55,B0_Random,1.0,0.9995,0.0,0.0,0.2333,43.32
28,1487,5,2b522b9c9c55,B1_Alpha,1.0,0.9998,0.0,0.0,0.5,43.32
28,1487,5,2b522b9c9c55,B1_ReverseAlpha,1.0,0.999,0.0,0.0,0.5,43.32
28,1487,5,2b522b9c9c55,Rand_Marg_M2,1.0,0.9993,0.0,0.0,0.0,86.64
28,1487,5,2b522b9c9c55,Rand_Marg_M3,1.0,0.9995,0.0,0.0,0.0,129.96
28,1487,5,2b522b9c9c55,Rand_Marg_M5,1.0,0.999,0.0,0.0,0.0,216.6
28,1487,5,2b522b9c9c55,B2_Cyclic_M2,1.0,0.9996,0.0,0.0,0.0,86.64
28,1487,5,2b522b9c9c55,B2_Cyclic_M3,1.0,0.9996,0.0,0.0,0.0,129.96
28,1487,5,2b522b9c9c55,B2_Cyclic_M5,1.0,0.9996,0.0,0.0,0.0,216.6
29,1385,5,d82fa5167d19,B0_Native,1.0,0.9999,0.0,0.0,0.0,40.04
29,1385,5,d82fa5167d19,B0_Random,1.0,0.9999,0.0,0.0,0.1956,40.04
29,1385,5,d82fa5167d19,B1_Alpha,1.0,0.9999,0.0,0.0,0.0,40.04
29,1385,5,d82fa5167d19,B1_ReverseAlpha,1.0,0.9999,0.0,0.0,0.0,40.04
29,1385,5,d82fa5167d19,Rand_Marg_M2,1.0,0.9999,0.0,0.0,0.5,80.09
29,1385,5,d82fa5167d19,Rand_Marg_M3,1.0,0.9999,0.0,0.0,0.8,120.13
29,1385,5,d82fa5167d19,Rand_Marg_M5,1.0,0.9999,0.0,0.0,0.8,200.22
29,1385,5,d82fa5167d19,B2_Cyclic_M2,1.0,0.9999,0.0,0.0,0.5,80.09
29,1385,5,d82fa5167d19,B2_Cyclic_M3,1.0,0.9998,0.0,0.0,0.0,120.13
29,1385,5,d82fa5167d19,B2_Cyclic_M5,1.0,0.9999,0.0,0.0,0.0,200.22
30,1139,5,464f593a5bd3,B0_Native,1.0,0.8256,0.0,0.0,0.0,41.08
30,1139,5,464f593a5bd3,B0_Random,1.0,0.8506,0.0,0.1378,0.1778,41.08
30,1139,5,464f593a5bd3,B1_Alpha,1.0,0.7462,0.0,0.1,0.5,41.08
30,1139,5,464f593a5bd3,B1_ReverseAlpha,1.0,0.7079,0.0,0.1,0.5,41.08
30,1139,5,464f593a5bd3,Rand_Marg_M2,1.0,0.8025,0.0,0.1,0.0,82.17
30,1139,5,464f593a5bd3,Rand_Marg_M3,1.0,0.79,0.0,0.0,0.0,123.25
30,1139,5,464f593a5bd3,Rand_Marg_M5,1.0,0.7286,0.0,0.1,0.0,205.42
30,1139,5,464f593a5bd3,B2_Cyclic_M2,1.0,0.6988,0.0,0.2,0.5,82.17
30,1139,5,464f593a5bd3,B2_Cyclic_M3,1.0,0.7536,0.0,0.1,0.0,123.25
30,1139,5,464f593a5bd3,B2_Cyclic_M5,1.0,0.7849,0.0,0.0,0.0,205.42
31,2773,5,45651253f921,B0_Native,1.0,0.6976,0.0,0.0,0.0,41.19
31,2773,5,45651253f921,B0_Random,1.0,0.6185,0.0,0.1467,0.3444,41.19
31,2773,5,45651253f921,B1_Alpha,1.0,0.6102,0.0,0.0,0.0,41.19
31,2773,5,45651253f921,B1_ReverseAlpha,1.0,0.5697,0.0,0.0,0.0,41.19
31,2773,5,45651253f921,Rand_Marg_M2,1.0,0.6225,0.0,0.1,0.5,82.37
31,2773,5,45651253f921,Rand_Marg_M3,1.0,0.599,0.0,0.2,0.5,123.56
31,2773,5,45651253f921,Rand_Marg_M5,1.0,0.557,0.0,0.2,0.5,205.93
31,2773,5,45651253f921,B2_Cyclic_M2,1.0,0.5253,0.0,0.0,0.0,82.37
31,2773,5,45651253f921,B2_Cyclic_M3,1.0,0.5625,0.0,0.0,0.0,123.56
31,2773,5,45651253f921,B2_Cyclic_M5,1.0,0.5657,0.0,0.0,0.0,205.93
32,89,5,b5737667f322,B0_Native,1.0,0.9892,0.0,0.0,0.0,35.57
32,89,5,b5737667f322,B0_Random,1.0,0.9879,0.0,0.0511,0.4156,35.57
32,89,5,b5737667f322,B1_Alpha,1.0,0.9999,0.0,0.0,0.5,35.57
32,89,5,b5737667f322,B1_ReverseAlpha,1.0,0.9906,0.0,0.0,0.5,35.57
32,89,5,b5737667f322,Rand_Marg_M2,1.0,0.9926,0.0,0.1,0.5,71.13
32,89,5,b5737667f322,Rand_Marg_M3,1.0,0.9887,0.0,0.2,0.5,106.7
32,89,5,b5737667f322,Rand_Marg_M5,1.0,0.9919,0.0,0.0,0.0,177.83
32,89,5,b5737667f322,B2_Cyclic_M2,1.0,0.9941,0.0,0.0,0.5,71.13
32,89,5,b5737667f322,B2_Cyclic_M3,1.0,0.996,0.0,0.2,0.5,106.7
32,89,5,b5737667f322,B2_Cyclic_M5,1.0,0.9936,0.0,0.0,0.0,177.83
33,413,5,4439dfa5938b,B0_Native,1.0,0.6798,0.0,0.0,0.0,38.75
33,413,5,4439dfa5938b,B0_Random,1.0,0.6154,0.0,0.0933,0.2333,38.75
33,413,5,4439dfa5938b,B1_Alpha,1.0,0.6689,0.0,0.1,0.0,38.75
33,413,5,4439dfa5938b,B1_ReverseAlpha,1.0,0.8246,0.0,0.1,0.0,38.75
33,413,5,4439dfa5938b,Rand_Marg_M2,1.0,0.6296,0.0,0.1,0.5,77.5
33,413,5,4439dfa5938b,Rand_Marg_M3,1.0,0.6659,0.0,0.0,0.0,116.26
33,413,5,4439dfa5938b,Rand_Marg_M5,1.0,0.7114,0.0,0.1,0.0,193.76
33,413,5,4439dfa5938b,B2_Cyclic_M2,1.0,0.7651,0.0,0.0,0.0,77.5
33,413,5,4439dfa5938b,B2_Cyclic_M3,1.0,0.7687,0.0,0.0,0.0,116.26
33,413,5,4439dfa5938b,B2_Cyclic_M5,1.0,0.7544,0.0,0.0,0.0,193.76
34,181,5,84d5c8b81f23,B0_Native,1.0,0.9996,0.0,0.0,0.0,42.0
34,181,5,84d5c8b81f23,B0_Random,1.0,0.9997,0.0,0.0,0.2333,42.0
34,181,5,84d5c8b81f23,B1_Alpha,1.0,0.9998,0.0,0.0,0.0,42.0
34,181,5,84d5c8b81f23,B1_ReverseAlpha,1.0,0.9999,0.0,0.0,0.0,42.0
34,181,5,84d5c8b81f23,Rand_Marg_M2,1.0,0.9998,0.0,0.0,0.0,84.0
34,181,5,84d5c8b81f23,Rand_Marg_M3,1.0,0.9992,0.0,0.0,0.0,126.0
34,181,5,84d5c8b81f23,Rand_Marg_M5,1.0,0.9994,0.0,0.0,0.5,210.01
34,181,5,84d5c8b81f23,B2_Cyclic_M2,1.0,0.9998,0.0,0.0,0.0,84.0
34,181,5,84d5c8b81f23,B2_Cyclic_M3,1.0,0.9998,0.0,0.0,0.0,126.0
34,181,5,84d5c8b81f23,B2_Cyclic_M5,1.0,0.9999,0.0,0.0,0.0,210.01
35,2282,5,b3119d3355af,B0_Native,1.0,0.9386,0.0,0.0,0.0,41.31
35,2282,5,b3119d3355af,B0_Random,1.0,0.9552,0.0,0.1533,0.2667,41.31
35,2282,5,b3119d3355af,B1_Alpha,1.0,0.9451,0.0,0.3,0.5,41.31
35,2282,5,b3119d3355af,B1_ReverseAlpha,1.0,0.9276,0.0,0.3,0.5,41.31
35,2282,5,b3119d3355af,Rand_Marg_M2,1.0,0.9572,0.0,0.1,0.0,82.63
35,2282,5,b3119d3355af,Rand_Marg_M3,1.0,0.9402,0.0,0.2,0.5,123.94
35,2282,5,b3119d3355af,Rand_Marg_M5,1.0,0.936,0.0,0.0,0.0,206.57
35,2282,5,b3119d3355af,B2_Cyclic_M2,1.0,0.9398,0.0,0.0,0.0,82.63
35,2282,5,b3119d3355af,B2_Cyclic_M3,1.0,0.9498,0.0,0.0,0.0,123.94
35,2282,5,b3119d3355af,B2_Cyclic_M5,1.0,0.9419,0.0,0.0,0.0,206.57
36,245,5,cd90b4584178,B0_Native,1.0,0.4258,0.0,0.0,0.0,37.24
36,245,5,cd90b4584178,B0_Random,1.0,0.3393,0.3556,0.1244,0.2667,37.24
36,245,5,cd90b4584178,B1_Alpha,1.0,0.3663,0.0,0.0,0.0,37.24
36,245,5,cd90b4584178,B1_ReverseAlpha,1.0,0.4434,0.0,0.0,0.0,37.24
36,245,5,cd90b4584178,Rand_Marg_M2,1.0,0.4174,1.0,0.2,0.5,74.48
36,245,5,cd90b4584178,Rand_Marg_M3,1.0,0.3784,0.0,0.0,0.0,111.72
36,245,5,cd90b4584178,Rand_Marg_M5,1.0,0.3809,0.0,0.1,0.5,186.21
36,245,5,cd90b4584178,B2_Cyclic_M2,1.0,0.3791,0.0,0.2,0.5,74.48
36,245,5,cd90b4584178,B2_Cyclic_M3,1.0,0.4179,0.0,0.1,0.0,111.72
36,245,5,cd90b4584178,B2_Cyclic_M5,1.0,0.3717,0.0,0.0,0.0,186.21
37,2620,5,eca6509d2a50,B0_Native,1.0,0.8961,0.0,0.0,0.0,41.4
37,2620,5,eca6509d2a50,B0_Random,1.0,0.948,0.0,0.0822,0.1778,41.4
37,2620,5,eca6509d2a50,B1_Alpha,1.0,0.9277,0.0,0.1,0.5,41.4
37,2620,5,eca6509d2a50,B1_ReverseAlpha,1.0,0.6849,0.0,0.1,0.5,41.4
37,2620,5,eca6509d2a50,Rand_Marg_M2,1.0,0.9433,0.0,0.0,0.0,82.8
37,2620,5,eca6509d2a50,Rand_Marg_M3,1.0,0.9033,0.0,0.0,0.0,124.2
37,2620,5,eca6509d2a50,Rand_Marg_M5,1.0,0.9095,0.0,0.0,0.0,207.0
37,2620,5,eca6509d2a50,B2_Cyclic_M2,1.0,0.8995,0.0,0.1,0.0,82.8
37,2620,5,eca6509d2a50,B2_Cyclic_M3,1.0,0.8775,0.0,0.0,0.0,124.2
37,2620,5,eca6509d2a50,B2_Cyclic_M5,1.0,0.919,0.0,0.0,0.0,207.0
38,1244,5,57c854747498,B0_Native,0.0,0.299,0.0,0.0,0.0,40.18
38,1244,5,57c854747498,B0_Random,1.0,0.2909,0.6,0.3289,0.3889,40.18
38,1244,5,57c854747498,B1_Alpha,0.0,0.268,0.0,0.1,0.0,40.18
38,1244,5,57c854747498,B1_ReverseAlpha,0.0,0.2518,0.0,0.1,0.0,40.18
38,1244,5,57c854747498,Rand_Marg_M2,1.0,0.3262,0.0,0.1,0.0,80.36
38,1244,5,57c854747498,Rand_Marg_M3,1.0,0.3062,0.0,0.2,0.5,120.54
38,1244,5,57c854747498,Rand_Marg_M5,1.0,0.2819,1.0,0.5,0.5,200.9
38,1244,5,57c854747498,B2_Cyclic_M2,0.0,0.2938,0.0,0.2,0.5,80.36
38,1244,5,57c854747498,B2_Cyclic_M3,0.0,0.2714,0.0,0.1,0.5,120.54
38,1244,5,57c854747498,B2_Cyclic_M5,0.0,0.2803,0.0,0.0,0.0,200.9
39,2418,5,e5e5132513bf,B0_Native,1.0,0.8978,0.0,0.0,0.0,37.27
39,2418,5,e5e5132513bf,B0_Random,1.0,0.9188,0.0,0.02,0.0,37.27
39,2418,5,e5e5132513bf,B1_Alpha,1.0,0.9016,0.0,0.0,0.0,37.27
39,2418,5,e5e5132513bf,B1_ReverseAlpha,1.0,0.9613,0.0,0.0,0.0,37.27
39,2418,5,e5e5132513bf,Rand_Marg_M2,1.0,0.9125,0.0,0.0,0.0,74.54
39,2418,5,e5e5132513bf,Rand_Marg_M3,1.0,0.8993,0.0,0.0,0.0,111.81
39,2418,5,e5e5132513bf,Rand_Marg_M5,1.0,0.8989,0.0,0.0,0.0,186.36
39,2418,5,e5e5132513bf,B2_Cyclic_M2,1.0,0.9248,0.0,0.0,0.0,74.54
39,2418,5,e5e5132513bf,B2_Cyclic_M3,1.0,0.9202,0.0,0.0,0.0,111.81
39,2418,5,e5e5132513bf,B2_Cyclic_M5,1.0,0.929,0.0,0.0,0.0,186.36
40,940,5,757c626b0237,B0_Native,1.0,0.9984,0.0,0.0,0.0,38.79
40,940,5,757c626b0237,B0_Random,1.0,0.9998,0.0,0.0089,0.4511,38.79
40,940,5,757c626b0237,B1_Alpha,1.0,0.9996,0.0,0.0,0.5,38.79
40,940,5,757c626b0237,B1_ReverseAlpha,1.0,0.9999,0.0,0.0,0.5,38.79
40,940,5,757c626b0237,Rand_Marg_M2,1.0,0.9861,0.0,0.0,0.0,77.58
40,940,5,757c626b0237,Rand_Marg_M3,1.0,0.9897,0.0,0.0,0.5,116.37
40,940,5,757c626b0237,Rand_Marg_M5,1.0,0.9937,0.0,0.1,0.5,193.95
40,940,5,757c626b0237,B2_Cyclic_M2,1.0,0.9991,0.0,0.0,0.8,77.58
40,940,5,757c626b0237,B2_Cyclic_M3,1.0,0.9994,0.0,0.0,0.8,116.37
40,940,5,757c626b0237,B2_Cyclic_M5,1.0,0.9996,0.0,0.0,0.0,193.95
41,477,5,f56a534521d0,B0_Native,1.0,0.921,0.0,0.0,0.0,36.35
41,477,5,f56a534521d0,B0_Random,1.0,0.8883,0.0,0.1289,0.2333,36.35
41,477,5,f56a534521d0,B1_Alpha,1.0,0.9219,0.0,0.3,0.5,36.35
41,477,5,f56a534521d0,B1_ReverseAlpha,1.0,0.9415,0.0,0.3,0.5,36.35
41,477,5,f56a534521d0,Rand_Marg_M2,1.0,0.9357,0.0,0.1,0.5,72.7
41,477,5,f56a534521d0,Rand_Marg_M3,1.0,0.9331,0.0,0.1,0.0,109.06
41,477,5,f56a534521d0,Rand_Marg_M5,1.0,0.9468,0.0,0.0,0.0,181.76
41,477,5,f56a534521d0,B2_Cyclic_M2,1.0,0.9478,0.0,0.0,0.0,72.7
41,477,5,f56a534521d0,B2_Cyclic_M3,1.0,0.948,0.0,0.0,0.0,109.06
41,477,5,f56a534521d0,B2_Cyclic_M5,1.0,0.9532,0.0,0.0,0.0,181.76
42,1653,5,1c268ed13b78,B0_Native,1.0,0.9424,0.0,0.0,0.0,48.56
42,1653,5,1c268ed13b78,B0_Random,1.0,0.967,0.0,0.12,0.2778,48.56
42,1653,5,1c268ed13b78,B1_Alpha,1.0,0.967,0.0,0.4,0.5,48.56
42,1653,5,1c268ed13b78,B1_ReverseAlpha,1.0,0.9571,0.0,0.4,0.5,48.56
42,1653,5,1c268ed13b78,Rand_Marg_M2,1.0,0.9462,0.0,0.0,0.0,97.12
42,1653,5,1c268ed13b78,Rand_Marg_M3,1.0,0.9463,0.0,0.1,0.0,145.68
42,1653,5,1c268ed13b78,Rand_Marg_M5,1.0,0.9474,0.0,0.1,0.5,242.81
42,1653,5,1c268ed13b78,B2_Cyclic_M2,1.0,0.9432,0.0,0.0,0.0,97.12
42,1653,5,1c268ed13b78,B2_Cyclic_M3,1.0,0.9442,0.0,0.0,0.0,145.68
42,1653,5,1c268ed13b78,B2_Cyclic_M5,1.0,0.952,0.0,0.0,0.0,242.81
43,2478,5,b74f3e84ea6c,B0_Native,1.0,0.6379,0.0,0.0,0.0,39.26
43,2478,5,b74f3e84ea6c,B0_Random,1.0,0.7743,0.0,0.0667,0.0,39.26
43,2478,5,b74f3e84ea6c,B1_Alpha,1.0,0.7311,0.0,0.1,0.0,39.26
43,2478,5,b74f3e84ea6c,B1_ReverseAlpha,1.0,0.7678,0.0,0.1,0.0,39.26
43,2478,5,b74f3e84ea6c,Rand_Marg_M2,1.0,0.8023,0.0,0.0,0.0,78.51
43,2478,5,b74f3e84ea6c,Rand_Marg_M3,1.0,0.7684,0.0,0.1,0.0,117.77
43,2478,5,b74f3e84ea6c,Rand_Marg_M5,1.0,0.7196,0.0,0.0,0.0,196.28
43,2478,5,b74f3e84ea6c,B2_Cyclic_M2,1.0,0.7272,0.0,0.0,0.0,78.51
43,2478,5,b74f3e84ea6c,B2_Cyclic_M3,1.0,0.6868,0.0,0.0,0.0,117.77
43,2478,5,b74f3e84ea6c,B2_Cyclic_M5,1.0,0.6973,0.0,0.0,0.0,196.28
44,1546,5,f02b96e37425,B0_Native,1.0,0.9673,0.0,0.0,0.0,38.46
44,1546,5,f02b96e37425,B0_Random,1.0,0.9673,0.0,0.0533,0.0,38.46
44,1546,5,f02b96e37425,B1_Alpha,1.0,0.9953,0.0,0.0,0.0,38.46
44,1546,5,f02b96e37425,B1_ReverseAlpha,1.0,0.966,0.0,0.0,0.0,38.46
44,1546,5,f02b96e37425,Rand_Marg_M2,1.0,0.9769,0.0,0.1,0.0,76.91
44,1546,5,f02b96e37425,Rand_Marg_M3,1.0,0.9559,0.0,0.1,0.0,115.37
44,1546,5,f02b96e37425,Rand_Marg_M5,1.0,0.9582,0.0,0.1,0.0,192.28
44,1546,5,f02b96e37425,B2_Cyclic_M2,1.0,0.9645,0.0,0.0,0.0,76.91
44,1546,5,f02b96e37425,B2_Cyclic_M3,1.0,0.9568,0.0,0.0,0.0,115.37
44,1546,5,f02b96e37425,B2_Cyclic_M5,1.0,0.9686,0.0,0.0,0.0,192.28
45,1631,5,bb51c161a044,B0_Native,1.0,0.637,0.0,0.0,0.0,41.12
45,1631,5,bb51c161a044,B0_Random,1.0,0.6954,0.0,0.0356,0.1778,41.12
45,1631,5,bb51c161a044,B1_Alpha,1.0,0.7132,0.0,0.1,0.5,41.12
45,1631,5,bb51c161a044,B1_ReverseAlpha,1.0,0.696,0.0,0.1,0.5,41.12
45,1631,5,bb51c161a044,Rand_Marg_M2,1.0,0.6852,0.0,0.1,0.5,82.23
45,1631,5,bb51c161a044,Rand_Marg_M3,1.0,0.6734,0.0,0.1,0.5,123.35
45,1631,5,bb51c161a044,Rand_Marg_M5,1.0,0.66,0.0,0.0,0.0,205.58
45,1631,5,bb51c161a044,B2_Cyclic_M2,1.0,0.6733,0.0,0.0,0.0,82.23
45,1631,5,bb51c161a044,B2_Cyclic_M3,1.0,0.6688,0.0,0.0,0.0,123.35
45,1631,5,bb51c161a044,B2_Cyclic_M5,1.0,0.6969,0.0,0.0,0.0,205.58
46,207,5,61dc2b6e7105,B0_Native,1.0,0.9992,0.0,0.0,0.0,50.58
46,207,5,61dc2b6e7105,B0_Random,1.0,0.9973,0.0,0.0267,0.0,50.58
46,207,5,61dc2b6e7105,B1_Alpha,1.0,0.9954,0.0,0.0,0.5,50.58
46,207,5,61dc2b6e7105,B1_ReverseAlpha,1.0,0.9996,0.0,0.0,0.5,50.58
46,207,5,61dc2b6e7105,Rand_Marg_M2,1.0,0.9976,0.0,0.1,0.0,101.15
46,207,5,61dc2b6e7105,Rand_Marg_M3,1.0,0.9946,0.0,0.0,0.0,151.73
46,207,5,61dc2b6e7105,Rand_Marg_M5,1.0,0.9955,0.0,0.0,0.0,252.88
46,207,5,61dc2b6e7105,B2_Cyclic_M2,1.0,0.9938,0.0,0.1,0.0,101.15
46,207,5,61dc2b6e7105,B2_Cyclic_M3,1.0,0.9925,0.0,0.0,0.0,151.73
46,207,5,61dc2b6e7105,B2_Cyclic_M5,1.0,0.995,0.0,0.0,0.0,252.88
47,663,5,3270d7aabc0f,B0_Native,1.0,0.9452,0.0,0.0,0.0,46.86
47,663,5,3270d7aabc0f,B0_Random,1.0,0.9648,0.0,0.1178,0.1,46.86
47,663,5,3270d7aabc0f,B1_Alpha,1.0,0.8542,0.0,0.1,0.5,46.86
47,663,5,3270d7aabc0f,B1_ReverseAlpha,1.0,0.8819,0.0,0.1,0.5,46.86
47,663,5,3270d7aabc0f,Rand_Marg_M2,1.0,0.9621,0.0,0.2,0.0,93.72
47,663,5,3270d7aabc0f,Rand_Marg_M3,1.0,0.9573,0.0,0.0,0.0,140.57
47,663,5,3270d7aabc0f,Rand_Marg_M5,1.0,0.9536,0.0,0.0,0.0,234.29
47,663,5,3270d7aabc0f,B2_Cyclic_M2,1.0,0.9405,0.0,0.0,0.0,93.72
47,663,5,3270d7aabc0f,B2_Cyclic_M3,1.0,0.9492,0.0,0.0,0.0,140.57
47,663,5,3270d7aabc0f,B2_Cyclic_M5,1.0,0.9439,0.0,0.0,0.0,234.29
48,1842,5,756d676390d8,B0_Native,1.0,0.9227,0.0,0.0,0.0,36.29
48,1842,5,756d676390d8,B0_Random,1.0,0.905,0.0,0.0756,0.2778,36.29
48,1842,5,756d676390d8,B1_Alpha,1.0,0.8383,0.0,0.1,0.5,36.29
48,1842,5,756d676390d8,B1_ReverseAlpha,1.0,0.9487,0.0,0.1,0.5,36.29
48,1842,5,756d676390d8,Rand_Marg_M2,1.0,0.8834,0.0,0.0,0.0,72.58
48,1842,5,756d676390d8,Rand_Marg_M3,1.0,0.8833,0.0,0.0,0.0,108.86
48,1842,5,756d676390d8,Rand_Marg_M5,1.0,0.8933,0.0,0.1,0.5,181.44
48,1842,5,756d676390d8,B2_Cyclic_M2,1.0,0.8963,0.0,0.0,0.0,72.58
48,1842,5,756d676390d8,B2_Cyclic_M3,1.0,0.902,0.0,0.0,0.0,108.86
48,1842,5,756d676390d8,B2_Cyclic_M5,1.0,0.912,0.0,0.0,0.0,181.44
49,554,5,f83052018b0a,B0_Native,1.0,0.3277,0.0,0.0,0.0,38.58
49,554,5,f83052018b0a,B0_Random,0.0,0.3383,0.6889,0.2111,0.2667,38.58
49,554,5,f83052018b0a,B1_Alpha,0.0,0.2918,1.0,0.3,0.5,38.58
49,554,5,f83052018b0a,B1_ReverseAlpha,1.0,0.3268,1.0,0.3,0.5,38.58
49,554,5,f83052018b0a,Rand_Marg_M2,0.0,0.2949,1.0,0.1,0.0,77.15
49,554,5,f83052018b0a,Rand_Marg_M3,0.0,0.2688,1.0,0.1,0.0,115.73
49,554,5,f83052018b0a,Rand_Marg_M5,0.0,0.2544,1.0,0.1,0.0,192.89
49,554,5,f83052018b0a,B2_Cyclic_M2,1.0,0.3105,1.0,0.1,0.0,77.15
49,554,5,f83052018b0a,B2_Cyclic_M3,1.0,0.292,1.0,0.1,0.0,115.73
49,554,5,f83052018b0a,B2_Cyclic_M5,1.0,0.2873,0.0,0.0,0.0,192.89
50,2254,5,5957e33574e3,B0_Native,1.0,0.3366,0.0,0.0,0.0,43.4
50,2254,5,5957e33574e3,B0_Random,1.0,0.2641,0.2,0.1156,0.1,43.4
50,2254,5,5957e33574e3,B1_Alpha,1.0,0.2332,0.0,0.1,0.0,43.4
50,2254,5,5957e33574e3,B1_ReverseAlpha,1.0,0.3443,0.0,0.1,0.0,43.4
50,2254,5,5957e33574e3,Rand_Marg_M2,1.0,0.2701,1.0,0.1,0.0,86.79
50,2254,5,5957e33574e3,Rand_Marg_M3,1.0,0.2703,0.0,0.1,0.0,130.19
50,2254,5,5957e33574e3,Rand_Marg_M5,1.0,0.2699,0.0,0.0,0.0,216.98
50,2254,5,5957e33574e3,B2_Cyclic_M2,1.0,0.3209,0.0,0.0,0.0,86.79
50,2254,5,5957e33574e3,B2_Cyclic_M3,1.0,0.3439,0.0,0.0,0.0,130.19
50,2254,5,5957e33574e3,B2_Cyclic_M5,1.0,0.3401,0.0,0.0,0.0,216.98
51,1796,5,dde053a692cd,B0_Native,1.0,0.9727,0.0,0.0,0.0,44.12
51,1796,5,dde053a692cd,B0_Random,1.0,0.9716,0.0,0.1267,0.1,44.12
51,1796,5,dde053a692cd,B1_Alpha,1.0,0.975,0.0,0.2,0.0,44.12
51,1796,5,dde053a692cd,B1_ReverseAlpha,1.0,0.9839,0.0,0.2,0.0,44.12
51,1796,5,dde053a692cd,Rand_Marg_M2,1.0,0.9798,0.0,0.1,0.0,88.23
51,1796,5,dde053a692cd,Rand_Marg_M3,1.0,0.9761,0.0,0.0,0.0,132.35
51,1796,5,dde053a692cd,Rand_Marg_M5,1.0,0.9783,0.0,0.2,0.0,220.58
51,1796,5,dde053a692cd,B2_Cyclic_M2,1.0,0.9698,0.0,0.1,0.0,88.23
51,1796,5,dde053a692cd,B2_Cyclic_M3,1.0,0.9753,0.0,0.0,0.0,132.35
51,1796,5,dde053a692cd,B2_Cyclic_M5,1.0,0.97,0.0,0.0,0.0,220.58
52,1700,5,a44a6ee68a02,B0_Native,1.0,0.9997,0.0,0.0,0.0,39.35
52,1700,5,a44a6ee68a02,B0_Random,1.0,0.9995,0.0,0.0756,0.2333,39.35
52,1700,5,a44a6ee68a02,B1_Alpha,1.0,0.9998,0.0,0.2,0.5,39.35
52,1700,5,a44a6ee68a02,B1_ReverseAlpha,1.0,0.9842,0.0,0.2,0.5,39.35
52,1700,5,a44a6ee68a02,Rand_Marg_M2,1.0,0.9995,0.0,0.1,0.5,78.71
52,1700,5,a44a6ee68a02,Rand_Marg_M3,1.0,0.9936,0.0,0.2,0.5,118.06
52,1700,5,a44a6ee68a02,Rand_Marg_M5,1.0,0.9961,0.0,0.0,0.0,196.77
52,1700,5,a44a6ee68a02,B2_Cyclic_M2,1.0,0.9998,0.0,0.0,0.5,78.71
52,1700,5,a44a6ee68a02,B2_Cyclic_M3,1.0,0.9998,0.0,0.0,0.5,118.06
52,1700,5,a44a6ee68a02,B2_Cyclic_M5,1.0,0.9998,0.0,0.0,0.0,196.77
53,2112,5,0334df6be5fa,B0_Native,1.0,0.8964,0.0,0.0,0.0,45.57
53,2112,5,0334df6be5fa,B0_Random,1.0,0.9328,0.0,0.0889,0.0,45.57
53,2112,5,0334df6be5fa,B1_Alpha,1.0,0.9287,0.0,0.1,0.0,45.57
53,2112,5,0334df6be5fa,B1_ReverseAlpha,1.0,0.8997,0.0,0.1,0.0,45.57
53,2112,5,0334df6be5fa,Rand_Marg_M2,1.0,0.9162,0.0,0.1,0.0,91.14
53,2112,5,0334df6be5fa,Rand_Marg_M3,1.0,0.9064,0.0,0.1,0.0,136.71
53,2112,5,0334df6be5fa,Rand_Marg_M5,1.0,0.903,0.0,0.0,0.0,227.86
53,2112,5,0334df6be5fa,B2_Cyclic_M2,1.0,0.9104,0.0,0.1,0.0,91.14
53,2112,5,0334df6be5fa,B2_Cyclic_M3,1.0,0.9181,0.0,0.1,0.0,136.71
53,2112,5,0334df6be5fa,B2_Cyclic_M5,1.0,0.9304,0.0,0.0,0.0,227.86
54,890,5,ccb40707f3cb,B0_Native,1.0,0.8258,0.0,0.0,0.0,42.16
54,890,5,ccb40707f3cb,B0_Random,1.0,0.8392,0.0,0.1289,0.3111,42.16
54,890,5,ccb40707f3cb,B1_Alpha,1.0,0.8993,0.0,0.1,0.5,42.16
54,890,5,ccb40707f3cb,B1_ReverseAlpha,1.0,0.8909,0.0,0.1,0.5,42.16
54,890,5,ccb40707f3cb,Rand_Marg_M2,1.0,0.8412,0.0,0.0,0.0,84.32
54,890,5,ccb40707f3cb,Rand_Marg_M3,1.0,0.8439,0.0,0.1,0.0,126.48
54,890,5,ccb40707f3cb,Rand_Marg_M5,1.0,0.84,0.0,0.1,0.0,210.8
54,890,5,ccb40707f3cb,B2_Cyclic_M2,1.0,0.8602,0.0,0.1,0.0,84.32
54,890,5,ccb40707f3cb,B2_Cyclic_M3,1.0,0.8694,0.0,0.0,0.0,126.48
54,890,5,ccb40707f3cb,B2_Cyclic_M5,1.0,0.8845,0.0,0.0,0.0,210.8
55,1880,5,37c579dd0a6c,B0_Native,1.0,0.9663,0.0,0.0,0.0,44.05
55,1880,5,37c579dd0a6c,B0_Random,1.0,0.9712,0.0,0.1,0.2667,44.05
55,1880,5,37c579dd0a6c,B1_Alpha,1.0,0.9696,0.0,0.2,0.5,44.05
55,1880,5,37c579dd0a6c,B1_ReverseAlpha,1.0,0.9875,0.0,0.2,0.5,44.05
55,1880,5,37c579dd0a6c,Rand_Marg_M2,1.0,0.9798,0.0,0.2,0.5,88.11
55,1880,5,37c579dd0a6c,Rand_Marg_M3,1.0,0.9774,0.0,0.0,0.0,132.16
55,1880,5,37c579dd0a6c,Rand_Marg_M5,1.0,0.9758,0.0,0.0,0.0,220.27
55,1880,5,37c579dd0a6c,B2_Cyclic_M2,1.0,0.9807,0.0,0.1,0.0,88.11
55,1880,5,37c579dd0a6c,B2_Cyclic_M3,1.0,0.9781,0.0,0.0,0.0,132.16
55,1880,5,37c579dd0a6c,B2_Cyclic_M5,1.0,0.9818,0.0,0.0,0.0,220.27
56,601,5,c6811c3cb864,B0_Native,1.0,0.6395,0.0,0.0,0.0,46.75
56,601,5,c6811c3cb864,B0_Random,1.0,0.6249,0.0,0.1467,0.3,46.75
56,601,5,c6811c3cb864,B1_Alpha,1.0,0.6856,0.0,0.2,0.5,46.75
56,601,5,c6811c3cb864,B1_ReverseAlpha,1.0,0.6684,0.0,0.2,0.5,46.75
56,601,5,c6811c3cb864,Rand_Marg_M2,1.0,0.6624,0.0,0.1,0.5,93.5
56,601,5,c6811c3cb864,Rand_Marg_M3,1.0,0.6751,0.0,0.1,0.0,140.25
56,601,5,c6811c3cb864,Rand_Marg_M5,1.0,0.6857,0.0,0.2,0.5,233.75
56,601,5,c6811c3cb864,B2_Cyclic_M2,1.0,0.6512,0.0,0.0,0.0,93.5
56,601,5,c6811c3cb864,B2_Cyclic_M3,1.0,0.6798,0.0,0.0,0.0,140.25
56,601,5,c6811c3cb864,B2_Cyclic_M5,1.0,0.6727,0.0,0.0,0.0,233.75
57,2810,5,9ebd95731f11,B0_Native,1.0,0.881,0.0,0.0,0.0,43.98
57,2810,5,9ebd95731f11,B0_Random,1.0,0.9328,0.0,0.0356,0.0,43.98
57,2810,5,9ebd95731f11,B1_Alpha,1.0,0.9684,0.0,0.1,0.0,43.98
57,2810,5,9ebd95731f11,B1_ReverseAlpha,1.0,0.9103,0.0,0.1,0.0,43.98
57,2810,5,9ebd95731f11,Rand_Marg_M2,1.0,0.9294,0.0,0.0,0.0,87.96
57,2810,5,9ebd95731f11,Rand_Marg_M3,1.0,0.9185,0.0,0.1,0.0,131.94
57,2810,5,9ebd95731f11,Rand_Marg_M5,1.0,0.9355,0.0,0.0,0.0,219.89
57,2810,5,9ebd95731f11,B2_Cyclic_M2,1.0,0.8704,0.0,0.0,0.0,87.96
57,2810,5,9ebd95731f11,B2_Cyclic_M3,1.0,0.8986,0.0,0.0,0.0,131.94
57,2810,5,9ebd95731f11,B2_Cyclic_M5,1.0,0.9173,0.0,0.0,0.0,219.89
58,2454,5,a3b05271eacb,B0_Native,1.0,0.9158,0.0,0.0,0.0,45.89
58,2454,5,a3b05271eacb,B0_Random,1.0,0.9981,0.0,0.0533,0.0,45.89
58,2454,5,a3b05271eacb,B1_Alpha,1.0,0.9963,0.0,0.2,0.5,45.89
58,2454,5,a3b05271eacb,B1_ReverseAlpha,1.0,0.9812,0.0,0.2,0.5,45.89
58,2454,5,a3b05271eacb,Rand_Marg_M2,1.0,0.9977,0.0,0.1,0.0,91.78
58,2454,5,a3b05271eacb,Rand_Marg_M3,1.0,0.9739,0.0,0.0,0.0,137.66
58,2454,5,a3b05271eacb,Rand_Marg_M5,1.0,0.978,0.0,0.1,0.0,229.44
58,2454,5,a3b05271eacb,B2_Cyclic_M2,1.0,0.8684,0.0,0.1,0.0,91.78
58,2454,5,a3b05271eacb,B2_Cyclic_M3,1.0,0.9108,0.0,0.1,0.0,137.66
58,2454,5,a3b05271eacb,B2_Cyclic_M5,1.0,0.9224,0.0,0.0,0.0,229.44
59,2641,5,7caadce17610,B0_Native,1.0,0.9996,0.0,0.0,0.0,44.65
59,2641,5,7caadce17610,B0_Random,1.0,0.9945,0.0,0.02,0.0,44.65
59,2641,5,7caadce17610,B1_Alpha,1.0,0.9989,0.0,0.0,0.0,44.65
59,2641,5,7caadce17610,B1_ReverseAlpha,1.0,0.9998,0.0,0.0,0.0,44.65
59,2641,5,7caadce17610,Rand_Marg_M2,1.0,0.9972,0.0,0.1,0.0,89.31
59,2641,5,7caadce17610,Rand_Marg_M3,1.0,0.9976,0.0,0.1,0.0,133.96
59,2641,5,7caadce17610,Rand_Marg_M5,1.0,0.9978,0.0,0.1,0.0,223.27
59,2641,5,7caadce17610,B2_Cyclic_M2,1.0,0.9998,0.0,0.0,0.0,89.31
59,2641,5,7caadce17610,B2_Cyclic_M3,1.0,0.9957,0.0,0.0,0.0,133.96
59,2641,5,7caadce17610,B2_Cyclic_M5,1.0,0.9974,0.0,0.0,0.0,223.27
60,733,5,3eff2d70b911,B0_Native,1.0,0.9996,0.0,0.0,0.0,46.71
60,733,5,3eff2d70b911,B0_Random,1.0,0.9996,0.0,0.0289,0.1889,46.71
60,733,5,3eff2d70b911,B1_Alpha,1.0,0.9991,0.0,0.0,0.0,46.71
60,733,5,3eff2d70b911,B1_ReverseAlpha,1.0,0.9988,0.0,0.0,0.0,46.71
60,733,5,3eff2d70b911,Rand_Marg_M2,1.0,0.999,0.0,0.1,0.5,93.42
60,733,5,3eff2d70b911,Rand_Marg_M3,1.0,0.9985,0.0,0.1,0.5,140.13
60,733,5,3eff2d70b911,Rand_Marg_M5,1.0,0.9988,0.0,0.2,0.5,233.56
60,733,5,3eff2d70b911,B2_Cyclic_M2,1.0,0.9994,0.0,0.0,0.5,93.42
60,733,5,3eff2d70b911,B2_Cyclic_M3,1.0,0.9983,0.0,0.0,0.0,140.13
60,733,5,3eff2d70b911,B2_Cyclic_M5,1.0,0.9988,0.0,0.0,0.0,233.56
61,1004,5,2331ada0404c,B0_Native,1.0,0.9955,0.0,0.0,0.0,46.85
61,1004,5,2331ada0404c,B0_Random,1.0,0.9993,0.0,0.0556,0.3667,46.85
61,1004,5,2331ada0404c,B1_Alpha,1.0,0.9987,0.0,0.1,0.5,46.85
61,1004,5,2331ada0404c,B1_ReverseAlpha,1.0,0.9968,0.0,0.1,0.5,46.85
61,1004,5,2331ada0404c,Rand_Marg_M2,1.0,0.9992,0.0,0.2,0.5,93.69
61,1004,5,2331ada0404c,Rand_Marg_M3,1.0,0.9992,0.0,0.0,0.0,140.54
61,1004,5,2331ada0404c,Rand_Marg_M5,1.0,0.9993,0.0,0.0,0.0,234.23
61,1004,5,2331ada0404c,B2_Cyclic_M2,1.0,0.9971,0.0,0.0,0.0,93.69
61,1004,5,2331ada0404c,B2_Cyclic_M3,1.0,0.9977,0.0,0.0,0.0,140.54
61,1004,5,2331ada0404c,B2_Cyclic_M5,1.0,0.9982,0.0,0.0,0.0,234.23
62,1342,5,74ebed986cb3,B0_Native,1.0,0.8579,0.0,0.0,0.0,51.42
62,1342,5,74ebed986cb3,B0_Random,1.0,0.9236,0.0,0.0756,0.0,51.42
62,1342,5,74ebed986cb3,B1_Alpha,1.0,0.9356,0.0,0.1,0.0,51.42
62,1342,5,74ebed986cb3,B1_ReverseAlpha,1.0,0.9481,0.0,0.1,0.0,51.42
62,1342,5,74ebed986cb3,Rand_Marg_M2,1.0,0.9585,0.0,0.1,0.0,102.84
62,1342,5,74ebed986cb3,Rand_Marg_M3,1.0,0.9358,0.0,0.1,0.0,154.26
62,1342,5,74ebed986cb3,Rand_Marg_M5,1.0,0.928,0.0,0.2,0.0,257.1
62,1342,5,74ebed986cb3,B2_Cyclic_M2,1.0,0.8901,0.0,0.1,0.0,102.84
62,1342,5,74ebed986cb3,B2_Cyclic_M3,1.0,0.917,0.0,0.0,0.0,154.26
62,1342,5,74ebed986cb3,B2_Cyclic_M5,1.0,0.9041,0.0,0.0,0.0,257.1
63,1973,5,d07ca01a1b85,B0_Native,1.0,0.3989,0.0,0.0,0.0,47.59
63,1973,5,d07ca01a1b85,B0_Random,1.0,0.4514,0.2,0.0756,0.0,47.59
63,1973,5,d07ca01a1b85,B1_Alpha,1.0,0.5836,0.0,0.1,0.0,47.59
63,1973,5,d07ca01a1b85,B1_ReverseAlpha,1.0,0.3989,0.0,0.1,0.0,47.59
63,1973,5,d07ca01a1b85,Rand_Marg_M2,1.0,0.5033,0.0,0.0,0.0,95.18
63,1973,5,d07ca01a1b85,Rand_Marg_M3,1.0,0.5668,0.0,0.0,0.0,142.77
63,1973,5,d07ca01a1b85,Rand_Marg_M5,1.0,0.5258,0.0,0.1,0.0,237.95
63,1973,5,d07ca01a1b85,B2_Cyclic_M2,1.0,0.513,0.0,0.0,0.0,95.18
63,1973,5,d07ca01a1b85,B2_Cyclic_M3,1.0,0.5732,0.0,0.0,0.0,142.77
63,1973,5,d07ca01a1b85,B2_Cyclic_M5,1.0,0.5745,0.0,0.0,0.0,237.95
64,2225,5,cb2bd768920a,B0_Native,1.0,0.9918,0.0,0.0,0.0,44.79
64,2225,5,cb2bd768920a,B0_Random,1.0,0.9853,0.0,0.1044,0.3,44.79
64,2225,5,cb2bd768920a,B1_Alpha,1.0,0.9967,0.0,0.1,0.5,44.79
64,2225,5,cb2bd768920a,B1_ReverseAlpha,1.0,0.994,0.0,0.1,0.5,44.79
64,2225,5,cb2bd768920a,Rand_Marg_M2,1.0,0.9853,0.0,0.0,0.0,89.58
64,2225,5,cb2bd768920a,Rand_Marg_M3,1.0,0.967,0.0,0.1,0.0,134.37
64,2225,5,cb2bd768920a,Rand_Marg_M5,1.0,0.9117,0.0,0.0,0.0,223.95
64,2225,5,cb2bd768920a,B2_Cyclic_M2,1.0,0.9958,0.0,0.0,0.0,89.58
64,2225,5,cb2bd768920a,B2_Cyclic_M3,1.0,0.9827,0.0,0.0,0.0,134.37
64,2225,5,cb2bd768920a,B2_Cyclic_M5,1.0,0.9895,0.0,0.0,0.0,223.95
65,2339,5,a1e22f6f1ddb,B0_Native,1.0,0.5866,0.0,0.0,0.0,51.2
65,2339,5,a1e22f6f1ddb,B0_Random,1.0,0.5562,0.0,0.0667,0.0,51.2
65,2339,5,a1e22f6f1ddb,B1_Alpha,1.0,0.5105,0.0,0.1,0.0,51.2
65,2339,5,a1e22f6f1ddb,B1_ReverseAlpha,1.0,0.7791,0.0,0.1,0.0,51.2
65,2339,5,a1e22f6f1ddb,Rand_Marg_M2,1.0,0.509,0.0,0.1,0.0,102.4
65,2339,5,a1e22f6f1ddb,Rand_Marg_M3,1.0,0.549,0.0,0.1,0.0,153.61
65,2339,5,a1e22f6f1ddb,Rand_Marg_M5,1.0,0.5576,0.0,0.0,0.0,256.01
65,2339,5,a1e22f6f1ddb,B2_Cyclic_M2,1.0,0.6381,0.0,0.0,0.0,102.4
65,2339,5,a1e22f6f1ddb,B2_Cyclic_M3,1.0,0.6288,0.0,0.0,0.0,153.61
65,2339,5,a1e22f6f1ddb,B2_Cyclic_M5,1.0,0.6615,0.0,0.0,0.0,256.01
66,849,5,045d33cd125a,B0_Native,1.0,0.8998,0.0,0.0,0.0,51.77
66,849,5,045d33cd125a,B0_Random,1.0,0.9373,0.0,0.1733,0.38,51.77
66,849,5,045d33cd125a,B1_Alpha,1.0,0.8868,0.0,0.2,0.0,51.77
66,849,5,045d33cd125a,B1_ReverseAlpha,1.0,0.9056,0.0,0.2,0.0,51.77
66,849,5,045d33cd125a,Rand_Marg_M2,1.0,0.9077,0.0,0.1,0.0,103.54
66,849,5,045d33cd125a,Rand_Marg_M3,1.0,0.893,0.0,0.1,0.0,155.32
66,849,5,045d33cd125a,Rand_Marg_M5,1.0,0.8989,0.0,0.2,0.5,258.86
66,849,5,045d33cd125a,B2_Cyclic_M2,1.0,0.8849,0.0,0.2,0.0,103.54
66,849,5,045d33cd125a,B2_Cyclic_M3,1.0,0.8936,0.0,0.1,0.0,155.32
66,849,5,045d33cd125a,B2_Cyclic_M5,1.0,0.911,0.0,0.0,0.0,258.86
67,2059,5,4f3c006e60f7,B0_Native,1.0,0.934,0.0,0.0,0.0,45.46
67,2059,5,4f3c006e60f7,B0_Random,1.0,0.9744,0.0,0.0356,0.0,45.46
67,2059,5,4f3c006e60f7,B1_Alpha,1.0,0.9721,0.0,0.1,0.0,45.46
67,2059,5,4f3c006e60f7,B1_ReverseAlpha,1.0,0.9354,0.0,0.1,0.0,45.46
67,2059,5,4f3c006e60f7,Rand_Marg_M2,1.0,0.9668,0.0,0.0,0.0,90.91
67,2059,5,4f3c006e60f7,Rand_Marg_M3,1.0,0.9714,0.0,0.0,0.0,136.37
67,2059,5,4f3c006e60f7,Rand_Marg_M5,1.0,0.977,0.0,0.0,0.0,227.28
67,2059,5,4f3c006e60f7,B2_Cyclic_M2,1.0,0.9511,0.0,0.0,0.0,90.91
67,2059,5,4f3c006e60f7,B2_Cyclic_M3,1.0,0.9599,0.0,0.0,0.0,136.37
67,2059,5,4f3c006e60f7,B2_Cyclic_M5,1.0,0.9669,0.0,0.0,0.0,227.28
68,1220,5,41a0e80099c2,B0_Native,1.0,0.9983,0.0,0.0,0.0,54.63
68,1220,5,41a0e80099c2,B0_Random,1.0,0.9999,0.0,0.0422,0.38,54.63
68,1220,5,41a0e80099c2,B1_Alpha,1.0,0.9998,0.0,0.0,0.5,54.63
68,1220,5,41a0e80099c2,B1_ReverseAlpha,1.0,0.996,0.0,0.0,0.5,54.63
68,1220,5,41a0e80099c2,Rand_Marg_M2,1.0,0.9972,0.0,0.1,0.5,109.26
68,1220,5,41a0e80099c2,Rand_Marg_M3,1.0,0.9981,0.0,0.4,0.5,163.9
68,1220,5,41a0e80099c2,Rand_Marg_M5,1.0,0.9941,0.0,0.1,0.5,273.16
68,1220,5,41a0e80099c2,B2_Cyclic_M2,1.0,0.9987,0.0,0.0,0.5,109.26
68,1220,5,41a0e80099c2,B2_Cyclic_M3,1.0,0.999,0.0,0.0,0.0,163.9
68,1220,5,41a0e80099c2,B2_Cyclic_M5,1.0,0.9992,0.0,0.0,0.0,273.16
69,3009,5,d77f96d2e2e6,B0_Native,1.0,0.9822,0.0,0.0,0.0,55.46
69,3009,5,d77f96d2e2e6,B0_Random,1.0,0.9956,0.0,0.0711,0.3933,55.46
69,3009,5,d77f96d2e2e6,B1_Alpha,1.0,0.9994,0.0,0.2,0.5,55.46
69,3009,5,d77f96d2e2e6,B1_ReverseAlpha,1.0,0.9651,0.0,0.2,0.5,55.46
69,3009,5,d77f96d2e2e6,Rand_Marg_M2,1.0,0.9841,0.0,0.1,0.5,110.92
69,3009,5,d77f96d2e2e6,Rand_Marg_M3,1.0,0.9886,0.0,0.1,0.5,166.38
69,3009,5,d77f96d2e2e6,Rand_Marg_M5,1.0,0.98,0.0,0.2,0.5,277.3
69,3009,5,d77f96d2e2e6,B2_Cyclic_M2,1.0,0.9133,0.0,0.1,0.5,110.92
69,3009,5,d77f96d2e2e6,B2_Cyclic_M3,1.0,0.9422,0.0,0.0,0.0,166.38
69,3009,5,d77f96d2e2e6,B2_Cyclic_M5,1.0,0.95,0.0,0.0,0.0,277.3
70,2013,5,324183ceab8a,B0_Native,1.0,0.9376,0.0,0.0,0.0,51.58
70,2013,5,324183ceab8a,B0_Random,1.0,0.9908,0.0,0.14,0.2333,51.58
70,2013,5,324183ceab8a,B1_Alpha,1.0,0.9808,0.0,0.1,0.0,51.58
70,2013,5,324183ceab8a,B1_ReverseAlpha,1.0,0.9317,0.0,0.1,0.0,51.58
70,2013,5,324183ceab8a,Rand_Marg_M2,1.0,0.986,0.0,0.2,0.0,103.16
70,2013,5,324183ceab8a,Rand_Marg_M3,1.0,0.9718,0.0,0.1,0.0,154.74
70,2013,5,324183ceab8a,Rand_Marg_M5,1.0,0.9783,0.0,0.1,0.0,257.9
70,2013,5,324183ceab8a,B2_Cyclic_M2,1.0,0.9606,0.0,0.0,0.0,103.16
70,2013,5,324183ceab8a,B2_Cyclic_M3,1.0,0.9666,0.0,0.0,0.0,154.74
70,2013,5,324183ceab8a,B2_Cyclic_M5,1.0,0.9735,0.0,0.0,0.0,257.9
71,2360,5,de3db147c084,B0_Native,0.0,0.6596,0.0,0.0,0.0,46.97
71,2360,5,de3db147c084,B0_Random,0.0,0.6247,0.0,0.1,0.0,46.97
71,2360,5,de3db147c084,B1_Alpha,0.0,0.6757,0.0,0.2,0.0,46.97
71,2360,5,de3db147c084,B1_ReverseAlpha,0.0,0.4566,0.0,0.2,0.0,46.97
71,2360,5,de3db147c084,Rand_Marg_M2,0.0,0.5358,0.0,0.1,0.0,93.94
71,2360,5,de3db147c084,Rand_Marg_M3,0.0,0.5194,0.0,0.2,0.0,140.91
71,2360,5,de3db147c084,Rand_Marg_M5,0.0,0.5167,0.0,0.1,0.0,234.85
71,2360,5,de3db147c084,B2_Cyclic_M2,0.0,0.6616,0.0,0.0,0.0,93.94
71,2360,5,de3db147c084,B2_Cyclic_M3,0.0,0.7051,0.0,0.0,0.0,140.91
71,2360,5,de3db147c084,B2_Cyclic_M5,0.0,0.6557,0.0,0.0,0.0,234.85
72,2554,5,288aa539dff4,B0_Native,1.0,0.9291,0.0,0.0,0.0,51.82
72,2554,5,288aa539dff4,B0_Random,1.0,0.9846,0.0,0.04,0.1,51.82
72,2554,5,288aa539dff4,B1_Alpha,1.0,0.9841,0.0,0.1,0.0,51.82
72,2554,5,288aa539dff4,B1_ReverseAlpha,1.0,0.9291,0.0,0.1,0.0,51.82
72,2554,5,288aa539dff4,Rand_Marg_M2,1.0,0.9335,0.0,0.0,0.0,103.64
72,2554,5,288aa539dff4,Rand_Marg_M3,1.0,0.9479,0.0,0.0,0.0,155.46
72,2554,5,288aa539dff4,Rand_Marg_M5,1.0,0.9558,0.0,0.0,0.0,259.1
72,2554,5,288aa539dff4,B2_Cyclic_M2,1.0,0.9531,0.0,0.1,0.0,103.64
72,2554,5,288aa539dff4,B2_Cyclic_M3,1.0,0.9626,0.0,0.1,0.0,155.46
72,2554,5,288aa539dff4,B2_Cyclic_M5,1.0,0.9665,0.0,0.0,0.0,259.1
73,1288,5,d3ec4c3e8f3b,B0_Native,1.0,0.8674,0.0,0.0,0.0,51.59
73,1288,5,d3ec4c3e8f3b,B0_Random,1.0,0.6348,0.0,0.04,0.1,51.59
73,1288,5,d3ec4c3e8f3b,B1_Alpha,1.0,0.8299,0.0,0.1,0.0,51.59
73,1288,5,d3ec4c3e8f3b,B1_ReverseAlpha,1.0,0.8674,0.0,0.1,0.0,51.59
73,1288,5,d3ec4c3e8f3b,Rand_Marg_M2,1.0,0.7151,0.0,0.0,0.0,103.17
73,1288,5,d3ec4c3e8f3b,Rand_Marg_M3,1.0,0.742,0.0,0.0,0.0,154.76
73,1288,5,d3ec4c3e8f3b,Rand_Marg_M5,1.0,0.7663,0.0,0.0,0.0,257.93
73,1288,5,d3ec4c3e8f3b,B2_Cyclic_M2,1.0,0.8002,0.0,0.0,0.0,103.17
73,1288,5,d3ec4c3e8f3b,B2_Cyclic_M3,1.0,0.7324,0.0,0.0,0.0,154.76
73,1288,5,d3ec4c3e8f3b,B2_Cyclic_M5,1.0,0.6851,0.0,0.0,0.0,257.93
74,1192,5,9a342cb10eb8,B0_Native,1.0,0.4881,0.0,0.0,0.0,60.3
74,1192,5,9a342cb10eb8,B0_Random,1.0,0.4935,0.0,0.1444,0.2689,60.3
74,1192,5,9a342cb10eb8,B1_Alpha,1.0,0.4578,0.0,0.1,0.0,60.3
74,1192,5,9a342cb10eb8,B1_ReverseAlpha,1.0,0.5196,0.0,0.1,0.0,60.3
74,1192,5,9a342cb10eb8,Rand_Marg_M2,1.0,0.5044,0.0,0.1,0.0,120.59
74,1192,5,9a342cb10eb8,Rand_Marg_M3,1.0,0.4771,0.0,0.1,0.0,180.89
74,1192,5,9a342cb10eb8,Rand_Marg_M5,1.0,0.4784,0.0,0.1,0.0,301.48
74,1192,5,9a342cb10eb8,B2_Cyclic_M2,1.0,0.4947,0.0,0.1,0.0,120.59
74,1192,5,9a342cb10eb8,B2_Cyclic_M3,1.0,0.4819,0.0,0.0,0.0,180.89
74,1192,5,9a342cb10eb8,B2_Cyclic_M5,1.0,0.4725,0.0,0.0,0.0,301.48
75,774,5,aeef179ba73d,B0_Native,0.0,0.3826,0.0,0.0,0.0,53.26
75,774,5,aeef179ba73d,B0_Random,1.0,0.3961,0.5333,0.1356,0.1778,53.26
75,774,5,aeef179ba73d,B1_Alpha,1.0,0.4107,0.0,0.1,0.5,53.26
75,774,5,aeef179ba73d,B1_ReverseAlpha,1.0,0.349,0.0,0.1,0.5,53.26
75,774,5,aeef179ba73d,Rand_Marg_M2,1.0,0.3955,0.0,0.1,0.0,106.52
75,774,5,aeef179ba73d,Rand_Marg_M3,1.0,0.3766,0.0,0.0,0.0,159.79
75,774,5,aeef179ba73d,Rand_Marg_M5,1.0,0.3581,0.0,0.0,0.0,266.31
75,774,5,aeef179ba73d,B2_Cyclic_M2,0.0,0.3981,1.0,0.2,0.0,106.52
75,774,5,aeef179ba73d,B2_Cyclic_M3,0.0,0.3696,1.0,0.1,0.0,159.79
75,774,5,aeef179ba73d,B2_Cyclic_M5,0.0,0.3745,0.0,0.0,0.0,266.31
76,2566,5,0087214a1d55,B0_Native,1.0,0.9766,0.0,0.0,0.0,52.53
76,2566,5,0087214a1d55,B0_Random,1.0,0.9916,0.0,0.0178,0.1,52.53
76,2566,5,0087214a1d55,B1_Alpha,1.0,0.9993,0.0,0.0,0.5,52.53
76,2566,5,0087214a1d55,B1_ReverseAlpha,1.0,0.9642,0.0,0.0,0.5,52.53
76,2566,5,0087214a1d55,Rand_Marg_M2,1.0,0.961,0.0,0.1,0.0,105.06
76,2566,5,0087214a1d55,Rand_Marg_M3,1.0,0.962,0.0,0.0,0.0,157.58
76,2566,5,0087214a1d55,Rand_Marg_M5,1.0,0.9734,0.0,0.0,0.0,262.64
76,2566,5,0087214a1d55,B2_Cyclic_M2,1.0,0.9879,0.0,0.0,0.0,105.06
76,2566,5,0087214a1d55,B2_Cyclic_M3,1.0,0.9916,0.0,0.0,0.0,157.58
76,2566,5,0087214a1d55,B2_Cyclic_M5,1.0,0.9924,0.0,0.0,0.0,262.64
77,2639,5,5a17e7737e14,B0_Native,1.0,0.9486,0.0,0.0,0.0,78.33
77,2639,5,5a17e7737e14,B0_Random,1.0,0.9983,0.0,0.0133,0.0,78.33
77,2639,5,5a17e7737e14,B1_Alpha,1.0,0.9662,0.0,0.0,0.0,78.33
77,2639,5,5a17e7737e14,B1_ReverseAlpha,1.0,0.9359,0.0,0.0,0.0,78.33
77,2639,5,5a17e7737e14,Rand_Marg_M2,1.0,0.9872,0.0,0.1,0.0,156.66
77,2639,5,5a17e7737e14,Rand_Marg_M3,1.0,0.9887,0.0,0.0,0.0,234.98
77,2639,5,5a17e7737e14,Rand_Marg_M5,1.0,0.9789,0.0,0.0,0.0,391.64
77,2639,5,5a17e7737e14,B2_Cyclic_M2,1.0,0.9708,0.0,0.0,0.0,156.66
77,2639,5,5a17e7737e14,B2_Cyclic_M3,1.0,0.9664,0.0,0.0,0.0,234.98
77,2639,5,5a17e7737e14,B2_Cyclic_M5,1.0,0.9682,0.0,0.0,0.0,391.64
78,1845,5,3b9a70b4309f,B0_Native,1.0,0.9949,0.0,0.0,0.0,47.88
78,1845,5,3b9a70b4309f,B0_Random,1.0,0.9885,0.0,0.0,0.1778,47.88
78,1845,5,3b9a70b4309f,B1_Alpha,1.0,0.9939,0.0,0.0,0.0,47.88
78,1845,5,3b9a70b4309f,B1_ReverseAlpha,1.0,0.9995,0.0,0.0,0.0,47.88
78,1845,5,3b9a70b4309f,Rand_Marg_M2,1.0,0.9937,0.0,0.0,0.0,95.75
78,1845,5,3b9a70b4309f,Rand_Marg_M3,1.0,0.992,0.0,0.0,0.0,143.63
78,1845,5,3b9a70b4309f,Rand_Marg_M5,1.0,0.9918,0.0,0.0,0.0,239.38
78,1845,5,3b9a70b4309f,B2_Cyclic_M2,1.0,0.9953,0.0,0.0,0.0,95.75
78,1845,5,3b9a70b4309f,B2_Cyclic_M3,1.0,0.9961,0.0,0.0,0.0,143.63
78,1845,5,3b9a70b4309f,B2_Cyclic_M5,1.0,0.9967,0.0,0.0,0.0,239.38
79,169,5,58ea92a0bbe7,B0_Native,1.0,0.3018,0.0,0.0,0.0,59.73
79,169,5,58ea92a0bbe7,B0_Random,1.0,0.344,0.3778,0.2311,0.3444,59.73
79,169,5,58ea92a0bbe7,B1_Alpha,1.0,0.3415,0.0,0.1,0.5,59.73
79,169,5,58ea92a0bbe7,B1_ReverseAlpha,1.0,0.2383,0.0,0.1,0.5,59.73
79,169,5,58ea92a0bbe7,Rand_Marg_M2,1.0,0.3629,0.0,0.1,0.5,119.46
79,169,5,58ea92a0bbe7,Rand_Marg_M3,1.0,0.3169,0.0,0.3,0.5,179.18
79,169,5,58ea92a0bbe7,Rand_Marg_M5,1.0,0.3283,0.0,0.3,0.5,298.64
79,169,5,58ea92a0bbe7,B2_Cyclic_M2,0.0,0.265,0.0,0.1,0.5,119.46
79,169,5,58ea92a0bbe7,B2_Cyclic_M3,0.0,0.2626,0.0,0.1,0.5,179.18
79,169,5,58ea92a0bbe7,B2_Cyclic_M5,1.0,0.2828,0.0,0.0,0.0,298.64
80,2367,5,9568314c92cb,B0_Native,1.0,0.973,0.0,0.0,0.0,52.24
80,2367,5,9568314c92cb,B0_Random,1.0,0.9833,0.0,0.0644,0.1,52.24
80,2367,5,9568314c92cb,B1_Alpha,1.0,0.9851,0.0,0.1,0.0,52.24
80,2367,5,9568314c92cb,B1_ReverseAlpha,1.0,0.9788,0.0,0.1,0.0,52.24
80,2367,5,9568314c92cb,Rand_Marg_M2,1.0,0.9907,0.0,0.0,0.0,104.48
80,2367,5,9568314c92cb,Rand_Marg_M3,1.0,0.9863,0.0,0.1,0.0,156.71
80,2367,5,9568314c92cb,Rand_Marg_M5,1.0,0.9551,0.0,0.0,0.0,261.19
80,2367,5,9568314c92cb,B2_Cyclic_M2,1.0,0.9752,0.0,0.0,0.0,104.48
80,2367,5,9568314c92cb,B2_Cyclic_M3,1.0,0.9753,0.0,0.0,0.0,156.71
80,2367,5,9568314c92cb,B2_Cyclic_M5,1.0,0.9824,0.0,0.0,0.0,261.19
81,1505,5,2072a4eaab43,B0_Native,1.0,0.9015,0.0,0.0,0.0,57.05
81,1505,5,2072a4eaab43,B0_Random,1.0,0.9742,0.0,0.1733,0.2778,57.05
81,1505,5,2072a4eaab43,B1_Alpha,1.0,0.9653,0.0,0.4,0.8,57.05
81,1505,5,2072a4eaab43,B1_ReverseAlpha,1.0,0.9508,0.0,0.4,0.8,57.05
81,1505,5,2072a4eaab43,Rand_Marg_M2,1.0,0.95,0.0,0.2,0.5,114.09
81,1505,5,2072a4eaab43,Rand_Marg_M3,1.0,0.9442,0.0,0.2,0.0,171.14
81,1505,5,2072a4eaab43,Rand_Marg_M5,1.0,0.9151,0.0,0.1,0.5,285.23
81,1505,5,2072a4eaab43,B2_Cyclic_M2,1.0,0.9323,0.0,0.0,0.0,114.09
81,1505,5,2072a4eaab43,B2_Cyclic_M3,1.0,0.9137,0.0,0.0,0.0,171.14
81,1505,5,2072a4eaab43,B2_Cyclic_M5,1.0,0.9325,0.0,0.0,0.0,285.23
82,478,5,65c92cc9988a,B0_Native,1.0,0.9888,0.0,0.0,0.0,63.32
82,478,5,65c92cc9988a,B0_Random,1.0,0.9933,0.0,0.0933,0.0,63.32
82,478,5,65c92cc9988a,B1_Alpha,1.0,0.9985,0.0,0.1,0.0,63.32
82,478,5,65c92cc9988a,B1_ReverseAlpha,1.0,0.9874,0.0,0.1,0.0,63.32
82,478,5,65c92cc9988a,Rand_Marg_M2,1.0,0.993,0.0,0.1,0.0,126.65
82,478,5,65c92cc9988a,Rand_Marg_M3,1.0,0.9873,0.0,0.1,0.0,189.97
82,478,5,65c92cc9988a,Rand_Marg_M5,1.0,0.9856,0.0,0.1,0.0,316.61
82,478,5,65c92cc9988a,B2_Cyclic_M2,1.0,0.9921,0.0,0.0,0.0,126.65
82,478,5,65c92cc9988a,B2_Cyclic_M3,1.0,0.9891,0.0,0.0,0.0,189.97
82,478,5,65c92cc9988a,B2_Cyclic_M5,1.0,0.9922,0.0,0.0,0.0,316.61
83,2160,5,56cb01814d08,B0_Native,0.0,0.4261,0.0,0.0,0.0,50.71
83,2160,5,56cb01814d08,B0_Random,0.0,0.7132,0.2,0.0667,0.2333,50.71
83,2160,5,56cb01814d08,B1_Alpha,0.0,0.4274,1.0,0.1,0.0,50.71
83,2160,5,56cb01814d08,B1_ReverseAlpha,0.0,0.4421,1.0,0.1,0.0,50.71
83,2160,5,56cb01814d08,Rand_Marg_M2,0.0,0.6449,0.0,0.1,0.5,101.41
83,2160,5,56cb01814d08,Rand_Marg_M3,0.0,0.5242,0.0,0.0,0.0,152.12
83,2160,5,56cb01814d08,Rand_Marg_M5,0.0,0.5699,0.0,0.0,0.0,253.53
83,2160,5,56cb01814d08,B2_Cyclic_M2,0.0,0.3684,0.0,0.0,0.0,101.41
83,2160,5,56cb01814d08,B2_Cyclic_M3,0.0,0.3827,1.0,0.1,0.0,152.12
83,2160,5,56cb01814d08,B2_Cyclic_M5,0.0,0.3588,0.0,0.0,0.0,253.53
84,1382,5,0d230d81ed7d,B0_Native,1.0,0.9677,0.0,0.0,0.0,60.14
84,1382,5,0d230d81ed7d,B0_Random,1.0,0.9045,0.0,0.1556,0.2556,60.14
84,1382,5,0d230d81ed7d,B1_Alpha,1.0,0.9078,0.0,0.1,0.0,60.14
84,1382,5,0d230d81ed7d,B1_ReverseAlpha,1.0,0.9655,0.0,0.1,0.0,60.14
84,1382,5,0d230d81ed7d,Rand_Marg_M2,1.0,0.9393,0.0,0.0,0.0,120.28
84,1382,5,0d230d81ed7d,Rand_Marg_M3,1.0,0.9234,0.0,0.0,0.0,180.41
84,1382,5,0d230d81ed7d,Rand_Marg_M5,1.0,0.9463,0.0,0.0,0.0,300.69
84,1382,5,0d230d81ed7d,B2_Cyclic_M2,1.0,0.973,0.0,0.0,0.0,120.28
84,1382,5,0d230d81ed7d,B2_Cyclic_M3,1.0,0.9593,0.0,0.0,0.0,180.41
84,1382,5,0d230d81ed7d,B2_Cyclic_M5,1.0,0.9671,0.0,0.0,0.0,300.69
85,345,5,047b9543f21a,B0_Native,1.0,0.6085,0.0,0.0,0.0,54.97
85,345,5,047b9543f21a,B0_Random,1.0,0.4742,0.0,0.0889,0.0,54.97
85,345,5,047b9543f21a,B1_Alpha,1.0,0.6085,0.0,0.1,0.0,54.97
85,345,5,047b9543f21a,B1_ReverseAlpha,1.0,0.6354,0.0,0.1,0.0,54.97
85,345,5,047b9543f21a,Rand_Marg_M2,1.0,0.5051,0.0,0.1,0.0,109.94
85,345,5,047b9543f21a,Rand_Marg_M3,1.0,0.5142,0.0,0.0,0.0,164.91
85,345,5,047b9543f21a,Rand_Marg_M5,1.0,0.5472,0.0,0.0,0.0,274.85
85,345,5,047b9543f21a,B2_Cyclic_M2,1.0,0.6578,0.0,0.1,0.0,109.94
85,345,5,047b9543f21a,B2_Cyclic_M3,1.0,0.6324,0.0,0.1,0.0,164.91
85,345,5,047b9543f21a,B2_Cyclic_M5,1.0,0.6301,0.0,0.0,0.0,274.85
86,957,5,982d4ebf5321,B0_Native,1.0,0.9998,0.0,0.0,0.0,55.26
86,957,5,982d4ebf5321,B0_Random,1.0,0.9993,0.0,0.0222,0.1778,55.26
86,957,5,982d4ebf5321,B1_Alpha,1.0,0.9999,0.0,0.0,0.0,55.26
86,957,5,982d4ebf5321,B1_ReverseAlpha,1.0,0.9989,0.0,0.0,0.0,55.26
86,957,5,982d4ebf5321,Rand_Marg_M2,1.0,0.9995,0.0,0.0,0.0,110.53
86,957,5,982d4ebf5321,Rand_Marg_M3,1.0,0.999,0.0,0.0,0.0,165.79
86,957,5,982d4ebf5321,Rand_Marg_M5,1.0,0.9986,0.0,0.1,0.5,276.31
86,957,5,982d4ebf5321,B2_Cyclic_M2,1.0,0.9999,0.0,0.0,0.0,110.53
86,957,5,982d4ebf5321,B2_Cyclic_M3,1.0,0.9998,0.0,0.0,0.0,165.79
86,957,5,982d4ebf5321,B2_Cyclic_M5,1.0,0.9999,0.0,0.0,0.0,276.31
87,1786,5,53858773b467,B0_Native,1.0,0.9728,0.0,0.0,0.0,59.82
87,1786,5,53858773b467,B0_Random,1.0,0.9773,0.0,0.1289,0.3556,59.82
87,1786,5,53858773b467,B1_Alpha,1.0,0.9654,0.0,0.2,0.5,59.82
87,1786,5,53858773b467,B1_ReverseAlpha,1.0,0.9866,0.0,0.2,0.5,59.82
87,1786,5,53858773b467,Rand_Marg_M2,1.0,0.9821,0.0,0.2,0.5,119.64
87,1786,5,53858773b467,Rand_Marg_M3,1.0,0.9835,0.0,0.1,0.5,179.47
87,1786,5,53858773b467,Rand_Marg_M5,1.0,0.9785,0.0,0.2,0.5,299.11
87,1786,5,53858773b467,B2_Cyclic_M2,1.0,0.9645,0.0,0.1,0.0,119.64
87,1786,5,53858773b467,B2_Cyclic_M3,1.0,0.9753,0.0,0.0,0.0,179.47
87,1786,5,53858773b467,B2_Cyclic_M5,1.0,0.9742,0.0,0.0,0.0,299.11
88,1191,5,c1acb10d0e25,B0_Native,1.0,0.3985,0.0,0.0,0.0,49.51
88,1191,5,c1acb10d0e25,B0_Random,1.0,0.3804,0.0,0.2111,0.3222,49.51
88,1191,5,c1acb10d0e25,B1_Alpha,1.0,0.5041,0.0,0.3,0.5,49.51
88,1191,5,c1acb10d0e25,B1_ReverseAlpha,1.0,0.3804,0.0,0.3,0.5,49.51
88,1191,5,c1acb10d0e25,Rand_Marg_M2,1.0,0.4604,0.0,0.0,0.0,99.02
88,1191,5,c1acb10d0e25,Rand_Marg_M3,1.0,0.4627,0.0,0.2,0.5,148.53
88,1191,5,c1acb10d0e25,Rand_Marg_M5,1.0,0.4526,0.0,0.1,0.5,247.55
88,1191,5,c1acb10d0e25,B2_Cyclic_M2,1.0,0.4379,0.0,0.2,0.5,99.02
88,1191,5,c1acb10d0e25,B2_Cyclic_M3,1.0,0.4452,0.0,0.0,0.0,148.53
88,1191,5,c1acb10d0e25,B2_Cyclic_M5,1.0,0.4304,0.0,0.0,0.0,247.55
89,696,5,cfb65cc36b72,B0_Native,0.0,0.4877,0.0,0.0,0.0,49.53
89,696,5,cfb65cc36b72,B0_Random,0.0,0.675,0.0,0.0533,0.0,49.53
89,696,5,cfb65cc36b72,B1_Alpha,0.0,0.6486,0.0,0.0,0.0,49.53
89,696,5,cfb65cc36b72,B1_ReverseAlpha,0.0,0.6167,0.0,0.0,0.0,49.53
89,696,5,cfb65cc36b72,Rand_Marg_M2,0.0,0.6619,0.0,0.1,0.0,99.07
89,696,5,cfb65cc36b72,Rand_Marg_M3,0.0,0.6457,0.0,0.0,0.0,148.6
89,696,5,cfb65cc36b72,Rand_Marg_M5,0.0,0.638,0.0,0.0,0.0,247.66
89,696,5,cfb65cc36b72,B2_Cyclic_M2,0.0,0.5092,0.0,0.0,0.0,99.07
89,696,5,cfb65cc36b72,B2_Cyclic_M3,0.0,0.5776,0.0,0.0,0.0,148.6
89,696,5,cfb65cc36b72,B2_Cyclic_M5,0.0,0.5972,0.0,0.0,0.0,247.66
90,1753,5,02a2a126b83a,B0_Native,0.0,0.4079,0.0,0.0,0.0,59.57
90,1753,5,02a2a126b83a,B0_Random,1.0,0.4382,0.3778,0.0933,0.0,59.57
90,1753,5,02a2a126b83a,B1_Alpha,0.0,0.3036,1.0,0.2,0.0,59.57
90,1753,5,02a2a126b83a,B1_ReverseAlpha,1.0,0.54,1.0,0.2,0.0,59.57
90,1753,5,02a2a126b83a,Rand_Marg_M2,1.0,0.3817,0.0,0.0,0.0,119.14
90,1753,5,02a2a126b83a,Rand_Marg_M3,1.0,0.4713,0.0,0.1,0.0,178.71
90,1753,5,02a2a126b83a,Rand_Marg_M5,1.0,0.4273,0.0,0.0,0.0,297.86
90,1753,5,02a2a126b83a,B2_Cyclic_M2,0.0,0.3562,1.0,0.1,0.0,119.14
90,1753,5,02a2a126b83a,B2_Cyclic_M3,1.0,0.3444,0.0,0.0,0.0,178.71
90,1753,5,02a2a126b83a,B2_Cyclic_M5,1.0,0.3392,0.0,0.0,0.0,297.86
91,2436,5,8117a06cf100,B0_Native,1.0,0.8475,0.0,0.0,0.0,48.41
91,2436,5,8117a06cf100,B0_Random,1.0,0.76,0.0,0.0733,0.1,48.41
91,2436,5,8117a06cf100,B1_Alpha,1.0,0.6579,0.0,0.3,0.5,48.41
91,2436,5,8117a06cf100,B1_ReverseAlpha,1.0,0.6852,0.0,0.3,0.5,48.41
91,2436,5,8117a06cf100,Rand_Marg_M2,1.0,0.7019,0.0,0.0,0.0,96.82
91,2436,5,8117a06cf100,Rand_Marg_M3,1.0,0.7087,0.0,0.1,0.0,145.24
91,2436,5,8117a06cf100,Rand_Marg_M5,1.0,0.7533,0.0,0.0,0.0,242.06
91,2436,5,8117a06cf100,B2_Cyclic_M2,1.0,0.84,0.0,0.1,0.0,96.82
91,2436,5,8117a06cf100,B2_Cyclic_M3,1.0,0.8251,0.0,0.0,0.0,145.24
91,2436,5,8117a06cf100,B2_Cyclic_M5,1.0,0.7721,0.0,0.0,0.0,242.06
92,726,5,dfbc77dbf7af,B0_Native,1.0,0.9995,0.0,0.0,0.0,41.85
92,726,5,dfbc77dbf7af,B0_Random,1.0,0.9999,0.0,0.0,0.3,41.85
92,726,5,dfbc77dbf7af,B1_Alpha,1.0,0.9999,0.0,0.0,0.5,41.85
92,726,5,dfbc77dbf7af,B1_ReverseAlpha,1.0,0.9975,0.0,0.0,0.5,41.85
92,726,5,dfbc77dbf7af,Rand_Marg_M2,1.0,0.9994,0.0,0.0,0.0,83.71
92,726,5,dfbc77dbf7af,Rand_Marg_M3,1.0,0.9995,0.0,0.0,0.0,125.56
92,726,5,dfbc77dbf7af,Rand_Marg_M5,1.0,0.9993,0.0,0.0,0.0,209.27
92,726,5,dfbc77dbf7af,B2_Cyclic_M2,1.0,0.9997,0.0,0.0,0.5,83.71
92,726,5,dfbc77dbf7af,B2_Cyclic_M3,1.0,0.9997,0.0,0.0,0.0,125.56
92,726,5,dfbc77dbf7af,B2_Cyclic_M5,1.0,0.9998,0.0,0.0,0.0,209.27
93,275,5,53fa6f9d06cc,B0_Native,1.0,0.3662,0.0,0.0,0.0,49.49
93,275,5,53fa6f9d06cc,B0_Random,1.0,0.3438,0.2,0.1444,0.3111,49.49
93,275,5,53fa6f9d06cc,B1_Alpha,1.0,0.3791,0.0,0.1,0.0,49.49
93,275,5,53fa6f9d06cc,B1_ReverseAlpha,1.0,0.3923,0.0,0.1,0.0,49.49
93,275,5,53fa6f9d06cc,Rand_Marg_M2,1.0,0.3521,0.0,0.0,0.0,98.99
93,275,5,53fa6f9d06cc,Rand_Marg_M3,1.0,0.373,0.0,0.1,0.0,148.48
93,275,5,53fa6f9d06cc,Rand_Marg_M5,1.0,0.3669,0.0,0.1,0.0,247.46
93,275,5,53fa6f9d06cc,B2_Cyclic_M2,1.0,0.3738,0.0,0.1,0.5,98.99
93,275,5,53fa6f9d06cc,B2_Cyclic_M3,1.0,0.3923,0.0,0.0,0.0,148.48
93,275,5,53fa6f9d06cc,B2_Cyclic_M5,1.0,0.3925,0.0,0.0,0.0,247.46
94,617,5,94b2c82ee1b6,B0_Native,1.0,0.4841,0.0,0.0,0.0,49.25
94,617,5,94b2c82ee1b6,B0_Random,1.0,0.7499,0.0,0.0,0.0,49.25
94,617,5,94b2c82ee1b6,B1_Alpha,1.0,0.5076,0.0,0.0,0.0,49.25
94,617,5,94b2c82ee1b6,B1_ReverseAlpha,1.0,0.4236,0.0,0.0,0.0,49.25
94,617,5,94b2c82ee1b6,Rand_Marg_M2,1.0,0.646,0.0,0.0,0.0,98.49
94,617,5,94b2c82ee1b6,Rand_Marg_M3,1.0,0.5813,0.0,0.0,0.0,147.74
94,617,5,94b2c82ee1b6,Rand_Marg_M5,1.0,0.5834,0.0,0.0,0.0,246.23
94,617,5,94b2c82ee1b6,B2_Cyclic_M2,1.0,0.5787,0.0,0.0,0.0,98.49
94,617,5,94b2c82ee1b6,B2_Cyclic_M3,1.0,0.5975,0.0,0.0,0.0,147.74
94,617,5,94b2c82ee1b6,B2_Cyclic_M5,1.0,0.6295,0.0,0.0,0.0,246.23
95,1618,5,dfeacb00362c,B0_Native,1.0,0.9696,0.0,0.0,0.0,51.15
95,1618,5,dfeacb00362c,B0_Random,1.0,0.8935,0.0,0.0733,0.0,51.15
95,1618,5,dfeacb00362c,B1_Alpha,1.0,0.9542,0.0,0.2,0.0,51.15
95,1618,5,dfeacb00362c,B1_ReverseAlpha,1.0,0.9328,0.0,0.2,0.0,51.15
95,1618,5,dfeacb00362c,Rand_Marg_M2,1.0,0.8946,0.0,0.2,0.0,102.31
95,1618,5,dfeacb00362c,Rand_Marg_M3,1.0,0.9213,0.0,0.1,0.0,153.46
95,1618,5,dfeacb00362c,Rand_Marg_M5,1.0,0.9432,0.0,0.2,0.0,255.77
95,1618,5,dfeacb00362c,B2_Cyclic_M2,1.0,0.9619,0.0,0.0,0.0,102.31
95,1618,5,dfeacb00362c,B2_Cyclic_M3,1.0,0.969,0.0,0.0,0.0,153.46
95,1618,5,dfeacb00362c,B2_Cyclic_M5,1.0,0.9754,0.0,0.0,0.0,255.77
96,2723,5,457367afc783,B0_Native,1.0,0.8436,0.0,0.0,0.0,56.4
96,2723,5,457367afc783,B0_Random,1.0,0.8542,0.0,0.0,0.0,56.4
96,2723,5,457367afc783,B1_Alpha,1.0,0.9242,0.0,0.0,0.0,56.4
96,2723,5,457367afc783,B1_ReverseAlpha,1.0,0.811,0.0,0.0,0.0,56.4
96,2723,5,457367afc783,Rand_Marg_M2,1.0,0.853,0.0,0.0,0.0,112.81
96,2723,5,457367afc783,Rand_Marg_M3,1.0,0.8464,0.0,0.0,0.0,169.21
96,2723,5,457367afc783,Rand_Marg_M5,1.0,0.832,0.0,0.0,0.0,282.01
96,2723,5,457367afc783,B2_Cyclic_M2,1.0,0.7973,0.0,0.0,0.0,112.81
96,2723,5,457367afc783,B2_Cyclic_M3,1.0,0.8102,0.0,0.0,0.0,169.21
96,2723,5,457367afc783,B2_Cyclic_M5,1.0,0.8305,0.0,0.0,0.0,282.01
97,59,5,470b379b87b7,B0_Native,0.0,0.5678,0.0,0.0,0.0,50.7
97,59,5,470b379b87b7,B0_Random,0.0,0.5426,0.2,0.0733,0.2667,50.7
97,59,5,470b379b87b7,B1_Alpha,0.0,0.5772,1.0,0.2,0.5,50.7
97,59,5,470b379b87b7,B1_ReverseAlpha,1.0,0.4607,1.0,0.2,0.5,50.7
97,59,5,470b379b87b7,Rand_Marg_M2,0.0,0.4994,0.0,0.0,0.0,101.41
97,59,5,470b379b87b7,Rand_Marg_M3,0.0,0.539,1.0,0.1,0.0,152.11
97,59,5,470b379b87b7,Rand_Marg_M5,0.0,0.4765,0.0,0.1,0.5,253.52
97,59,5,470b379b87b7,B2_Cyclic_M2,0.0,0.5396,0.0,0.0,0.0,101.41
97,59,5,470b379b87b7,B2_Cyclic_M3,0.0,0.5032,0.0,0.1,0.5,152.11
97,59,5,470b379b87b7,B2_Cyclic_M5,0.0,0.4549,0.0,0.0,0.0,253.52
98,1306,5,e7175546b6e0,B0_Native,1.0,0.9933,0.0,0.0,0.0,47.62
98,1306,5,e7175546b6e0,B0_Random,1.0,0.9966,0.0,0.0689,0.2667,47.62
98,1306,5,e7175546b6e0,B1_Alpha,1.0,0.9949,0.0,0.1,0.5,47.62
98,1306,5,e7175546b6e0,B1_ReverseAlpha,1.0,0.9976,0.0,0.1,0.5,47.62
98,1306,5,e7175546b6e0,Rand_Marg_M2,1.0,0.9942,0.0,0.0,0.5,95.23
98,1306,5,e7175546b6e0,Rand_Marg_M3,1.0,0.996,0.0,0.0,0.0,142.85
98,1306,5,e7175546b6e0,Rand_Marg_M5,1.0,0.9961,0.0,0.1,0.5,238.08
98,1306,5,e7175546b6e0,B2_Cyclic_M2,1.0,0.9924,0.0,0.1,0.5,95.23
98,1306,5,e7175546b6e0,B2_Cyclic_M3,1.0,0.9941,0.0,0.1,0.5,142.85
98,1306,5,e7175546b6e0,B2_Cyclic_M5,1.0,0.9948,0.0,0.0,0.0,238.08
99,2766,5,19aecfb63a3a,B0_Native,1.0,0.5365,0.0,0.0,0.0,48.56
99,2766,5,19aecfb63a3a,B0_Random,1.0,0.5005,0.0,0.1267,0.2733,48.56
99,2766,5,19aecfb63a3a,B1_Alpha,1.0,0.5969,0.0,0.2,0.5,48.56
99,2766,5,19aecfb63a3a,B1_ReverseAlpha,1.0,0.4345,0.0,0.2,0.5,48.56
99,2766,5,19aecfb63a3a,Rand_Marg_M2,1.0,0.4694,0.0,0.1,0.0,97.12
99,2766,5,19aecfb63a3a,Rand_Marg_M3,1.0,0.4948,0.0,0.0,0.0,145.67
99,2766,5,19aecfb63a3a,Rand_Marg_M5,1.0,0.5275,0.0,0.0,0.0,242.79
99,2766,5,19aecfb63a3a,B2_Cyclic_M2,1.0,0.4477,0.0,0.0,0.0,97.12
99,2766,5,19aecfb63a3a,B2_Cyclic_M3,1.0,0.4531,0.0,0.0,0.0,145.67
99,2766,5,19aecfb63a3a,B2_Cyclic_M5,1.0,0.4145,0.0,0.0,0.0,242.79
100,1826,5,7981de6eed7c,B0_Native,1.0,0.997,0.0,0.0,0.0,45.82
100,1826,5,7981de6eed7c,B0_Random,1.0,0.9864,0.0,0.0267,0.0,45.82
100,1826,5,7981de6eed7c,B1_Alpha,1.0,0.9076,0.0,0.2,0.5,45.82
100,1826,5,7981de6eed7c,B1_ReverseAlpha,1.0,0.9986,0.0,0.2,0.5,45.82
100,1826,5,7981de6eed7c,Rand_Marg_M2,1.0,0.9677,0.0,0.0,0.0,91.64
100,1826,5,7981de6eed7c,Rand_Marg_M3,1.0,0.9625,0.0,0.0,0.0,137.46
100,1826,5,7981de6eed7c,Rand_Marg_M5,1.0,0.961,0.0,0.0,0.0,229.11
100,1826,5,7981de6eed7c,B2_Cyclic_M2,1.0,0.9917,0.0,0.1,0.0,91.64
100,1826,5,7981de6eed7c,B2_Cyclic_M3,1.0,0.976,0.0,0.0,0.0,137.46
100,1826,5,7981de6eed7c,B2_Cyclic_M5,1.0,0.9848,0.0,0.0,0.0,229.11
101,1876,5,755494fc2cdd,B0_Native,1.0,0.9991,0.0,0.0,0.0,42.09
101,1876,5,755494fc2cdd,B0_Random,1.0,0.9964,0.0,0.0,0.0,42.09
101,1876,5,755494fc2cdd,B1_Alpha,1.0,0.9978,0.0,0.0,0.0,42.09
101,1876,5,755494fc2cdd,B1_ReverseAlpha,1.0,0.9593,0.0,0.0,0.0,42.09
101,1876,5,755494fc2cdd,Rand_Marg_M2,1.0,0.9978,0.0,0.0,0.0,84.17
101,1876,5,755494fc2cdd,Rand_Marg_M3,1.0,0.9983,0.0,0.0,0.0,126.26
101,1876,5,755494fc2cdd,Rand_Marg_M5,1.0,0.9959,0.0,0.0,0.0,210.44
101,1876,5,755494fc2cdd,B2_Cyclic_M2,1.0,0.9496,0.0,0.0,0.0,84.17
101,1876,5,755494fc2cdd,B2_Cyclic_M3,1.0,0.9301,0.0,0.0,0.0,126.26
101,1876,5,755494fc2cdd,B2_Cyclic_M5,1.0,0.945,0.0,0.0,0.0,210.44
102,3013,5,48cb5e488a21,B0_Native,1.0,0.9282,0.0,0.0,0.0,45.89
102,3013,5,48cb5e488a21,B0_Random,1.0,0.9767,0.0,0.1644,0.2556,45.89
102,3013,5,48cb5e488a21,B1_Alpha,1.0,0.9839,0.0,0.1,0.0,45.89
102,3013,5,48cb5e488a21,B1_ReverseAlpha,1.0,0.9492,0.0,0.1,0.0,45.89
102,3013,5,48cb5e488a21,Rand_Marg_M2,1.0,0.9668,0.0,0.1,0.0,91.78
102,3013,5,48cb5e488a21,Rand_Marg_M3,1.0,0.9652,0.0,0.1,0.0,137.66
102,3013,5,48cb5e488a21,Rand_Marg_M5,1.0,0.9735,0.0,0.2,0.0,229.44
102,3013,5,48cb5e488a21,B2_Cyclic_M2,1.0,0.9532,0.0,0.1,0.0,91.78
102,3013,5,48cb5e488a21,B2_Cyclic_M3,1.0,0.9573,0.0,0.1,0.0,137.66
102,3013,5,48cb5e488a21,B2_Cyclic_M5,1.0,0.9641,0.0,0.0,0.0,229.44
103,2948,5,62fa4665ae73,B0_Native,1.0,0.9155,0.0,0.0,0.0,54.24
103,2948,5,62fa4665ae73,B0_Random,1.0,0.9383,0.0,0.0356,0.0,54.24
103,2948,5,62fa4665ae73,B1_Alpha,1.0,0.9461,0.0,0.1,0.5,54.24
103,2948,5,62fa4665ae73,B1_ReverseAlpha,1.0,0.9452,0.0,0.1,0.5,54.24
103,2948,5,62fa4665ae73,Rand_Marg_M2,1.0,0.9398,0.0,0.1,0.0,108.49
103,2948,5,62fa4665ae73,Rand_Marg_M3,1.0,0.9441,0.0,0.0,0.0,162.73
103,2948,5,62fa4665ae73,Rand_Marg_M5,1.0,0.9463,0.0,0.0,0.0,271.22
103,2948,5,62fa4665ae73,B2_Cyclic_M2,1.0,0.9345,0.0,0.1,0.0,108.49
103,2948,5,62fa4665ae73,B2_Cyclic_M3,1.0,0.945,0.0,0.1,0.0,162.73
103,2948,5,62fa4665ae73,B2_Cyclic_M5,1.0,0.9496,0.0,0.0,0.0,271.22
104,1089,5,8721b24a07c1,B0_Native,1.0,0.8682,0.0,0.0,0.0,53.84
104,1089,5,8721b24a07c1,B0_Random,1.0,0.9226,0.0,0.1378,0.2667,53.84
104,1089,5,8721b24a07c1,B1_Alpha,1.0,0.8843,0.0,0.3,0.5,53.84
104,1089,5,8721b24a07c1,B1_ReverseAlpha,1.0,0.9186,0.0,0.3,0.5,53.84
104,1089,5,8721b24a07c1,Rand_Marg_M2,1.0,0.9138,0.0,0.1,0.0,107.69
104,1089,5,8721b24a07c1,Rand_Marg_M3,1.0,0.9262,0.0,0.2,0.5,161.53
104,1089,5,8721b24a07c1,Rand_Marg_M5,1.0,0.9139,0.0,0.1,0.5,269.22
104,1089,5,8721b24a07c1,B2_Cyclic_M2,1.0,0.9021,0.0,0.1,0.0,107.69
104,1089,5,8721b24a07c1,B2_Cyclic_M3,1.0,0.92,0.0,0.1,0.0,161.53
104,1089,5,8721b24a07c1,B2_Cyclic_M5,1.0,0.9169,0.0,0.0,0.0,269.22
105,2229,5,6152cb4cbe70,B0_Native,1.0,0.5087,0.0,0.0,0.0,42.74
105,2229,5,6152cb4cbe70,B0_Random,1.0,0.3469,0.0,0.0556,0.1,42.74
105,2229,5,6152cb4cbe70,B1_Alpha,1.0,0.3469,0.0,0.0,0.0,42.74
105,2229,5,6152cb4cbe70,B1_ReverseAlpha,1.0,0.4486,0.0,0.0,0.0,42.74
105,2229,5,6152cb4cbe70,Rand_Marg_M2,1.0,0.3181,0.0,0.0,0.0,85.48
105,2229,5,6152cb4cbe70,Rand_Marg_M3,1.0,0.3611,0.0,0.0,0.0,128.22
105,2229,5,6152cb4cbe70,Rand_Marg_M5,1.0,0.3466,0.0,0.0,0.0,213.7
105,2229,5,6152cb4cbe70,B2_Cyclic_M2,1.0,0.4047,0.0,0.2,0.5,85.48
105,2229,5,6152cb4cbe70,B2_Cyclic_M3,1.0,0.381,0.0,0.0,0.0,128.22
105,2229,5,6152cb4cbe70,B2_Cyclic_M5,1.0,0.3676,0.0,0.0,0.0,213.7
106,805,5,924a31abad1f,B0_Native,1.0,0.9802,0.0,0.0,0.0,44.55
106,805,5,924a31abad1f,B0_Random,1.0,0.9563,0.0,0.0,0.0,44.55
106,805,5,924a31abad1f,B1_Alpha,1.0,0.9566,0.0,0.1,0.0,44.55
106,805,5,924a31abad1f,B1_ReverseAlpha,1.0,0.982,0.0,0.1,0.0,44.55
106,805,5,924a31abad1f,Rand_Marg_M2,1.0,0.9696,0.0,0.0,0.0,89.11
106,805,5,924a31abad1f,Rand_Marg_M3,1.0,0.9592,0.0,0.0,0.0,133.66
106,805,5,924a31abad1f,Rand_Marg_M5,1.0,0.9588,0.0,0.0,0.0,222.76
106,805,5,924a31abad1f,B2_Cyclic_M2,1.0,0.9871,0.0,0.0,0.0,89.11
106,805,5,924a31abad1f,B2_Cyclic_M3,1.0,0.9857,0.0,0.0,0.0,133.66
106,805,5,924a31abad1f,B2_Cyclic_M5,1.0,0.9892,0.0,0.0,0.0,222.76
107,2296,5,7314a5bf1e6e,B0_Native,0.0,0.2754,0.0,0.0,0.0,45.74
107,2296,5,7314a5bf1e6e,B0_Random,0.0,0.288,0.6,0.1844,0.0,45.74
107,2296,5,7314a5bf1e6e,B1_Alpha,0.0,0.2637,0.0,0.2,0.0,45.74
107,2296,5,7314a5bf1e6e,B1_ReverseAlpha,0.0,0.3555,0.0,0.2,0.0,45.74
107,2296,5,7314a5bf1e6e,Rand_Marg_M2,0.0,0.2499,0.0,0.1,0.0,91.48
107,2296,5,7314a5bf1e6e,Rand_Marg_M3,0.0,0.2444,0.0,0.1,0.0,137.22
107,2296,5,7314a5bf1e6e,Rand_Marg_M5,0.0,0.2543,0.0,0.0,0.0,228.7
107,2296,5,7314a5bf1e6e,B2_Cyclic_M2,0.0,0.2808,0.0,0.1,0.0,91.48
107,2296,5,7314a5bf1e6e,B2_Cyclic_M3,0.0,0.2802,0.0,0.0,0.0,137.22
107,2296,5,7314a5bf1e6e,B2_Cyclic_M5,0.0,0.2648,0.0,0.0,0.0,228.7
108,2349,5,a50eaf28ffbb,B0_Native,1.0,0.9244,0.0,0.0,0.0,49.67
108,2349,5,a50eaf28ffbb,B0_Random,1.0,0.902,0.0,0.0956,0.2778,49.67
108,2349,5,a50eaf28ffbb,B1_Alpha,1.0,0.9688,0.0,0.2,0.5,49.67
108,2349,5,a50eaf28ffbb,B1_ReverseAlpha,1.0,0.911,0.0,0.2,0.5,49.67
108,2349,5,a50eaf28ffbb,Rand_Marg_M2,1.0,0.9194,0.0,0.1,0.5,99.35
108,2349,5,a50eaf28ffbb,Rand_Marg_M3,1.0,0.9114,0.0,0.1,0.5,149.02
108,2349,5,a50eaf28ffbb,Rand_Marg_M5,1.0,0.9078,0.0,0.1,0.5,248.37
108,2349,5,a50eaf28ffbb,B2_Cyclic_M2,1.0,0.9309,0.0,0.1,0.0,99.35
108,2349,5,a50eaf28ffbb,B2_Cyclic_M3,1.0,0.9367,0.0,0.0,0.0,149.02
108,2349,5,a50eaf28ffbb,B2_Cyclic_M5,1.0,0.934,0.0,0.0,0.0,248.37
109,558,5,e79b1dc3e8f3,B0_Native,1.0,0.9783,0.0,0.0,0.0,45.03
109,558,5,e79b1dc3e8f3,B0_Random,1.0,0.9969,0.0,0.2156,0.4511,45.03
109,558,5,e79b1dc3e8f3,B1_Alpha,1.0,0.9741,0.0,0.1,0.5,45.03
109,558,5,e79b1dc3e8f3,B1_ReverseAlpha,1.0,0.9989,0.0,0.1,0.5,45.03
109,558,5,e79b1dc3e8f3,Rand_Marg_M2,1.0,0.997,0.0,0.0,0.0,90.06
109,558,5,e79b1dc3e8f3,Rand_Marg_M3,1.0,0.996,0.0,0.3,0.5,135.08
109,558,5,e79b1dc3e8f3,Rand_Marg_M5,1.0,0.9944,0.0,0.1,0.0,225.14
109,558,5,e79b1dc3e8f3,B2_Cyclic_M2,1.0,0.9873,0.0,0.0,0.0,90.06
109,558,5,e79b1dc3e8f3,B2_Cyclic_M3,1.0,0.9865,0.0,0.1,0.0,135.08
109,558,5,e79b1dc3e8f3,B2_Cyclic_M5,1.0,0.987,0.0,0.0,0.0,225.14
110,2608,5,429c36192c99,B0_Native,1.0,0.8625,0.0,0.0,0.0,49.51
110,2608,5,429c36192c99,B0_Random,1.0,0.9848,0.0,0.0622,0.2333,49.51
110,2608,5,429c36192c99,B1_Alpha,1.0,0.9507,0.0,0.0,0.5,49.51
110,2608,5,429c36192c99,B1_ReverseAlpha,1.0,0.9427,0.0,0.0,0.5,49.51
110,2608,5,429c36192c99,Rand_Marg_M2,1.0,0.9847,0.0,0.1,0.0,99.03
110,2608,5,429c36192c99,Rand_Marg_M3,1.0,0.9811,0.0,0.0,0.0,148.54
110,2608,5,429c36192c99,Rand_Marg_M5,1.0,0.9769,0.0,0.0,0.0,247.57
110,2608,5,429c36192c99,B2_Cyclic_M2,1.0,0.9078,0.0,0.1,0.5,99.03
110,2608,5,429c36192c99,B2_Cyclic_M3,1.0,0.9326,0.0,0.0,0.0,148.54
110,2608,5,429c36192c99,B2_Cyclic_M5,1.0,0.9221,0.0,0.0,0.0,247.57
111,1965,5,9b76adb4ab84,B0_Native,1.0,0.5079,0.0,0.0,0.0,58.78
111,1965,5,9b76adb4ab84,B0_Random,1.0,0.4881,0.0,0.0822,0.2333,58.78
111,1965,5,9b76adb4ab84,B1_Alpha,1.0,0.6752,0.0,0.0,0.0,58.78
111,1965,5,9b76adb4ab84,B1_ReverseAlpha,1.0,0.5191,0.0,0.0,0.0,58.78
111,1965,5,9b76adb4ab84,Rand_Marg_M2,1.0,0.5384,0.0,0.0,0.0,117.57
111,1965,5,9b76adb4ab84,Rand_Marg_M3,1.0,0.532,0.0,0.0,0.0,176.35
111,1965,5,9b76adb4ab84,Rand_Marg_M5,1.0,0.5872,0.0,0.0,0.0,293.91
111,1965,5,9b76adb4ab84,B2_Cyclic_M2,1.0,0.5329,0.0,0.0,0.0,117.57
111,1965,5,9b76adb4ab84,B2_Cyclic_M3,1.0,0.5479,0.0,0.0,0.0,176.35
111,1965,5,9b76adb4ab84,B2_Cyclic_M5,1.0,0.4953,0.0,0.0,0.0,293.91
112,2500,5,b9e0fb5769c3,B0_Native,1.0,0.9996,0.0,0.0,0.0,40.36
112,2500,5,b9e0fb5769c3,B0_Random,1.0,0.9999,0.0,0.0378,0.4111,40.36
112,2500,5,b9e0fb5769c3,B1_Alpha,1.0,0.9997,0.0,0.0,0.8,40.36
112,2500,5,b9e0fb5769c3,B1_ReverseAlpha,1.0,0.9834,0.0,0.0,0.8,40.36
112,2500,5,b9e0fb5769c3,Rand_Marg_M2,1.0,0.9986,0.0,0.0,0.0,80.72
112,2500,5,b9e0fb5769c3,Rand_Marg_M3,1.0,0.998,0.0,0.3,0.5,121.08
112,2500,5,b9e0fb5769c3,Rand_Marg_M5,1.0,0.9965,0.0,0.1,0.0,201.79
112,2500,5,b9e0fb5769c3,B2_Cyclic_M2,1.0,0.9998,0.0,0.0,0.5,80.72
112,2500,5,b9e0fb5769c3,B2_Cyclic_M3,1.0,0.9979,0.0,0.0,0.0,121.08
112,2500,5,b9e0fb5769c3,B2_Cyclic_M5,1.0,0.9984,0.0,0.0,0.0,201.79
113,2086,5,4e2ead174604,B0_Native,1.0,0.4242,0.0,0.0,0.0,46.34
113,2086,5,4e2ead174604,B0_Random,1.0,0.5068,0.0,0.1689,0.3622,46.34
113,2086,5,4e2ead174604,B1_Alpha,1.0,0.6978,0.0,0.1,0.0,46.34
113,2086,5,4e2ead174604,B1_ReverseAlpha,1.0,0.6327,0.0,0.1,0.0,46.34
113,2086,5,4e2ead174604,Rand_Marg_M2,1.0,0.679,0.0,0.0,0.0,92.68
113,2086,5,4e2ead174604,Rand_Marg_M3,1.0,0.6182,0.0,0.1,0.5,139.02
113,2086,5,4e2ead174604,Rand_Marg_M5,1.0,0.6349,0.0,0.0,0.0,231.7
113,2086,5,4e2ead174604,B2_Cyclic_M2,1.0,0.6109,0.0,0.0,0.0,92.68
113,2086,5,4e2ead174604,B2_Cyclic_M3,1.0,0.6732,0.0,0.1,0.5,139.02
113,2086,5,4e2ead174604,B2_Cyclic_M5,1.0,0.6824,0.0,0.0,0.0,231.7
114,594,5,b9461908a4fe,B0_Native,1.0,0.4833,0.0,0.0,0.0,45.22
114,594,5,b9461908a4fe,B0_Random,1.0,0.5129,0.0,0.0533,0.0,45.22
114,594,5,b9461908a4fe,B1_Alpha,1.0,0.4149,0.0,0.1,0.0,45.22
114,594,5,b9461908a4fe,B1_ReverseAlpha,1.0,0.5255,0.0,0.1,0.0,45.22
114,594,5,b9461908a4fe,Rand_Marg_M2,1.0,0.5241,0.0,0.1,0.0,90.45
114,594,5,b9461908a4fe,Rand_Marg_M3,1.0,0.5363,0.0,0.0,0.0,135.67
114,594,5,b9461908a4fe,Rand_Marg_M5,1.0,0.5273,0.0,0.0,0.0,226.11
114,594,5,b9461908a4fe,B2_Cyclic_M2,1.0,0.4843,0.0,0.1,0.0,90.45
114,594,5,b9461908a4fe,B2_Cyclic_M3,1.0,0.5158,0.0,0.0,0.0,135.67
114,594,5,b9461908a4fe,B2_Cyclic_M5,1.0,0.5267,0.0,0.0,0.0,226.11
115,394,5,eaba954a307c,B0_Native,1.0,0.9213,0.0,0.0,0.0,44.0
115,394,5,eaba954a307c,B0_Random,1.0,0.8955,0.0,0.02,0.1,44.0
115,394,5,eaba954a307c,B1_Alpha,1.0,0.9092,0.0,0.0,0.0,44.0
115,394,5,eaba954a307c,B1_ReverseAlpha,1.0,0.9165,0.0,0.0,0.0,44.0
115,394,5,eaba954a307c,Rand_Marg_M2,1.0,0.9154,0.0,0.0,0.0,88.01
115,394,5,eaba954a307c,Rand_Marg_M3,1.0,0.9131,0.0,0.0,0.0,132.01
115,394,5,eaba954a307c,Rand_Marg_M5,1.0,0.9237,0.0,0.0,0.0,220.02
115,394,5,eaba954a307c,B2_Cyclic_M2,1.0,0.9128,0.0,0.0,0.0,88.01
115,394,5,eaba954a307c,B2_Cyclic_M3,1.0,0.9184,0.0,0.0,0.0,132.01
115,394,5,eaba954a307c,B2_Cyclic_M5,1.0,0.9395,0.0,0.0,0.0,220.02
116,759,5,6e113436b6e4,B0_Native,1.0,0.5141,0.0,0.0,0.0,66.7
116,759,5,6e113436b6e4,B0_Random,1.0,0.5367,0.4667,0.0667,0.0,66.7
116,759,5,6e113436b6e4,B1_Alpha,1.0,0.6162,0.0,0.1,0.0,66.7
116,759,5,6e113436b6e4,B1_ReverseAlpha,1.0,0.4538,0.0,0.1,0.0,66.7
116,759,5,6e113436b6e4,Rand_Marg_M2,1.0,0.5683,1.0,0.1,0.0,133.4
116,759,5,6e113436b6e4,Rand_Marg_M3,1.0,0.4925,0.0,0.0,0.0,200.11
116,759,5,6e113436b6e4,Rand_Marg_M5,1.0,0.4402,0.0,0.0,0.0,333.51
116,759,5,6e113436b6e4,B2_Cyclic_M2,1.0,0.5311,0.0,0.1,0.0,133.4
116,759,5,6e113436b6e4,B2_Cyclic_M3,1.0,0.5702,0.0,0.0,0.0,200.11
116,759,5,6e113436b6e4,B2_Cyclic_M5,1.0,0.6391,0.0,0.0,0.0,333.51
117,119,5,1f4835d97711,B0_Native,1.0,0.9692,0.0,0.0,0.0,44.27
117,119,5,1f4835d97711,B0_Random,1.0,0.9842,0.0,0.0178,0.3622,44.27
117,119,5,1f4835d97711,B1_Alpha,1.0,0.9806,0.0,0.0,0.5,44.27
117,119,5,1f4835d97711,B1_ReverseAlpha,1.0,1.0,0.0,0.0,0.5,44.27
117,119,5,1f4835d97711,Rand_Marg_M2,1.0,0.9912,0.0,0.0,0.0,88.54
117,119,5,1f4835d97711,Rand_Marg_M3,1.0,0.9941,0.0,0.0,0.0,132.81
117,119,5,1f4835d97711,Rand_Marg_M5,1.0,0.9947,0.0,0.0,0.5,221.35
117,119,5,1f4835d97711,B2_Cyclic_M2,1.0,0.9845,0.0,0.0,0.8,88.54
117,119,5,1f4835d97711,B2_Cyclic_M3,1.0,0.9897,0.0,0.0,0.8,132.81
117,119,5,1f4835d97711,B2_Cyclic_M5,1.0,0.9894,0.0,0.0,0.0,221.35
118,899,5,48b3a91e5051,B0_Native,1.0,0.7942,0.0,0.0,0.0,42.4
118,899,5,48b3a91e5051,B0_Random,1.0,0.8831,0.0,0.2822,0.4022,42.4
118,899,5,48b3a91e5051,B1_Alpha,1.0,0.7883,0.0,0.3,0.5,42.4
118,899,5,48b3a91e5051,B1_ReverseAlpha,1.0,0.9214,0.0,0.3,0.5,42.4
118,899,5,48b3a91e5051,Rand_Marg_M2,1.0,0.7774,0.0,0.4,0.5,84.79
118,899,5,48b3a91e5051,Rand_Marg_M3,1.0,0.8067,0.0,0.3,0.5,127.19
118,899,5,48b3a91e5051,Rand_Marg_M5,1.0,0.8618,0.0,0.2,0.5,211.98
118,899,5,48b3a91e5051,B2_Cyclic_M2,1.0,0.7774,0.0,0.0,0.0,84.79
118,899,5,48b3a91e5051,B2_Cyclic_M3,1.0,0.8028,0.0,0.0,0.0,127.19
118,899,5,48b3a91e5051,B2_Cyclic_M5,1.0,0.7919,0.0,0.0,0.0,211.98
119,2708,5,80360a4f8db6,B0_Native,1.0,0.6859,0.0,0.0,0.0,63.59
119,2708,5,80360a4f8db6,B0_Random,1.0,0.7592,0.0,0.1556,0.3111,63.59
119,2708,5,80360a4f8db6,B1_Alpha,1.0,0.7517,0.0,0.4,0.5,63.59
119,2708,5,80360a4f8db6,B1_ReverseAlpha,1.0,0.7466,0.0,0.4,0.5,63.59
119,2708,5,80360a4f8db6,Rand_Marg_M2,1.0,0.7944,0.0,0.0,0.0,127.18
119,2708,5,80360a4f8db6,Rand_Marg_M3,1.0,0.8066,0.0,0.1,0.0,190.77
119,2708,5,80360a4f8db6,Rand_Marg_M5,1.0,0.7876,0.0,0.1,0.0,317.96
119,2708,5,80360a4f8db6,B2_Cyclic_M2,1.0,0.7407,0.0,0.1,0.0,127.18
119,2708,5,80360a4f8db6,B2_Cyclic_M3,1.0,0.7486,0.0,0.0,0.0,190.77
119,2708,5,80360a4f8db6,B2_Cyclic_M5,1.0,0.7761,0.0,0.0,0.0,317.96
0,2843,10,6ae01f74dca4,B0_Native,1.0,0.9995,0.0,0.0,0.0,55.6
0,2843,10,6ae01f74dca4,B0_Random,1.0,1.0,0.0,0.0,0.2556,55.6
0,2843,10,6ae01f74dca4,B1_Alpha,1.0,0.997,0.0,0.0,0.5,55.6
0,2843,10,6ae01f74dca4,B1_ReverseAlpha,1.0,1.0,0.0,0.0,0.5,55.6
0,2843,10,6ae01f74dca4,Rand_Marg_M2,1.0,1.0,0.0,0.0,0.5,111.19
0,2843,10,6ae01f74dca4,Rand_Marg_M3,1.0,0.9997,0.0,0.0,0.5,166.79
0,2843,10,6ae01f74dca4,Rand_Marg_M5,1.0,0.9997,0.0,0.0,0.5,277.98
0,2843,10,6ae01f74dca4,B2_Cyclic_M2,1.0,0.9997,0.0,0.0444,0.5,111.19
0,2843,10,6ae01f74dca4,B2_Cyclic_M3,1.0,0.9998,0.0,0.0222,0.0,166.79
0,2843,10,6ae01f74dca4,B2_Cyclic_M5,1.0,0.9998,0.0,0.0444,0.0,277.98
1,480,10,0809ab8c6e4a,B0_Native,1.0,0.9919,0.0,0.0,0.0,59.78
1,480,10,0809ab8c6e4a,B0_Random,1.0,0.9987,0.0,0.1462,0.5711,59.78
1,480,10,0809ab8c6e4a,B1_Alpha,1.0,0.9791,0.0,0.3333,0.8,59.78
1,480,10,0809ab8c6e4a,B1_ReverseAlpha,1.0,0.9918,0.0,0.3333,0.8,59.78
1,480,10,0809ab8c6e4a,Rand_Marg_M2,1.0,0.9945,0.0,0.1778,0.8,119.57
1,480,10,0809ab8c6e4a,Rand_Marg_M3,1.0,0.9957,0.0,0.2,0.8,179.35
1,480,10,0809ab8c6e4a,Rand_Marg_M5,1.0,0.958,0.0,0.1556,0.5,298.92
1,480,10,0809ab8c6e4a,B2_Cyclic_M2,1.0,0.9947,0.0,0.0667,0.5,119.57
1,480,10,0809ab8c6e4a,B2_Cyclic_M3,1.0,0.9957,0.0,0.0444,0.5,179.35
1,480,10,0809ab8c6e4a,B2_Cyclic_M5,1.0,0.9962,0.0,0.0444,0.0,298.92
2,2973,10,2af0906f4915,B0_Native,1.0,0.9858,0.0,0.0,0.0,55.72
2,2973,10,2af0906f4915,B0_Random,1.0,0.9844,0.0,0.1264,0.3489,55.72
2,2973,10,2af0906f4915,B1_Alpha,1.0,0.9841,0.0,0.0889,0.0,55.72
2,2973,10,2af0906f4915,B1_ReverseAlpha,1.0,0.9376,0.0,0.0889,0.0,55.72
2,2973,10,2af0906f4915,Rand_Marg_M2,1.0,0.9797,0.0,0.1778,0.5,111.45
2,2973,10,2af0906f4915,Rand_Marg_M3,1.0,0.9759,0.0,0.1333,0.0,167.17
2,2973,10,2af0906f4915,Rand_Marg_M5,1.0,0.9467,0.0,0.1333,0.0,278.62
2,2973,10,2af0906f4915,B2_Cyclic_M2,1.0,0.9655,0.0,0.1333,0.5,111.45
2,2973,10,2af0906f4915,B2_Cyclic_M3,1.0,0.9566,0.0,0.0667,0.5,167.17
2,2973,10,2af0906f4915,B2_Cyclic_M5,1.0,0.9513,0.0,0.0222,0.0,278.62
3,1453,10,01fbfba2eef0,B0_Native,1.0,0.9727,0.0,0.0,0.0,56.69
3,1453,10,01fbfba2eef0,B0_Random,1.0,0.9838,0.0,0.0958,0.4022,56.69
3,1453,10,01fbfba2eef0,B1_Alpha,1.0,0.9687,0.0,0.2,0.8,56.69
3,1453,10,01fbfba2eef0,B1_ReverseAlpha,1.0,0.9777,0.0,0.2,0.8,56.69
3,1453,10,01fbfba2eef0,Rand_Marg_M2,1.0,0.9699,0.0,0.0444,0.5,113.38
3,1453,10,01fbfba2eef0,Rand_Marg_M3,1.0,0.9785,0.0,0.0222,0.0,170.06
3,1453,10,01fbfba2eef0,Rand_Marg_M5,1.0,0.9864,0.0,0.0444,0.5,283.44
3,1453,10,01fbfba2eef0,B2_Cyclic_M2,1.0,0.9784,0.0,0.0889,0.5,113.38
3,1453,10,01fbfba2eef0,B2_Cyclic_M3,1.0,0.9844,0.0,0.0667,0.5,170.06
3,1453,10,01fbfba2eef0,B2_Cyclic_M5,1.0,0.9776,0.0,0.0444,0.0,283.44
4,334,10,9fea3c64ed06,B0_Native,1.0,0.983,0.0,0.0,0.0,59.14
4,334,10,9fea3c64ed06,B0_Random,0.0,0.5765,0.2,0.0904,0.1889,59.14
4,334,10,9fea3c64ed06,B1_Alpha,1.0,0.9937,0.0,0.0444,0.0,59.14
4,334,10,9fea3c64ed06,B1_ReverseAlpha,1.0,0.9799,0.0,0.0444,0.0,59.14
4,334,10,9fea3c64ed06,Rand_Marg_M2,1.0,0.63,0.0,0.0889,0.5,118.28
4,334,10,9fea3c64ed06,Rand_Marg_M3,1.0,0.7228,0.0,0.0444,0.0,177.42
4,334,10,9fea3c64ed06,Rand_Marg_M5,1.0,0.8273,0.0,0.0889,0.0,295.7
4,334,10,9fea3c64ed06,B2_Cyclic_M2,1.0,0.9731,0.0,0.0222,0.0,118.28
4,334,10,9fea3c64ed06,B2_Cyclic_M3,1.0,0.9628,0.0,0.0,0.0,177.42
4,334,10,9fea3c64ed06,B2_Cyclic_M5,1.0,0.9707,0.0,0.0,0.0,295.7
5,2684,10,fa928ba208de,B0_Native,1.0,0.7566,0.0,0.0,0.0,59.81
5,2684,10,fa928ba208de,B0_Random,1.0,0.721,0.2,0.0563,0.2333,59.81
5,2684,10,fa928ba208de,B1_Alpha,1.0,0.8091,0.0,0.0444,0.5,59.81
5,2684,10,fa928ba208de,B1_ReverseAlpha,1.0,0.3997,0.0,0.0444,0.5,59.81
5,2684,10,fa928ba208de,Rand_Marg_M2,1.0,0.585,0.0,0.0667,0.0,119.63
5,2684,10,fa928ba208de,Rand_Marg_M3,1.0,0.6508,0.0,0.0889,0.5,179.44
5,2684,10,fa928ba208de,Rand_Marg_M5,1.0,0.5454,0.0,0.0222,0.5,299.07
5,2684,10,fa928ba208de,B2_Cyclic_M2,1.0,0.7368,0.0,0.0667,0.5,119.63
5,2684,10,fa928ba208de,B2_Cyclic_M3,1.0,0.8126,0.0,0.0667,0.5,179.44
5,2684,10,fa928ba208de,B2_Cyclic_M5,1.0,0.799,0.0,0.0667,0.0,299.07
6,1044,10,d5caa43a0380,B0_Native,1.0,0.2912,0.0,0.0,0.0,63.9
6,1044,10,d5caa43a0380,B0_Random,1.0,0.4017,0.3778,0.1309,0.0,63.9
6,1044,10,d5caa43a0380,B1_Alpha,1.0,0.2742,0.0,0.2,0.0,63.9
6,1044,10,d5caa43a0380,B1_ReverseAlpha,1.0,0.3188,0.0,0.2,0.0,63.9
6,1044,10,d5caa43a0380,Rand_Marg_M2,1.0,0.3591,0.0,0.1333,0.0,127.81
6,1044,10,d5caa43a0380,Rand_Marg_M3,1.0,0.3257,0.0,0.0889,0.0,191.71
6,1044,10,d5caa43a0380,Rand_Marg_M5,1.0,0.2912,0.0,0.0222,0.0,319.51
6,1044,10,d5caa43a0380,B2_Cyclic_M2,1.0,0.322,0.0,0.0444,0.0,127.81
6,1044,10,d5caa43a0380,B2_Cyclic_M3,1.0,0.3341,0.0,0.0222,0.0,191.71
6,1044,10,d5caa43a0380,B2_Cyclic_M5,1.0,0.296,0.0,0.0222,0.0,319.51
7,2190,10,2e8655d1deb9,B0_Native,0.0,0.4255,0.0,0.0,0.0,58.17
7,2190,10,2e8655d1deb9,B0_Random,1.0,0.9753,0.0,0.0593,0.0,58.17
7,2190,10,2e8655d1deb9,B1_Alpha,1.0,0.5221,0.0,0.0444,0.0,58.17
7,2190,10,2e8655d1deb9,B1_ReverseAlpha,1.0,0.9919,0.0,0.0444,0.0,58.17
7,2190,10,2e8655d1deb9,Rand_Marg_M2,1.0,0.8938,0.0,0.0444,0.0,116.34
7,2190,10,2e8655d1deb9,Rand_Marg_M3,1.0,0.9078,0.0,0.0,0.0,174.52
7,2190,10,2e8655d1deb9,Rand_Marg_M5,1.0,0.8839,0.0,0.0667,0.0,290.86
7,2190,10,2e8655d1deb9,B2_Cyclic_M2,1.0,0.5733,0.0,0.0222,0.0,116.34
7,2190,10,2e8655d1deb9,B2_Cyclic_M3,1.0,0.6527,0.0,0.0,0.0,174.52
7,2190,10,2e8655d1deb9,B2_Cyclic_M5,1.0,0.7247,0.0,0.0,0.0,290.86
8,684,10,563fe9865148,B0_Native,1.0,1.0,0.0,0.0,0.0,67.98
8,684,10,563fe9865148,B0_Random,1.0,1.0,0.0,0.0,0.1,67.98
8,684,10,563fe9865148,B1_Alpha,1.0,0.9999,0.0,0.0,0.0,67.98
8,684,10,563fe9865148,B1_ReverseAlpha,1.0,1.0,0.0,0.0,0.0,67.98
8,684,10,563fe9865148,Rand_Marg_M2,1.0,1.0,0.0,0.0,0.0,135.95
8,684,10,563fe9865148,Rand_Marg_M3,1.0,1.0,0.0,0.0,0.0,203.93
8,684,10,563fe9865148,Rand_Marg_M5,1.0,1.0,0.0,0.0,0.5,339.89
8,684,10,563fe9865148,B2_Cyclic_M2,1.0,1.0,0.0,0.0,0.5,135.95
8,684,10,563fe9865148,B2_Cyclic_M3,1.0,0.9989,0.0,0.0222,0.5,203.93
8,684,10,563fe9865148,B2_Cyclic_M5,1.0,0.9989,0.0,0.0444,0.0,339.89
9,2953,10,247e9e3ad1aa,B0_Native,1.0,0.9829,0.0,0.0,0.0,62.33
9,2953,10,247e9e3ad1aa,B0_Random,1.0,0.9989,0.0,0.0484,0.2333,62.33
9,2953,10,247e9e3ad1aa,B1_Alpha,1.0,0.9905,0.0,0.0444,0.5,62.33
9,2953,10,247e9e3ad1aa,B1_ReverseAlpha,1.0,0.9978,0.0,0.0444,0.5,62.33
9,2953,10,247e9e3ad1aa,Rand_Marg_M2,1.0,0.9984,0.0,0.0889,0.0,124.67
9,2953,10,247e9e3ad1aa,Rand_Marg_M3,1.0,0.9838,0.0,0.2667,0.0,187.0
9,2953,10,247e9e3ad1aa,Rand_Marg_M5,1.0,0.9892,0.0,0.3111,0.0,311.67
9,2953,10,247e9e3ad1aa,B2_Cyclic_M2,1.0,0.991,0.0,0.1333,0.0,124.67
9,2953,10,247e9e3ad1aa,B2_Cyclic_M3,1.0,0.9933,0.0,0.1111,0.0,187.0
9,2953,10,247e9e3ad1aa,B2_Cyclic_M5,1.0,0.9946,0.0,0.0889,0.0,311.67
10,985,10,e2d94c220c1f,B0_Native,1.0,0.8149,0.0,0.0,0.0,58.49
10,985,10,e2d94c220c1f,B0_Random,1.0,0.5633,0.4667,0.0454,0.1778,58.49
10,985,10,e2d94c220c1f,B1_Alpha,1.0,0.9314,0.0,0.0444,0.0,58.49
10,985,10,e2d94c220c1f,B1_ReverseAlpha,1.0,0.5842,0.0,0.0444,0.0,58.49
10,985,10,e2d94c220c1f,Rand_Marg_M2,1.0,0.7157,0.0,0.0222,0.0,116.98
10,985,10,e2d94c220c1f,Rand_Marg_M3,1.0,0.5481,0.0,0.0444,0.5,175.47
10,985,10,e2d94c220c1f,Rand_Marg_M5,1.0,0.5493,0.0,0.0444,0.5,292.46
10,985,10,e2d94c220c1f,B2_Cyclic_M2,1.0,0.8398,0.0,0.0222,0.0,116.98
10,985,10,e2d94c220c1f,B2_Cyclic_M3,1.0,0.6613,0.0,0.0444,0.0,175.47
10,985,10,e2d94c220c1f,B2_Cyclic_M5,1.0,0.7661,0.0,0.0222,0.0,292.46
11,2,10,b1476efe9c47,B0_Native,1.0,0.8587,0.0,0.0,0.0,58.9
11,2,10,b1476efe9c47,B0_Random,1.0,0.9572,0.0,0.1541,0.0,58.9
11,2,10,b1476efe9c47,B1_Alpha,1.0,0.8574,0.0,0.2222,0.0,58.9
11,2,10,b1476efe9c47,B1_ReverseAlpha,1.0,0.9688,0.0,0.2222,0.0,58.9
11,2,10,b1476efe9c47,Rand_Marg_M2,1.0,0.9509,0.0,0.0889,0.0,117.8
11,2,10,b1476efe9c47,Rand_Marg_M3,1.0,0.9511,0.0,0.1333,0.0,176.7
11,2,10,b1476efe9c47,Rand_Marg_M5,1.0,0.9675,0.0,0.0889,0.0,294.5
11,2,10,b1476efe9c47,B2_Cyclic_M2,1.0,0.9187,0.0,0.0667,0.0,117.8
11,2,10,b1476efe9c47,B2_Cyclic_M3,1.0,0.9497,0.0,0.1111,0.0,176.7
11,2,10,b1476efe9c47,B2_Cyclic_M5,1.0,0.9622,0.0,0.0667,0.0,294.5
12,281,10,ab34137b91a7,B0_Native,0.0,0.8332,0.0,0.0,0.0,57.48
12,281,10,ab34137b91a7,B0_Random,0.0,0.5728,0.0,0.119,0.1778,57.48
12,281,10,ab34137b91a7,B1_Alpha,0.0,0.653,0.0,0.1556,0.0,57.48
12,281,10,ab34137b91a7,B1_ReverseAlpha,0.0,0.8805,0.0,0.1556,0.0,57.48
12,281,10,ab34137b91a7,Rand_Marg_M2,0.0,0.6265,0.0,0.0889,0.0,114.97
12,281,10,ab34137b91a7,Rand_Marg_M3,0.0,0.611,0.0,0.0667,0.0,172.45
12,281,10,ab34137b91a7,Rand_Marg_M5,0.0,0.71,0.0,0.0,0.0,287.41
12,281,10,ab34137b91a7,B2_Cyclic_M2,0.0,0.8878,0.0,0.0667,0.5,114.97
12,281,10,ab34137b91a7,B2_Cyclic_M3,0.0,0.8805,0.0,0.0667,0.5,172.45
12,281,10,ab34137b91a7,B2_Cyclic_M5,0.0,0.8767,0.0,0.0444,0.5,287.41
13,45,10,78cb4f45454e,B0_Native,0.0,0.9924,0.0,0.0,0.0,64.61
13,45,10,78cb4f45454e,B0_Random,0.0,0.9962,0.0,0.0573,0.3444,64.61
13,45,10,78cb4f45454e,B1_Alpha,0.0,0.9869,0.0,0.1333,0.5,64.61
13,45,10,78cb4f45454e,B1_ReverseAlpha,0.0,0.948,0.0,0.1333,0.5,64.61
13,45,10,78cb4f45454e,Rand_Marg_M2,0.0,0.9951,0.0,0.0444,0.5,129.22
13,45,10,78cb4f45454e,Rand_Marg_M3,0.0,0.9929,0.0,0.0667,0.5,193.83
13,45,10,78cb4f45454e,Rand_Marg_M5,0.0,0.9796,0.0,0.0,0.0,323.05
13,45,10,78cb4f45454e,B2_Cyclic_M2,0.0,0.9942,0.0,0.0444,0.5,129.22
13,45,10,78cb4f45454e,B2_Cyclic_M3,0.0,0.9837,0.0,0.0222,0.5,193.83
13,45,10,78cb4f45454e,B2_Cyclic_M5,0.0,0.9901,0.0,0.0,0.0,323.05
14,373,10,47fb56850aa2,B0_Native,1.0,0.6202,0.0,0.0,0.0,57.79
14,373,10,47fb56850aa2,B0_Random,1.0,0.8969,0.0,0.1319,0.0,57.79
14,373,10,47fb56850aa2,B1_Alpha,1.0,0.8588,0.0,0.2444,0.0,57.79
14,373,10,47fb56850aa2,B1_ReverseAlpha,1.0,0.9861,0.0,0.2444,0.0,57.79
14,373,10,47fb56850aa2,Rand_Marg_M2,1.0,0.8687,0.0,0.2,0.0,115.58
14,373,10,47fb56850aa2,Rand_Marg_M3,1.0,0.8208,0.0,0.0667,0.0,173.37
14,373,10,47fb56850aa2,Rand_Marg_M5,1.0,0.873,0.0,0.1778,0.0,288.96
14,373,10,47fb56850aa2,B2_Cyclic_M2,1.0,0.7448,0.0,0.1333,0.0,115.58
14,373,10,47fb56850aa2,B2_Cyclic_M3,1.0,0.845,0.0,0.1333,0.0,173.37
14,373,10,47fb56850aa2,B2_Cyclic_M5,1.0,0.8807,0.0,0.0444,0.0,288.96
15,813,10,8a4583bf2e30,B0_Native,1.0,0.9992,0.0,0.0,0.0,59.14
15,813,10,8a4583bf2e30,B0_Random,1.0,0.9991,0.0,0.0094,0.4911,59.14
15,813,10,8a4583bf2e30,B1_Alpha,1.0,0.9996,0.0,0.0,0.5,59.14
15,813,10,8a4583bf2e30,B1_ReverseAlpha,1.0,0.9998,0.0,0.0,0.5,59.14
15,813,10,8a4583bf2e30,Rand_Marg_M2,1.0,0.9995,0.0,0.0222,0.5,118.29
15,813,10,8a4583bf2e30,Rand_Marg_M3,1.0,0.9996,0.0,0.0222,0.0,177.43
15,813,10,8a4583bf2e30,Rand_Marg_M5,1.0,0.9994,0.0,0.0222,0.0,295.72
15,813,10,8a4583bf2e30,B2_Cyclic_M2,1.0,0.9996,0.0,0.0,0.5,118.29
15,813,10,8a4583bf2e30,B2_Cyclic_M3,1.0,0.9997,0.0,0.0222,0.5,177.43
15,813,10,8a4583bf2e30,B2_Cyclic_M5,1.0,0.9996,0.0,0.0,0.0,295.72
16,1110,10,07a66359555b,B0_Native,1.0,0.8079,0.0,0.0,0.0,61.18
16,1110,10,07a66359555b,B0_Random,1.0,0.6418,0.0,0.1027,0.4644,61.18
16,1110,10,07a66359555b,B1_Alpha,1.0,0.6731,0.0,0.0667,0.5,61.18
16,1110,10,07a66359555b,B1_ReverseAlpha,1.0,0.7786,0.0,0.0667,0.5,61.18
16,1110,10,07a66359555b,Rand_Marg_M2,1.0,0.7787,0.0,0.0667,0.0,122.37
16,1110,10,07a66359555b,Rand_Marg_M3,1.0,0.7546,0.0,0.1333,0.5,183.55
16,1110,10,07a66359555b,Rand_Marg_M5,1.0,0.7965,0.0,0.0444,0.0,305.92
16,1110,10,07a66359555b,B2_Cyclic_M2,1.0,0.844,0.0,0.0444,0.5,122.37
16,1110,10,07a66359555b,B2_Cyclic_M3,1.0,0.8477,0.0,0.0444,0.5,183.55
16,1110,10,07a66359555b,B2_Cyclic_M5,1.0,0.8636,0.0,0.0889,0.5,305.92
17,158,10,40042e1a5847,B0_Native,1.0,0.8069,0.0,0.0,0.0,70.24
17,158,10,40042e1a5847,B0_Random,1.0,0.6194,0.0,0.1941,0.1,70.24
17,158,10,40042e1a5847,B1_Alpha,1.0,0.5199,0.0,0.2,0.0,70.24
17,158,10,40042e1a5847,B1_ReverseAlpha,1.0,0.8581,0.0,0.2,0.0,70.24
17,158,10,40042e1a5847,Rand_Marg_M2,1.0,0.7335,0.0,0.0444,0.0,140.48
17,158,10,40042e1a5847,Rand_Marg_M3,1.0,0.6746,0.0,0.0889,0.0,210.72
17,158,10,40042e1a5847,Rand_Marg_M5,1.0,0.5997,0.0,0.0222,0.0,351.2
17,158,10,40042e1a5847,B2_Cyclic_M2,1.0,0.7304,0.0,0.1778,0.0,140.48
17,158,10,40042e1a5847,B2_Cyclic_M3,1.0,0.6101,0.0,0.1111,0.0,210.72
17,158,10,40042e1a5847,B2_Cyclic_M5,1.0,0.5832,0.0,0.0444,0.0,351.2
18,1917,10,4d244dd52661,B0_Native,1.0,0.2438,0.0,0.0,0.0,64.12
18,1917,10,4d244dd52661,B0_Random,1.0,0.4453,0.2,0.2677,0.6267,64.12
18,1917,10,4d244dd52661,B1_Alpha,1.0,0.3906,0.0,0.4444,0.8,64.12
18,1917,10,4d244dd52661,B1_ReverseAlpha,1.0,0.5418,0.0,0.4444,0.8,64.12
18,1917,10,4d244dd52661,Rand_Marg_M2,1.0,0.5956,0.0,0.1556,0.5,128.24
18,1917,10,4d244dd52661,Rand_Marg_M3,1.0,0.5984,0.0,0.1333,0.5,192.35
18,1917,10,4d244dd52661,Rand_Marg_M5,1.0,0.5619,0.0,0.0667,0.5,320.59
18,1917,10,4d244dd52661,B2_Cyclic_M2,1.0,0.203,1.0,0.1333,0.5,128.24
18,1917,10,4d244dd52661,B2_Cyclic_M3,1.0,0.2261,0.0,0.0667,0.5,192.35
18,1917,10,4d244dd52661,B2_Cyclic_M5,0.0,0.235,1.0,0.0889,0.5,320.59
19,2911,10,bb519a91a4bb,B0_Native,1.0,0.6269,0.0,0.0,0.0,74.84
19,2911,10,bb519a91a4bb,B0_Random,0.0,0.5244,0.5333,0.0548,0.3222,74.84
19,2911,10,bb519a91a4bb,B1_Alpha,1.0,0.635,0.0,0.0889,0.5,74.84
19,2911,10,bb519a91a4bb,B1_ReverseAlpha,1.0,0.8357,0.0,0.0889,0.5,74.84
19,2911,10,bb519a91a4bb,Rand_Marg_M2,1.0,0.6069,0.0,0.0222,0.0,149.67
19,2911,10,bb519a91a4bb,Rand_Marg_M3,1.0,0.6546,0.0,0.0667,0.5,224.51
19,2911,10,bb519a91a4bb,Rand_Marg_M5,1.0,0.7273,1.0,0.0889,0.5,374.18
19,2911,10,bb519a91a4bb,B2_Cyclic_M2,1.0,0.5804,1.0,0.0667,0.0,149.67
19,2911,10,bb519a91a4bb,B2_Cyclic_M3,0.0,0.549,0.0,0.0,0.0,224.51
19,2911,10,bb519a91a4bb,B2_Cyclic_M5,0.0,0.5131,0.0,0.0222,0.0,374.18
20,2728,10,d8dfa3eec5cf,B0_Native,1.0,0.999,0.0,0.0,0.0,62.6
20,2728,10,d8dfa3eec5cf,B0_Random,1.0,0.993,0.0,0.0612,0.5778,62.6
20,2728,10,d8dfa3eec5cf,B1_Alpha,1.0,0.9998,0.0,0.0,0.0,62.6
20,2728,10,d8dfa3eec5cf,B1_ReverseAlpha,1.0,0.9993,0.0,0.0,0.0,62.6
20,2728,10,d8dfa3eec5cf,Rand_Marg_M2,1.0,0.9955,0.0,0.1778,0.8,125.19
20,2728,10,d8dfa3eec5cf,Rand_Marg_M3,1.0,0.9967,0.0,0.2222,0.8,187.79
20,2728,10,d8dfa3eec5cf,Rand_Marg_M5,1.0,0.9975,0.0,0.2444,0.8,312.98
20,2728,10,d8dfa3eec5cf,B2_Cyclic_M2,1.0,0.9994,0.0,0.0222,0.5,125.19
20,2728,10,d8dfa3eec5cf,B2_Cyclic_M3,1.0,0.9992,0.0,0.0,0.5,187.79
20,2728,10,d8dfa3eec5cf,B2_Cyclic_M5,1.0,0.9996,0.0,0.0667,0.5,312.98
21,2150,10,67fe0be1e785,B0_Native,1.0,1.0,0.0,0.0,0.0,57.05
21,2150,10,67fe0be1e785,B0_Random,1.0,1.0,0.0,0.0,0.0,57.05
21,2150,10,67fe0be1e785,B1_Alpha,1.0,1.0,0.0,0.0,0.0,57.05
21,2150,10,67fe0be1e785,B1_ReverseAlpha,1.0,1.0,0.0,0.0,0.0,57.05
21,2150,10,67fe0be1e785,Rand_Marg_M2,1.0,1.0,0.0,0.0,0.0,114.1
21,2150,10,67fe0be1e785,Rand_Marg_M3,1.0,1.0,0.0,0.0,0.0,171.14
21,2150,10,67fe0be1e785,Rand_Marg_M5,1.0,1.0,0.0,0.0,0.0,285.24
21,2150,10,67fe0be1e785,B2_Cyclic_M2,1.0,1.0,0.0,0.0,0.0,114.1
21,2150,10,67fe0be1e785,B2_Cyclic_M3,1.0,1.0,0.0,0.0,0.0,171.14
21,2150,10,67fe0be1e785,B2_Cyclic_M5,1.0,1.0,0.0,0.0,0.0,285.24
22,1424,10,9d09e5e60114,B0_Native,1.0,0.9596,0.0,0.0,0.0,64.16
22,1424,10,9d09e5e60114,B0_Random,1.0,0.8172,0.0,0.1328,0.1,64.16
22,1424,10,9d09e5e60114,B1_Alpha,1.0,0.9138,0.0,0.2444,0.0,64.16
22,1424,10,9d09e5e60114,B1_ReverseAlpha,1.0,0.9691,0.0,0.2444,0.0,64.16
22,1424,10,9d09e5e60114,Rand_Marg_M2,1.0,0.8489,0.0,0.2,0.0,128.32
22,1424,10,9d09e5e60114,Rand_Marg_M3,1.0,0.8008,0.0,0.1111,0.0,192.49
22,1424,10,9d09e5e60114,Rand_Marg_M5,1.0,0.8596,0.0,0.1333,0.0,320.81
22,1424,10,9d09e5e60114,B2_Cyclic_M2,1.0,0.9309,0.0,0.0444,0.0,128.32
22,1424,10,9d09e5e60114,B2_Cyclic_M3,1.0,0.9534,0.0,0.0667,0.5,192.49
22,1424,10,9d09e5e60114,B2_Cyclic_M5,1.0,0.9657,0.0,0.0667,0.0,320.81
23,573,10,6bd533a1935f,B0_Native,1.0,0.8689,0.0,0.0,0.0,64.98
23,573,10,6bd533a1935f,B0_Random,1.0,0.9929,0.0,0.1491,0.1889,64.98
23,573,10,6bd533a1935f,B1_Alpha,1.0,0.8481,0.0,0.2667,0.0,64.98
23,573,10,6bd533a1935f,B1_ReverseAlpha,1.0,0.9906,0.0,0.2667,0.0,64.98
23,573,10,6bd533a1935f,Rand_Marg_M2,1.0,0.9925,0.0,0.2222,0.0,129.95
23,573,10,6bd533a1935f,Rand_Marg_M3,1.0,0.9909,0.0,0.1333,0.0,194.93
23,573,10,6bd533a1935f,Rand_Marg_M5,1.0,0.9703,0.0,0.1333,0.0,324.88
23,573,10,6bd533a1935f,B2_Cyclic_M2,1.0,0.9248,0.0,0.2667,0.0,129.95
23,573,10,6bd533a1935f,B2_Cyclic_M3,1.0,0.9322,0.0,0.3111,0.0,194.93
23,573,10,6bd533a1935f,B2_Cyclic_M5,1.0,0.9324,0.0,0.2222,0.0,324.88
24,3064,10,3917b2e44911,B0_Native,1.0,0.7228,0.0,0.0,0.0,57.62
24,3064,10,3917b2e44911,B0_Random,1.0,0.8951,0.0,0.3457,0.6111,57.62
24,3064,10,3917b2e44911,B1_Alpha,1.0,0.6809,0.0,0.3111,0.5,57.62
24,3064,10,3917b2e44911,B1_ReverseAlpha,1.0,0.944,0.0,0.3111,0.5,57.62
24,3064,10,3917b2e44911,Rand_Marg_M2,1.0,0.9065,0.0,0.2222,0.5,115.23
24,3064,10,3917b2e44911,Rand_Marg_M3,1.0,0.9072,0.0,0.4222,0.8,172.85
24,3064,10,3917b2e44911,Rand_Marg_M5,1.0,0.8988,0.0,0.2444,0.5,288.09
24,3064,10,3917b2e44911,B2_Cyclic_M2,1.0,0.7693,0.0,0.2889,0.8,115.23
24,3064,10,3917b2e44911,B2_Cyclic_M3,1.0,0.8071,0.0,0.2889,0.8,172.85
24,3064,10,3917b2e44911,B2_Cyclic_M5,1.0,0.8508,0.0,0.1333,0.8,288.09
25,1834,10,99ba3a5d09ee,B0_Native,1.0,0.9773,0.0,0.0,0.0,61.91
25,1834,10,99ba3a5d09ee,B0_Random,1.0,0.9445,0.0,0.0193,0.3444,61.91
25,1834,10,99ba3a5d09ee,B1_Alpha,1.0,0.9837,0.0,0.0,0.5,61.91
25,1834,10,99ba3a5d09ee,B1_ReverseAlpha,1.0,1.0,0.0,0.0,0.5,61.91
25,1834,10,99ba3a5d09ee,Rand_Marg_M2,1.0,0.9705,0.0,0.0889,0.5,123.81
25,1834,10,99ba3a5d09ee,Rand_Marg_M3,1.0,0.9802,0.0,0.0667,0.0,185.72
25,1834,10,99ba3a5d09ee,Rand_Marg_M5,1.0,0.9877,0.0,0.0889,0.0,309.53
25,1834,10,99ba3a5d09ee,B2_Cyclic_M2,1.0,0.9833,0.0,0.0667,0.0,123.81
25,1834,10,99ba3a5d09ee,B2_Cyclic_M3,1.0,0.9845,0.0,0.0667,0.0,185.72
25,1834,10,99ba3a5d09ee,B2_Cyclic_M5,1.0,0.9714,0.0,0.0222,0.0,309.53
26,1574,10,2c019b558a3a,B0_Native,1.0,0.9967,0.0,0.0,0.0,64.71
26,1574,10,2c019b558a3a,B0_Random,1.0,0.9938,0.0,0.0395,0.4244,64.71
26,1574,10,2c019b558a3a,B1_Alpha,1.0,0.9996,0.0,0.0,0.5,64.71
26,1574,10,2c019b558a3a,B1_ReverseAlpha,1.0,1.0,0.0,0.0,0.5,64.71
26,1574,10,2c019b558a3a,Rand_Marg_M2,1.0,0.9942,0.0,0.0,0.0,129.41
26,1574,10,2c019b558a3a,Rand_Marg_M3,1.0,0.9952,0.0,0.0444,0.0,194.12
26,1574,10,2c019b558a3a,Rand_Marg_M5,1.0,0.9963,0.0,0.0444,0.0,323.53
26,1574,10,2c019b558a3a,B2_Cyclic_M2,1.0,0.9979,0.0,0.0,0.0,129.41
26,1574,10,2c019b558a3a,B2_Cyclic_M3,1.0,0.9978,0.0,0.0,0.0,194.12
26,1574,10,2c019b558a3a,B2_Cyclic_M5,1.0,0.9968,0.0,0.0,0.0,323.53
27,1717,10,60089dc46313,B0_Native,1.0,1.0,0.0,0.0,0.0,64.61
27,1717,10,60089dc46313,B0_Random,1.0,0.9986,0.0,0.0,0.16,64.61
27,1717,10,60089dc46313,B1_Alpha,1.0,1.0,0.0,0.0,0.0,64.61
27,1717,10,60089dc46313,B1_ReverseAlpha,1.0,1.0,0.0,0.0,0.0,64.61
27,1717,10,60089dc46313,Rand_Marg_M2,1.0,0.9993,0.0,0.0,0.8,129.23
27,1717,10,60089dc46313,Rand_Marg_M3,1.0,0.9995,0.0,0.0,0.8,193.84
27,1717,10,60089dc46313,Rand_Marg_M5,1.0,0.9997,0.0,0.0,0.8,323.07
27,1717,10,60089dc46313,B2_Cyclic_M2,1.0,1.0,0.0,0.0,0.0,129.23
27,1717,10,60089dc46313,B2_Cyclic_M3,1.0,1.0,0.0,0.0,0.0,193.84
27,1717,10,60089dc46313,B2_Cyclic_M5,1.0,1.0,0.0,0.0,0.5,323.07
28,1487,10,7d54139b1bd8,B0_Native,1.0,1.0,0.0,0.0,0.0,60.66
28,1487,10,7d54139b1bd8,B0_Random,1.0,1.0,0.0,0.0,0.0,60.66
28,1487,10,7d54139b1bd8,B1_Alpha,1.0,1.0,0.0,0.0,0.0,60.66
28,1487,10,7d54139b1bd8,B1_ReverseAlpha,1.0,1.0,0.0,0.0,0.0,60.66
28,1487,10,7d54139b1bd8,Rand_Marg_M2,1.0,1.0,0.0,0.0,0.0,121.33
28,1487,10,7d54139b1bd8,Rand_Marg_M3,1.0,1.0,0.0,0.0,0.0,181.99
28,1487,10,7d54139b1bd8,Rand_Marg_M5,1.0,1.0,0.0,0.0,0.0,303.32
28,1487,10,7d54139b1bd8,B2_Cyclic_M2,1.0,1.0,0.0,0.0,0.0,121.33
28,1487,10,7d54139b1bd8,B2_Cyclic_M3,1.0,1.0,0.0,0.0,0.0,181.99
28,1487,10,7d54139b1bd8,B2_Cyclic_M5,1.0,1.0,0.0,0.0,0.0,303.32
29,1385,10,f4834d2fc985,B0_Native,1.0,1.0,0.0,0.0,0.0,61.37
29,1385,10,f4834d2fc985,B0_Random,1.0,1.0,0.0,0.0,0.0,61.37
29,1385,10,f4834d2fc985,B1_Alpha,1.0,1.0,0.0,0.0,0.0,61.37
29,1385,10,f4834d2fc985,B1_ReverseAlpha,1.0,0.9999,0.0,0.0,0.0,61.37
29,1385,10,f4834d2fc985,Rand_Marg_M2,1.0,0.9999,0.0,0.0,0.0,122.74
29,1385,10,f4834d2fc985,Rand_Marg_M3,1.0,1.0,0.0,0.0,0.0,184.1
29,1385,10,f4834d2fc985,Rand_Marg_M5,1.0,1.0,0.0,0.0,0.0,306.84
29,1385,10,f4834d2fc985,B2_Cyclic_M2,1.0,0.9996,0.0,0.0,0.5,122.74
29,1385,10,f4834d2fc985,B2_Cyclic_M3,1.0,0.9999,0.0,0.0,0.0,184.1
29,1385,10,f4834d2fc985,B2_Cyclic_M5,1.0,0.9999,0.0,0.0,0.5,306.84
30,1139,10,ebc0661a731b,B0_Native,1.0,0.9769,0.0,0.0,0.0,73.1
30,1139,10,ebc0661a731b,B0_Random,1.0,0.9985,0.0,0.1126,0.3667,73.1
30,1139,10,ebc0661a731b,B1_Alpha,1.0,0.9768,0.0,0.3111,0.5,73.1
30,1139,10,ebc0661a731b,B1_ReverseAlpha,1.0,0.9867,0.0,0.3111,0.5,73.1
30,1139,10,ebc0661a731b,Rand_Marg_M2,1.0,0.9945,0.0,0.2667,0.5,146.21
30,1139,10,ebc0661a731b,Rand_Marg_M3,1.0,0.9831,0.0,0.0667,0.0,219.31
30,1139,10,ebc0661a731b,Rand_Marg_M5,1.0,0.9827,0.0,0.1111,0.5,365.52
30,1139,10,ebc0661a731b,B2_Cyclic_M2,1.0,0.9665,0.0,0.1778,0.5,146.21
30,1139,10,ebc0661a731b,B2_Cyclic_M3,1.0,0.9748,0.0,0.1333,0.0,219.31
30,1139,10,ebc0661a731b,B2_Cyclic_M5,1.0,0.9551,0.0,0.1111,0.5,365.52
31,2773,10,0d28a5270d07,B0_Native,1.0,0.9765,0.0,0.0,0.0,73.0
31,2773,10,0d28a5270d07,B0_Random,1.0,0.9957,0.0,0.1625,0.3222,73.0
31,2773,10,0d28a5270d07,B1_Alpha,1.0,0.997,0.0,0.2667,0.5,73.0
31,2773,10,0d28a5270d07,B1_ReverseAlpha,1.0,0.8763,0.0,0.2667,0.5,73.0
31,2773,10,0d28a5270d07,Rand_Marg_M2,1.0,0.8979,0.0,0.1333,0.5,146.01
31,2773,10,0d28a5270d07,Rand_Marg_M3,1.0,0.9114,0.0,0.1333,0.0,219.01
31,2773,10,0d28a5270d07,Rand_Marg_M5,1.0,0.8901,0.0,0.1778,0.5,365.01
31,2773,10,0d28a5270d07,B2_Cyclic_M2,1.0,0.9086,0.0,0.1556,0.0,146.01
31,2773,10,0d28a5270d07,B2_Cyclic_M3,1.0,0.8565,0.0,0.0222,0.0,219.01
31,2773,10,0d28a5270d07,B2_Cyclic_M5,1.0,0.8258,0.0,0.1111,0.0,365.01
32,89,10,509fc712947e,B0_Native,1.0,1.0,0.0,0.0,0.0,62.02
32,89,10,509fc712947e,B0_Random,1.0,1.0,0.0,0.0054,0.3022,62.02
32,89,10,509fc712947e,B1_Alpha,1.0,1.0,0.0,0.0,0.0,62.02
32,89,10,509fc712947e,B1_ReverseAlpha,1.0,1.0,0.0,0.0,0.0,62.02
32,89,10,509fc712947e,Rand_Marg_M2,1.0,1.0,0.0,0.0,0.5,124.04
32,89,10,509fc712947e,Rand_Marg_M3,1.0,1.0,0.0,0.0,0.5,186.06
32,89,10,509fc712947e,Rand_Marg_M5,1.0,0.9995,0.0,0.1111,0.5,310.11
32,89,10,509fc712947e,B2_Cyclic_M2,1.0,1.0,0.0,0.0,0.0,124.04
32,89,10,509fc712947e,B2_Cyclic_M3,1.0,1.0,0.0,0.0,0.0,186.06
32,89,10,509fc712947e,B2_Cyclic_M5,1.0,1.0,0.0,0.0,0.0,310.11
33,413,10,cd8cd72d1611,B0_Native,1.0,0.8703,0.0,0.0,0.0,58.96
33,413,10,cd8cd72d1611,B0_Random,1.0,0.8944,0.0,0.0923,0.3667,58.96
33,413,10,cd8cd72d1611,B1_Alpha,1.0,0.8637,0.0,0.1333,0.5,58.96
33,413,10,cd8cd72d1611,B1_ReverseAlpha,1.0,0.9258,0.0,0.1333,0.5,58.96
33,413,10,cd8cd72d1611,Rand_Marg_M2,1.0,0.9168,0.0,0.0444,0.0,117.92
33,413,10,cd8cd72d1611,Rand_Marg_M3,1.0,0.8447,0.0,0.1111,0.5,176.88
33,413,10,cd8cd72d1611,Rand_Marg_M5,1.0,0.8586,0.0,0.0889,0.5,294.81
33,413,10,cd8cd72d1611,B2_Cyclic_M2,1.0,0.8698,0.0,0.0889,0.5,117.92
33,413,10,cd8cd72d1611,B2_Cyclic_M3,1.0,0.9032,0.0,0.1111,0.5,176.88
33,413,10,cd8cd72d1611,B2_Cyclic_M5,1.0,0.9091,0.0,0.0222,0.5,294.81
34,181,10,4239ff3f7a68,B0_Native,1.0,1.0,0.0,0.0,0.0,69.93
34,181,10,4239ff3f7a68,B0_Random,1.0,1.0,0.0,0.0,0.0,69.93
34,181,10,4239ff3f7a68,B1_Alpha,1.0,0.9984,0.0,0.0,0.5,69.93
34,181,10,4239ff3f7a68,B1_ReverseAlpha,1.0,1.0,0.0,0.0,0.5,69.93
34,181,10,4239ff3f7a68,Rand_Marg_M2,1.0,1.0,0.0,0.0,0.0,139.86
34,181,10,4239ff3f7a68,Rand_Marg_M3,1.0,1.0,0.0,0.0,0.0,209.79
34,181,10,4239ff3f7a68,Rand_Marg_M5,1.0,1.0,0.0,0.0,0.0,349.66
34,181,10,4239ff3f7a68,B2_Cyclic_M2,1.0,1.0,0.0,0.0,0.0,139.86
34,181,10,4239ff3f7a68,B2_Cyclic_M3,1.0,1.0,0.0,0.0,0.0,209.79
34,181,10,4239ff3f7a68,B2_Cyclic_M5,1.0,1.0,0.0,0.0,0.0,349.66
35,2282,10,0d280028e10d,B0_Native,1.0,0.9954,0.0,0.0,0.0,74.01
35,2282,10,0d280028e10d,B0_Random,1.0,0.9806,0.0,0.117,0.3467,74.01
35,2282,10,0d280028e10d,B1_Alpha,1.0,0.9796,0.0,0.1778,0.8,74.01
35,2282,10,0d280028e10d,B1_ReverseAlpha,1.0,0.9988,0.0,0.1778,0.8,74.01
35,2282,10,0d280028e10d,Rand_Marg_M2,1.0,0.9883,0.0,0.1556,0.5,148.02
35,2282,10,0d280028e10d,Rand_Marg_M3,1.0,0.9918,0.0,0.0889,0.5,222.03
35,2282,10,0d280028e10d,Rand_Marg_M5,1.0,0.9942,0.0,0.0889,0.0,370.05
35,2282,10,0d280028e10d,B2_Cyclic_M2,1.0,0.9926,0.0,0.1333,0.5,148.02
35,2282,10,0d280028e10d,B2_Cyclic_M3,1.0,0.9921,0.0,0.0667,0.5,222.03
35,2282,10,0d280028e10d,B2_Cyclic_M5,1.0,0.9903,0.0,0.1111,0.0,370.05
36,245,10,03cdb29d3d04,B0_Native,1.0,0.3385,0.0,0.0,0.0,70.78
36,245,10,03cdb29d3d04,B0_Random,0.0,0.3187,0.5333,0.1269,0.2556,70.78
36,245,10,03cdb29d3d04,B1_Alpha,0.0,0.3558,1.0,0.1556,0.0,70.78
36,245,10,03cdb29d3d04,B1_ReverseAlpha,1.0,0.2913,1.0,0.1556,0.0,70.78
36,245,10,03cdb29d3d04,Rand_Marg_M2,0.0,0.3194,1.0,0.0667,0.0,141.56
36,245,10,03cdb29d3d04,Rand_Marg_M3,0.0,0.2994,1.0,0.0667,0.0,212.34
36,245,10,03cdb29d3d04,Rand_Marg_M5,1.0,0.375,1.0,0.0889,0.0,353.89
36,245,10,03cdb29d3d04,B2_Cyclic_M2,1.0,0.3396,0.0,0.0444,0.0,141.56
36,245,10,03cdb29d3d04,B2_Cyclic_M3,1.0,0.3155,0.0,0.0667,0.0,212.34
36,245,10,03cdb29d3d04,B2_Cyclic_M5,1.0,0.3205,0.0,0.0222,0.0,353.89
37,2620,10,91840892a684,B0_Native,1.0,0.8806,0.0,0.0,0.0,63.88
37,2620,10,91840892a684,B0_Random,1.0,0.9768,0.0,0.1778,0.4267,63.88
37,2620,10,91840892a684,B1_Alpha,1.0,0.9465,0.0,0.1556,0.5,63.88
37,2620,10,91840892a684,B1_ReverseAlpha,1.0,0.9393,0.0,0.1556,0.5,63.88
37,2620,10,91840892a684,Rand_Marg_M2,1.0,0.9815,0.0,0.2444,0.5,127.76
37,2620,10,91840892a684,Rand_Marg_M3,1.0,0.9773,0.0,0.0222,0.0,191.64
37,2620,10,91840892a684,Rand_Marg_M5,1.0,0.9316,0.0,0.1778,0.5,319.41
37,2620,10,91840892a684,B2_Cyclic_M2,1.0,0.9306,0.0,0.0444,0.0,127.76
37,2620,10,91840892a684,B2_Cyclic_M3,1.0,0.9495,0.0,0.0667,0.0,191.64
37,2620,10,91840892a684,B2_Cyclic_M5,1.0,0.9581,0.0,0.0222,0.0,319.41
38,1244,10,9182bdbbba53,B0_Native,0.0,0.2262,0.0,0.0,0.0,61.86
38,1244,10,9182bdbbba53,B0_Random,1.0,0.2064,0.4667,0.1615,0.3289,61.86
38,1244,10,9182bdbbba53,B1_Alpha,0.0,0.236,1.0,0.1778,0.5,61.86
38,1244,10,9182bdbbba53,B1_ReverseAlpha,1.0,0.2439,1.0,0.1778,0.5,61.86
38,1244,10,9182bdbbba53,Rand_Marg_M2,0.0,0.232,0.0,0.1111,0.0,123.72
38,1244,10,9182bdbbba53,Rand_Marg_M3,0.0,0.2247,0.0,0.0889,0.0,185.58
38,1244,10,9182bdbbba53,Rand_Marg_M5,0.0,0.2532,1.0,0.0667,0.0,309.31
38,1244,10,9182bdbbba53,B2_Cyclic_M2,0.0,0.2491,0.0,0.0667,0.0,123.72
38,1244,10,9182bdbbba53,B2_Cyclic_M3,0.0,0.2477,0.0,0.0,0.0,185.58
38,1244,10,9182bdbbba53,B2_Cyclic_M5,0.0,0.2471,0.0,0.0222,0.0,309.31
39,2418,10,f876d3a9a5df,B0_Native,1.0,0.9951,0.0,0.0,0.0,56.48
39,2418,10,f876d3a9a5df,B0_Random,1.0,0.9972,0.0,0.0435,0.3289,56.48
39,2418,10,f876d3a9a5df,B1_Alpha,1.0,0.9976,0.0,0.0444,0.5,56.48
39,2418,10,f876d3a9a5df,B1_ReverseAlpha,1.0,0.9969,0.0,0.0444,0.5,56.48
39,2418,10,f876d3a9a5df,Rand_Marg_M2,1.0,0.9933,0.0,0.1111,0.0,112.96
39,2418,10,f876d3a9a5df,Rand_Marg_M3,1.0,0.9952,0.0,0.0444,0.5,169.43
39,2418,10,f876d3a9a5df,Rand_Marg_M5,1.0,0.9917,0.0,0.0444,0.0,282.39
39,2418,10,f876d3a9a5df,B2_Cyclic_M2,1.0,0.9969,0.0,0.0444,0.0,112.96
39,2418,10,f876d3a9a5df,B2_Cyclic_M3,1.0,0.9973,0.0,0.0,0.0,169.43
39,2418,10,f876d3a9a5df,B2_Cyclic_M5,1.0,0.9977,0.0,0.0667,0.0,282.39
40,940,10,1be8414b17a7,B0_Native,1.0,1.0,0.0,0.0,0.0,60.87
40,940,10,1be8414b17a7,B0_Random,1.0,1.0,0.0,0.0,0.0,60.87
40,940,10,1be8414b17a7,B1_Alpha,1.0,1.0,0.0,0.0,0.0,60.87
40,940,10,1be8414b17a7,B1_ReverseAlpha,1.0,1.0,0.0,0.0,0.0,60.87
40,940,10,1be8414b17a7,Rand_Marg_M2,1.0,1.0,0.0,0.0,0.0,121.75
40,940,10,1be8414b17a7,Rand_Marg_M3,1.0,1.0,0.0,0.0,0.0,182.62
40,940,10,1be8414b17a7,Rand_Marg_M5,1.0,1.0,0.0,0.0,0.0,304.37
40,940,10,1be8414b17a7,B2_Cyclic_M2,1.0,1.0,0.0,0.0,0.0,121.75
40,940,10,1be8414b17a7,B2_Cyclic_M3,1.0,1.0,0.0,0.0,0.0,182.62
40,940,10,1be8414b17a7,B2_Cyclic_M5,1.0,1.0,0.0,0.0,0.0,304.37
41,477,10,c246fdd65ad2,B0_Native,1.0,0.9982,0.0,0.0,0.0,55.52
41,477,10,c246fdd65ad2,B0_Random,1.0,1.0,0.0,0.0,0.0,55.52
41,477,10,c246fdd65ad2,B1_Alpha,1.0,0.9998,0.0,0.0,0.0,55.52
41,477,10,c246fdd65ad2,B1_ReverseAlpha,1.0,1.0,0.0,0.0,0.0,55.52
41,477,10,c246fdd65ad2,Rand_Marg_M2,1.0,1.0,0.0,0.0,0.0,111.04
41,477,10,c246fdd65ad2,Rand_Marg_M3,1.0,1.0,0.0,0.0,0.0,166.55
41,477,10,c246fdd65ad2,Rand_Marg_M5,1.0,1.0,0.0,0.0,0.0,277.59
41,477,10,c246fdd65ad2,B2_Cyclic_M2,1.0,0.9991,0.0,0.0,0.5,111.04
41,477,10,c246fdd65ad2,B2_Cyclic_M3,1.0,0.9994,0.0,0.0,0.0,166.55
41,477,10,c246fdd65ad2,B2_Cyclic_M5,1.0,0.9996,0.0,0.0,0.0,277.59
42,1653,10,d35b4415e539,B0_Native,1.0,0.9807,0.0,0.0,0.0,65.39
42,1653,10,d35b4415e539,B0_Random,1.0,0.9973,0.0,0.1175,0.3933,65.39
42,1653,10,d35b4415e539,B1_Alpha,1.0,0.994,0.0,0.2,0.0,65.39
42,1653,10,d35b4415e539,B1_ReverseAlpha,1.0,0.9839,0.0,0.2,0.0,65.39
42,1653,10,d35b4415e539,Rand_Marg_M2,1.0,0.9957,0.0,0.1111,0.0,130.78
42,1653,10,d35b4415e539,Rand_Marg_M3,1.0,0.9927,0.0,0.1333,0.5,196.17
42,1653,10,d35b4415e539,Rand_Marg_M5,1.0,0.99,0.0,0.1111,0.5,326.95
42,1653,10,d35b4415e539,B2_Cyclic_M2,1.0,0.9868,0.0,0.0222,0.0,130.78
42,1653,10,d35b4415e539,B2_Cyclic_M3,1.0,0.9888,0.0,0.0667,0.0,196.17
42,1653,10,d35b4415e539,B2_Cyclic_M5,1.0,0.9906,0.0,0.1333,0.0,326.95
43,2478,10,4e921ae69241,B0_Native,1.0,0.7919,0.0,0.0,0.0,56.45
43,2478,10,4e921ae69241,B0_Random,1.0,0.9471,0.0,0.0894,0.0,56.45
43,2478,10,4e921ae69241,B1_Alpha,1.0,0.9597,0.0,0.1333,0.0,56.45
43,2478,10,4e921ae69241,B1_ReverseAlpha,1.0,0.6392,0.0,0.1333,0.0,56.45
43,2478,10,4e921ae69241,Rand_Marg_M2,1.0,0.8467,0.0,0.0667,0.0,112.9
43,2478,10,4e921ae69241,Rand_Marg_M3,1.0,0.7212,0.0,0.0667,0.0,169.35
43,2478,10,4e921ae69241,Rand_Marg_M5,1.0,0.8092,0.0,0.0222,0.0,282.25
43,2478,10,4e921ae69241,B2_Cyclic_M2,1.0,0.7755,0.0,0.0222,0.0,112.9
43,2478,10,4e921ae69241,B2_Cyclic_M3,1.0,0.7429,0.0,0.0667,0.0,169.35
43,2478,10,4e921ae69241,B2_Cyclic_M5,1.0,0.8025,0.0,0.0222,0.0,282.25
44,1546,10,d6b564b9988a,B0_Native,1.0,1.0,0.0,0.0,0.0,61.53
44,1546,10,d6b564b9988a,B0_Random,1.0,0.9998,0.0,0.0005,0.1889,61.53
44,1546,10,d6b564b9988a,B1_Alpha,1.0,1.0,0.0,0.0,0.0,61.53
44,1546,10,d6b564b9988a,B1_ReverseAlpha,1.0,0.9999,0.0,0.0,0.0,61.53
44,1546,10,d6b564b9988a,Rand_Marg_M2,1.0,0.9999,0.0,0.0,0.5,123.06
44,1546,10,d6b564b9988a,Rand_Marg_M3,1.0,0.9999,0.0,0.0,0.5,184.6
44,1546,10,d6b564b9988a,Rand_Marg_M5,1.0,1.0,0.0,0.0222,0.5,307.66
44,1546,10,d6b564b9988a,B2_Cyclic_M2,1.0,1.0,0.0,0.0,0.0,123.06
44,1546,10,d6b564b9988a,B2_Cyclic_M3,1.0,1.0,0.0,0.0,0.0,184.6
44,1546,10,d6b564b9988a,B2_Cyclic_M5,1.0,1.0,0.0,0.0,0.0,307.66
45,1631,10,bbbb1fac9ba5,B0_Native,1.0,0.8191,0.0,0.0,0.0,67.08
45,1631,10,bbbb1fac9ba5,B0_Random,1.0,0.9825,0.0,0.2454,0.3667,67.08
45,1631,10,bbbb1fac9ba5,B1_Alpha,1.0,0.9007,0.0,0.1556,0.5,67.08
45,1631,10,bbbb1fac9ba5,B1_ReverseAlpha,1.0,0.9596,0.0,0.1556,0.5,67.08
45,1631,10,bbbb1fac9ba5,Rand_Marg_M2,1.0,0.8575,0.0,0.1556,0.5,134.17
45,1631,10,bbbb1fac9ba5,Rand_Marg_M3,1.0,0.8989,0.0,0.0444,0.0,201.25
45,1631,10,bbbb1fac9ba5,Rand_Marg_M5,1.0,0.8892,0.0,0.1556,0.5,335.42
45,1631,10,bbbb1fac9ba5,B2_Cyclic_M2,1.0,0.9025,0.0,0.2222,0.5,134.17
45,1631,10,bbbb1fac9ba5,B2_Cyclic_M3,1.0,0.9282,0.0,0.2222,0.5,201.25
45,1631,10,bbbb1fac9ba5,B2_Cyclic_M5,1.0,0.9448,0.0,0.1556,0.5,335.42
46,207,10,4b41d0bf666f,B0_Native,1.0,1.0,0.0,0.0,0.0,76.79
46,207,10,4b41d0bf666f,B0_Random,1.0,0.9999,0.0,0.0015,0.4622,76.79
46,207,10,4b41d0bf666f,B1_Alpha,1.0,1.0,0.0,0.0,0.0,76.79
46,207,10,4b41d0bf666f,B1_ReverseAlpha,1.0,1.0,0.0,0.0,0.0,76.79
46,207,10,4b41d0bf666f,Rand_Marg_M2,1.0,0.9999,0.0,0.0,0.8,153.59
46,207,10,4b41d0bf666f,Rand_Marg_M3,1.0,0.9997,0.0,0.0,0.0,230.38
46,207,10,4b41d0bf666f,Rand_Marg_M5,1.0,0.9995,0.0,0.0,0.0,383.96
46,207,10,4b41d0bf666f,B2_Cyclic_M2,1.0,1.0,0.0,0.0,0.5,153.59
46,207,10,4b41d0bf666f,B2_Cyclic_M3,1.0,1.0,0.0,0.0,0.5,230.38
46,207,10,4b41d0bf666f,B2_Cyclic_M5,1.0,0.9999,0.0,0.0,0.5,383.96
47,663,10,8ef1531fc1d6,B0_Native,1.0,0.9995,0.0,0.0,0.0,70.32
47,663,10,8ef1531fc1d6,B0_Random,1.0,0.9999,0.0,0.003,0.2778,70.32
47,663,10,8ef1531fc1d6,B1_Alpha,1.0,0.9993,0.0,0.0,0.0,70.32
47,663,10,8ef1531fc1d6,B1_ReverseAlpha,1.0,0.9998,0.0,0.0,0.0,70.32
47,663,10,8ef1531fc1d6,Rand_Marg_M2,1.0,0.9999,0.0,0.0222,0.0,140.63
47,663,10,8ef1531fc1d6,Rand_Marg_M3,1.0,0.9975,0.0,0.0,0.5,210.95
47,663,10,8ef1531fc1d6,Rand_Marg_M5,1.0,0.9985,0.0,0.0222,0.0,351.58
47,663,10,8ef1531fc1d6,B2_Cyclic_M2,1.0,0.9998,0.0,0.0,0.5,140.63
47,663,10,8ef1531fc1d6,B2_Cyclic_M3,1.0,0.9998,0.0,0.0,0.5,210.95
47,663,10,8ef1531fc1d6,B2_Cyclic_M5,1.0,0.9999,0.0,0.0,0.5,351.58
48,1842,10,07be4fea9da3,B0_Native,1.0,0.9619,0.0,0.0,0.0,57.97
48,1842,10,07be4fea9da3,B0_Random,1.0,0.9764,0.0,0.0484,0.2556,57.97
48,1842,10,07be4fea9da3,B1_Alpha,1.0,0.9922,0.0,0.1556,0.0,57.97
48,1842,10,07be4fea9da3,B1_ReverseAlpha,1.0,0.9758,0.0,0.1556,0.0,57.97
48,1842,10,07be4fea9da3,Rand_Marg_M2,1.0,0.9871,0.0,0.0667,0.0,115.94
48,1842,10,07be4fea9da3,Rand_Marg_M3,1.0,0.987,0.0,0.0444,0.0,173.91
48,1842,10,07be4fea9da3,Rand_Marg_M5,1.0,0.9907,0.0,0.0222,0.0,289.85
48,1842,10,07be4fea9da3,B2_Cyclic_M2,1.0,0.98,0.0,0.0444,0.5,115.94
48,1842,10,07be4fea9da3,B2_Cyclic_M3,1.0,0.9838,0.0,0.0444,0.5,173.91
48,1842,10,07be4fea9da3,B2_Cyclic_M5,1.0,0.9872,0.0,0.0222,0.0,289.85
49,554,10,455edc0e4bd4,B0_Native,0.0,0.4956,0.0,0.0,0.0,57.86
49,554,10,455edc0e4bd4,B0_Random,0.0,0.181,0.5111,0.2227,0.6156,57.86
49,554,10,455edc0e4bd4,B1_Alpha,0.0,0.2134,1.0,0.3556,1.0,57.86
49,554,10,455edc0e4bd4,B1_ReverseAlpha,0.0,0.2649,1.0,0.3556,1.0,57.86
49,554,10,455edc0e4bd4,Rand_Marg_M2,0.0,0.2763,0.0,0.2444,0.8,115.71
49,554,10,455edc0e4bd4,Rand_Marg_M3,0.0,0.2656,0.0,0.1333,0.5,173.57
49,554,10,455edc0e4bd4,Rand_Marg_M5,0.0,0.2516,0.0,0.0889,0.5,289.28
49,554,10,455edc0e4bd4,B2_Cyclic_M2,0.0,0.3009,1.0,0.1333,0.5,115.71
49,554,10,455edc0e4bd4,B2_Cyclic_M3,1.0,0.2411,0.0,0.0889,0.5,173.57
49,554,10,455edc0e4bd4,B2_Cyclic_M5,1.0,0.2354,0.0,0.1111,0.8,289.28
50,2254,10,ca56e98b13aa,B0_Native,1.0,0.2725,0.0,0.0,0.0,62.33
50,2254,10,ca56e98b13aa,B0_Random,1.0,0.3656,0.0,0.1304,0.2778,62.33
50,2254,10,ca56e98b13aa,B1_Alpha,1.0,0.338,0.0,0.1333,0.0,62.33
50,2254,10,ca56e98b13aa,B1_ReverseAlpha,1.0,0.4034,0.0,0.1333,0.0,62.33
50,2254,10,ca56e98b13aa,Rand_Marg_M2,1.0,0.3791,0.0,0.1111,0.5,124.66
50,2254,10,ca56e98b13aa,Rand_Marg_M3,1.0,0.3895,0.0,0.0889,0.5,186.99
50,2254,10,ca56e98b13aa,Rand_Marg_M5,1.0,0.4082,0.0,0.0667,0.5,311.65
50,2254,10,ca56e98b13aa,B2_Cyclic_M2,1.0,0.3261,0.0,0.0889,0.5,124.66
50,2254,10,ca56e98b13aa,B2_Cyclic_M3,1.0,0.3492,0.0,0.0889,0.5,186.99
50,2254,10,ca56e98b13aa,B2_Cyclic_M5,1.0,0.3648,0.0,0.0222,0.0,311.65
51,1796,10,7849dc8ee32b,B0_Native,1.0,0.9996,0.0,0.0,0.0,61.66
51,1796,10,7849dc8ee32b,B0_Random,1.0,1.0,0.0,0.0059,0.3756,61.66
51,1796,10,7849dc8ee32b,B1_Alpha,1.0,0.9993,0.0,0.0,0.8,61.66
51,1796,10,7849dc8ee32b,B1_ReverseAlpha,1.0,1.0,0.0,0.0,0.8,61.66
51,1796,10,7849dc8ee32b,Rand_Marg_M2,1.0,1.0,0.0,0.0,0.5,123.33
51,1796,10,7849dc8ee32b,Rand_Marg_M3,1.0,0.9999,0.0,0.0,0.5,184.99
51,1796,10,7849dc8ee32b,Rand_Marg_M5,1.0,0.9997,0.0,0.0667,0.8,308.31
51,1796,10,7849dc8ee32b,B2_Cyclic_M2,1.0,0.9998,0.0,0.0,0.8,123.33
51,1796,10,7849dc8ee32b,B2_Cyclic_M3,1.0,0.9998,0.0,0.0,0.5,184.99
51,1796,10,7849dc8ee32b,B2_Cyclic_M5,1.0,0.9999,0.0,0.0222,0.5,308.31
52,1700,10,18a0346edb5f,B0_Native,1.0,1.0,0.0,0.0,0.0,55.92
52,1700,10,18a0346edb5f,B0_Random,1.0,0.9998,0.0,0.0,0.1889,55.92
52,1700,10,18a0346edb5f,B1_Alpha,1.0,1.0,0.0,0.0,0.0,55.92
52,1700,10,18a0346edb5f,B1_ReverseAlpha,1.0,1.0,0.0,0.0,0.0,55.92
52,1700,10,18a0346edb5f,Rand_Marg_M2,1.0,0.9999,0.0,0.0,0.5,111.84
52,1700,10,18a0346edb5f,Rand_Marg_M3,1.0,0.9999,0.0,0.0,0.5,167.76
52,1700,10,18a0346edb5f,Rand_Marg_M5,1.0,1.0,0.0,0.0,0.5,279.6
52,1700,10,18a0346edb5f,B2_Cyclic_M2,1.0,1.0,0.0,0.0,0.0,111.84
52,1700,10,18a0346edb5f,B2_Cyclic_M3,1.0,1.0,0.0,0.0,0.0,167.76
52,1700,10,18a0346edb5f,B2_Cyclic_M5,1.0,1.0,0.0,0.0,0.0,279.6
53,2112,10,306b7b66a24b,B0_Native,1.0,0.9545,0.0,0.0,0.0,60.73
53,2112,10,306b7b66a24b,B0_Random,1.0,0.9964,0.0,0.0958,0.1,60.73
53,2112,10,306b7b66a24b,B1_Alpha,1.0,0.9939,0.0,0.0667,0.5,60.73
53,2112,10,306b7b66a24b,B1_ReverseAlpha,1.0,0.9363,0.0,0.0667,0.5,60.73
53,2112,10,306b7b66a24b,Rand_Marg_M2,1.0,0.9719,0.0,0.0889,0.0,121.47
53,2112,10,306b7b66a24b,Rand_Marg_M3,1.0,0.9778,0.0,0.1333,0.0,182.2
53,2112,10,306b7b66a24b,Rand_Marg_M5,1.0,0.9792,0.0,0.0889,0.0,303.67
53,2112,10,306b7b66a24b,B2_Cyclic_M2,1.0,0.9699,0.0,0.1556,0.0,121.47
53,2112,10,306b7b66a24b,B2_Cyclic_M3,1.0,0.9713,0.0,0.0667,0.0,182.2
53,2112,10,306b7b66a24b,B2_Cyclic_M5,1.0,0.9761,0.0,0.0444,0.0,303.67
54,890,10,f73e9bce76d3,B0_Native,1.0,0.9802,0.0,0.0,0.0,57.8
54,890,10,f73e9bce76d3,B0_Random,1.0,0.9786,0.0,0.2365,0.5333,57.8
54,890,10,f73e9bce76d3,B1_Alpha,1.0,0.9851,0.0,0.3556,0.8,57.8
54,890,10,f73e9bce76d3,B1_ReverseAlpha,1.0,0.9904,0.0,0.3556,0.8,57.8
54,890,10,f73e9bce76d3,Rand_Marg_M2,1.0,0.9821,0.0,0.1556,0.5,115.59
54,890,10,f73e9bce76d3,Rand_Marg_M3,1.0,0.9853,0.0,0.1778,0.5,173.39
54,890,10,f73e9bce76d3,Rand_Marg_M5,1.0,0.9812,0.0,0.2,0.5,288.98
54,890,10,f73e9bce76d3,B2_Cyclic_M2,1.0,0.9802,0.0,0.1556,0.5,115.59
54,890,10,f73e9bce76d3,B2_Cyclic_M3,1.0,0.9846,0.0,0.0222,0.5,173.39
54,890,10,f73e9bce76d3,B2_Cyclic_M5,1.0,0.986,0.0,0.0444,0.0,288.98
55,1880,10,aff4185af026,B0_Native,1.0,0.9997,0.0,0.0,0.0,59.33
55,1880,10,aff4185af026,B0_Random,1.0,1.0,0.0,0.0079,0.4889,59.33
55,1880,10,aff4185af026,B1_Alpha,1.0,0.9999,0.0,0.0,0.0,59.33
55,1880,10,aff4185af026,B1_ReverseAlpha,1.0,1.0,0.0,0.0,0.0,59.33
55,1880,10,aff4185af026,Rand_Marg_M2,1.0,0.9993,0.0,0.0444,0.5,118.66
55,1880,10,aff4185af026,Rand_Marg_M3,1.0,0.999,0.0,0.0,0.8,177.99
55,1880,10,aff4185af026,Rand_Marg_M5,1.0,0.9994,0.0,0.0889,0.5,296.65
55,1880,10,aff4185af026,B2_Cyclic_M2,1.0,0.9999,0.0,0.0,0.5,118.66
55,1880,10,aff4185af026,B2_Cyclic_M3,1.0,0.9999,0.0,0.0,0.5,177.99
55,1880,10,aff4185af026,B2_Cyclic_M5,1.0,0.9999,0.0,0.0,0.5,296.65
56,601,10,ef31c1779fd9,B0_Native,1.0,0.6507,0.0,0.0,0.0,60.09
56,601,10,ef31c1779fd9,B0_Random,1.0,0.6408,0.0,0.121,0.2556,60.09
56,601,10,ef31c1779fd9,B1_Alpha,1.0,0.5117,0.0,0.1333,0.0,60.09
56,601,10,ef31c1779fd9,B1_ReverseAlpha,1.0,0.702,0.0,0.1333,0.0,60.09
56,601,10,ef31c1779fd9,Rand_Marg_M2,1.0,0.5185,0.0,0.1556,0.5,120.18
56,601,10,ef31c1779fd9,Rand_Marg_M3,1.0,0.5156,0.0,0.0444,0.0,180.27
56,601,10,ef31c1779fd9,Rand_Marg_M5,1.0,0.5774,0.0,0.0222,0.0,300.44
56,601,10,ef31c1779fd9,B2_Cyclic_M2,1.0,0.5695,0.0,0.2222,0.5,120.18
56,601,10,ef31c1779fd9,B2_Cyclic_M3,1.0,0.4954,0.0,0.0444,0.5,180.27
56,601,10,ef31c1779fd9,B2_Cyclic_M5,1.0,0.4901,0.0,0.0667,0.0,300.44
57,2810,10,5c16a417e985,B0_Native,1.0,0.9774,0.0,0.0,0.0,59.64
57,2810,10,5c16a417e985,B0_Random,1.0,0.9989,0.0,0.0331,0.3378,59.64
57,2810,10,5c16a417e985,B1_Alpha,1.0,0.9999,0.0,0.0,0.5,59.64
57,2810,10,5c16a417e985,B1_ReverseAlpha,1.0,0.9938,0.0,0.0,0.5,59.64
57,2810,10,5c16a417e985,Rand_Marg_M2,1.0,0.9994,0.0,0.0889,0.5,119.27
57,2810,10,5c16a417e985,Rand_Marg_M3,1.0,0.9996,0.0,0.0889,0.5,178.91
57,2810,10,5c16a417e985,Rand_Marg_M5,1.0,0.9789,0.0,0.0222,0.0,298.18
57,2810,10,5c16a417e985,B2_Cyclic_M2,1.0,0.9848,0.0,0.1333,0.0,119.27
57,2810,10,5c16a417e985,B2_Cyclic_M3,1.0,0.9913,0.0,0.1556,0.0,178.91
57,2810,10,5c16a417e985,B2_Cyclic_M5,1.0,0.9927,0.0,0.0444,0.0,298.18
58,2454,10,d860192be7e6,B0_Native,1.0,0.9912,0.0,0.0,0.0,59.57
58,2454,10,d860192be7e6,B0_Random,1.0,0.9999,0.0,0.0059,0.5,59.57
58,2454,10,d860192be7e6,B1_Alpha,1.0,0.9997,0.0,0.0222,0.5,59.57
58,2454,10,d860192be7e6,B1_ReverseAlpha,1.0,0.9987,0.0,0.0222,0.5,59.57
58,2454,10,d860192be7e6,Rand_Marg_M2,1.0,0.9977,0.0,0.0222,0.0,119.13
58,2454,10,d860192be7e6,Rand_Marg_M3,1.0,0.9975,0.0,0.0222,0.0,178.7
58,2454,10,d860192be7e6,Rand_Marg_M5,1.0,0.9977,0.0,0.0444,0.0,297.83
58,2454,10,d860192be7e6,B2_Cyclic_M2,1.0,0.9948,0.0,0.0667,0.0,119.13
58,2454,10,d860192be7e6,B2_Cyclic_M3,1.0,0.9965,0.0,0.0444,0.0,178.7
58,2454,10,d860192be7e6,B2_Cyclic_M5,1.0,0.9971,0.0,0.0222,0.0,297.83
59,2641,10,1b72de1c8b0d,B0_Native,1.0,1.0,0.0,0.0,0.0,57.64
59,2641,10,1b72de1c8b0d,B0_Random,1.0,1.0,0.0,0.0,0.0,57.64
59,2641,10,1b72de1c8b0d,B1_Alpha,1.0,1.0,0.0,0.0,0.0,57.64
59,2641,10,1b72de1c8b0d,B1_ReverseAlpha,1.0,1.0,0.0,0.0,0.0,57.64
59,2641,10,1b72de1c8b0d,Rand_Marg_M2,1.0,1.0,0.0,0.0,0.0,115.29
59,2641,10,1b72de1c8b0d,Rand_Marg_M3,1.0,1.0,0.0,0.0,0.0,172.93
59,2641,10,1b72de1c8b0d,Rand_Marg_M5,1.0,1.0,0.0,0.0,0.0,288.22
59,2641,10,1b72de1c8b0d,B2_Cyclic_M2,1.0,1.0,0.0,0.0,0.0,115.29
59,2641,10,1b72de1c8b0d,B2_Cyclic_M3,1.0,1.0,0.0,0.0,0.0,172.93
59,2641,10,1b72de1c8b0d,B2_Cyclic_M5,1.0,1.0,0.0,0.0,0.0,288.22
60,733,10,4521debbe8cf,B0_Native,1.0,1.0,0.0,0.0,0.0,61.0
60,733,10,4521debbe8cf,B0_Random,1.0,1.0,0.0,0.0,0.0,61.0
60,733,10,4521debbe8cf,B1_Alpha,1.0,1.0,0.0,0.0,0.0,61.0
60,733,10,4521debbe8cf,B1_ReverseAlpha,1.0,1.0,0.0,0.0,0.0,61.0
60,733,10,4521debbe8cf,Rand_Marg_M2,1.0,1.0,0.0,0.0,0.0,122.0
60,733,10,4521debbe8cf,Rand_Marg_M3,1.0,1.0,0.0,0.0,0.0,183.0
60,733,10,4521debbe8cf,Rand_Marg_M5,1.0,1.0,0.0,0.0,0.0,305.0
60,733,10,4521debbe8cf,B2_Cyclic_M2,1.0,1.0,0.0,0.0,0.0,122.0
60,733,10,4521debbe8cf,B2_Cyclic_M3,1.0,1.0,0.0,0.0,0.0,183.0
60,733,10,4521debbe8cf,B2_Cyclic_M5,1.0,1.0,0.0,0.0,0.0,305.0
61,1004,10,c9f7295e0530,B0_Native,1.0,0.8006,0.0,0.0,0.0,61.3
61,1004,10,c9f7295e0530,B0_Random,0.0,0.495,0.6,0.1442,0.1,61.3
61,1004,10,c9f7295e0530,B1_Alpha,0.0,0.4558,1.0,0.2222,0.0,61.3
61,1004,10,c9f7295e0530,B1_ReverseAlpha,0.0,0.8465,1.0,0.2222,0.0,61.3
61,1004,10,c9f7295e0530,Rand_Marg_M2,1.0,0.5314,0.0,0.1556,0.0,122.6
61,1004,10,c9f7295e0530,Rand_Marg_M3,1.0,0.4737,0.0,0.0889,0.0,183.91
61,1004,10,c9f7295e0530,Rand_Marg_M5,1.0,0.5238,0.0,0.0222,0.0,306.51
61,1004,10,c9f7295e0530,B2_Cyclic_M2,1.0,0.6058,0.0,0.0889,0.0,122.6
61,1004,10,c9f7295e0530,B2_Cyclic_M3,1.0,0.4878,0.0,0.0,0.0,183.91
61,1004,10,c9f7295e0530,B2_Cyclic_M5,1.0,0.4996,0.0,0.0444,0.0,306.51
62,1342,10,f2661df3df6e,B0_Native,1.0,0.962,0.0,0.0,0.0,63.89
62,1342,10,f2661df3df6e,B0_Random,1.0,1.0,0.0,0.0035,0.3111,63.89
62,1342,10,f2661df3df6e,B1_Alpha,1.0,1.0,0.0,0.0,0.5,63.89
62,1342,10,f2661df3df6e,B1_ReverseAlpha,1.0,0.9993,0.0,0.0,0.5,63.89
62,1342,10,f2661df3df6e,Rand_Marg_M2,1.0,0.9999,0.0,0.0,0.5,127.78
62,1342,10,f2661df3df6e,Rand_Marg_M3,1.0,0.9997,0.0,0.0222,0.0,191.67
62,1342,10,f2661df3df6e,Rand_Marg_M5,1.0,0.9996,0.0,0.0,0.0,319.45
62,1342,10,f2661df3df6e,B2_Cyclic_M2,1.0,0.9757,0.0,0.0222,0.0,127.78
62,1342,10,f2661df3df6e,B2_Cyclic_M3,1.0,0.9795,0.0,0.0667,0.0,191.67
62,1342,10,f2661df3df6e,B2_Cyclic_M5,1.0,0.9713,0.0,0.0222,0.0,319.45
63,1973,10,fcc69b1fc1a6,B0_Native,1.0,0.5662,0.0,0.0,0.0,60.68
63,1973,10,fcc69b1fc1a6,B0_Random,1.0,0.729,0.3556,0.119,0.1,60.68
63,1973,10,fcc69b1fc1a6,B1_Alpha,1.0,0.9642,0.0,0.0667,0.0,60.68
63,1973,10,fcc69b1fc1a6,B1_ReverseAlpha,1.0,0.868,0.0,0.0667,0.0,60.68
63,1973,10,fcc69b1fc1a6,Rand_Marg_M2,1.0,0.7435,0.0,0.0889,0.0,121.37
63,1973,10,fcc69b1fc1a6,Rand_Marg_M3,1.0,0.7826,0.0,0.1111,0.0,182.05
63,1973,10,fcc69b1fc1a6,Rand_Marg_M5,1.0,0.8504,0.0,0.1111,0.0,303.41
63,1973,10,fcc69b1fc1a6,B2_Cyclic_M2,1.0,0.7378,0.0,0.0222,0.0,121.37
63,1973,10,fcc69b1fc1a6,B2_Cyclic_M3,1.0,0.7927,0.0,0.0222,0.0,182.05
63,1973,10,fcc69b1fc1a6,B2_Cyclic_M5,1.0,0.8252,0.0,0.0222,0.0,303.41
64,2225,10,3c1f4752fe79,B0_Native,1.0,1.0,0.0,0.0,0.0,56.86
64,2225,10,3c1f4752fe79,B0_Random,1.0,0.9998,0.0,0.0119,0.4356,56.86
64,2225,10,3c1f4752fe79,B1_Alpha,1.0,1.0,0.0,0.0,0.0,56.86
64,2225,10,3c1f4752fe79,B1_ReverseAlpha,1.0,1.0,0.0,0.0,0.0,56.86
64,2225,10,3c1f4752fe79,Rand_Marg_M2,1.0,0.9987,0.0,0.1556,0.5,113.71
64,2225,10,3c1f4752fe79,Rand_Marg_M3,1.0,0.9991,0.0,0.1556,0.5,170.57
64,2225,10,3c1f4752fe79,Rand_Marg_M5,1.0,0.9991,0.0,0.1556,0.5,284.28
64,2225,10,3c1f4752fe79,B2_Cyclic_M2,1.0,1.0,0.0,0.0,0.0,113.71
64,2225,10,3c1f4752fe79,B2_Cyclic_M3,1.0,1.0,0.0,0.0,0.0,170.57
64,2225,10,3c1f4752fe79,B2_Cyclic_M5,1.0,1.0,0.0,0.0,0.0,284.28
65,2339,10,dc9e85c3316d,B0_Native,1.0,0.5182,0.0,0.0,0.0,59.58
65,2339,10,dc9e85c3316d,B0_Random,1.0,0.6288,0.0,0.2119,0.4711,59.58
65,2339,10,dc9e85c3316d,B1_Alpha,1.0,0.2666,0.0,0.1556,0.5,59.58
65,2339,10,dc9e85c3316d,B1_ReverseAlpha,1.0,0.7604,0.0,0.1556,0.5,59.58
65,2339,10,dc9e85c3316d,Rand_Marg_M2,1.0,0.6181,0.0,0.2,0.5,119.17
65,2339,10,dc9e85c3316d,Rand_Marg_M3,1.0,0.571,0.0,0.1333,0.0,178.75
65,2339,10,dc9e85c3316d,Rand_Marg_M5,1.0,0.6035,0.0,0.0889,0.0,297.92
65,2339,10,dc9e85c3316d,B2_Cyclic_M2,1.0,0.4318,0.0,0.0,0.0,119.17
65,2339,10,dc9e85c3316d,B2_Cyclic_M3,1.0,0.4931,0.0,0.0,0.0,178.75
65,2339,10,dc9e85c3316d,B2_Cyclic_M5,1.0,0.4563,0.0,0.0,0.0,297.92
66,849,10,4b6bd4d74539,B0_Native,0.0,0.9905,0.0,0.0,0.0,61.63
66,849,10,4b6bd4d74539,B0_Random,0.0,0.8526,0.0,0.0459,0.1,61.63
66,849,10,4b6bd4d74539,B1_Alpha,0.0,0.9516,0.0,0.0,0.0,61.63
66,849,10,4b6bd4d74539,B1_ReverseAlpha,0.0,0.9869,0.0,0.0,0.0,61.63
66,849,10,4b6bd4d74539,Rand_Marg_M2,0.0,0.9186,0.0,0.0667,0.0,123.26
66,849,10,4b6bd4d74539,Rand_Marg_M3,0.0,0.9178,0.0,0.1111,0.0,184.89
66,849,10,4b6bd4d74539,Rand_Marg_M5,0.0,0.8919,0.0,0.0444,0.0,308.15
66,849,10,4b6bd4d74539,B2_Cyclic_M2,0.0,0.9863,0.0,0.0222,0.0,123.26
66,849,10,4b6bd4d74539,B2_Cyclic_M3,0.0,0.9854,0.0,0.0444,0.0,184.89
66,849,10,4b6bd4d74539,B2_Cyclic_M5,0.0,0.987,0.0,0.0222,0.0,308.15
67,2059,10,ba5a3f8f03de,B0_Native,1.0,0.8805,0.0,0.0,0.0,56.93
67,2059,10,ba5a3f8f03de,B0_Random,1.0,0.9097,0.0,0.0499,0.0,56.93
67,2059,10,ba5a3f8f03de,B1_Alpha,1.0,0.8858,0.0,0.0889,0.0,56.93
67,2059,10,ba5a3f8f03de,B1_ReverseAlpha,1.0,0.9515,0.0,0.0889,0.0,56.93
67,2059,10,ba5a3f8f03de,Rand_Marg_M2,1.0,0.9344,0.0,0.0444,0.0,113.87
67,2059,10,ba5a3f8f03de,Rand_Marg_M3,1.0,0.9546,0.0,0.0444,0.0,170.8
67,2059,10,ba5a3f8f03de,Rand_Marg_M5,1.0,0.9669,0.0,0.0444,0.0,284.67
67,2059,10,ba5a3f8f03de,B2_Cyclic_M2,1.0,0.9395,0.0,0.0667,0.0,113.87
67,2059,10,ba5a3f8f03de,B2_Cyclic_M3,1.0,0.9582,0.0,0.0667,0.0,170.8
67,2059,10,ba5a3f8f03de,B2_Cyclic_M5,1.0,0.9733,0.0,0.0222,0.0,284.67
68,1220,10,598ddaccaff0,B0_Native,1.0,1.0,0.0,0.0,0.0,61.27
68,1220,10,598ddaccaff0,B0_Random,1.0,1.0,0.0,0.0,0.0,61.27
68,1220,10,598ddaccaff0,B1_Alpha,1.0,1.0,0.0,0.0,0.0,61.27
68,1220,10,598ddaccaff0,B1_ReverseAlpha,1.0,1.0,0.0,0.0,0.0,61.27
68,1220,10,598ddaccaff0,Rand_Marg_M2,1.0,1.0,0.0,0.0,0.0,122.53
68,1220,10,598ddaccaff0,Rand_Marg_M3,1.0,1.0,0.0,0.0,0.0,183.8
68,1220,10,598ddaccaff0,Rand_Marg_M5,1.0,1.0,0.0,0.0,0.0,306.33
68,1220,10,598ddaccaff0,B2_Cyclic_M2,1.0,1.0,0.0,0.0,0.0,122.53
68,1220,10,598ddaccaff0,B2_Cyclic_M3,1.0,1.0,0.0,0.0,0.0,183.8
68,1220,10,598ddaccaff0,B2_Cyclic_M5,1.0,1.0,0.0,0.0,0.0,306.33
69,3009,10,d0f43cdbb538,B0_Native,1.0,1.0,0.0,0.0,0.0,61.4
69,3009,10,d0f43cdbb538,B0_Random,1.0,1.0,0.0,0.001,0.2489,61.4
69,3009,10,d0f43cdbb538,B1_Alpha,1.0,1.0,0.0,0.0,0.0,61.4
69,3009,10,d0f43cdbb538,B1_ReverseAlpha,1.0,0.9999,0.0,0.0,0.0,61.4
69,3009,10,d0f43cdbb538,Rand_Marg_M2,1.0,0.9997,0.0,0.0,0.5,122.79
69,3009,10,d0f43cdbb538,Rand_Marg_M3,1.0,0.9998,0.0,0.0,0.5,184.19
69,3009,10,d0f43cdbb538,Rand_Marg_M5,1.0,0.9999,0.0,0.0444,0.8,306.98
69,3009,10,d0f43cdbb538,B2_Cyclic_M2,1.0,1.0,0.0,0.0,0.0,122.79
69,3009,10,d0f43cdbb538,B2_Cyclic_M3,1.0,1.0,0.0,0.0,0.0,184.19
69,3009,10,d0f43cdbb538,B2_Cyclic_M5,1.0,1.0,0.0,0.0,0.0,306.98
70,2013,10,5e7842ea0f60,B0_Native,1.0,0.9982,0.0,0.0,0.0,60.61
70,2013,10,5e7842ea0f60,B0_Random,1.0,0.9999,0.0,0.0173,0.5778,60.61
70,2013,10,5e7842ea0f60,B1_Alpha,1.0,0.9999,0.0,0.0,0.8,60.61
70,2013,10,5e7842ea0f60,B1_ReverseAlpha,1.0,0.9932,0.0,0.0,0.8,60.61
70,2013,10,5e7842ea0f60,Rand_Marg_M2,1.0,0.9999,0.0,0.0,0.8,121.22
70,2013,10,5e7842ea0f60,Rand_Marg_M3,1.0,0.9995,0.0,0.0444,0.5,181.84
70,2013,10,5e7842ea0f60,Rand_Marg_M5,1.0,0.9995,0.0,0.1333,0.5,303.06
70,2013,10,5e7842ea0f60,B2_Cyclic_M2,1.0,0.9985,0.0,0.0,0.0,121.22
70,2013,10,5e7842ea0f60,B2_Cyclic_M3,1.0,0.9991,0.0,0.0,0.0,181.84
70,2013,10,5e7842ea0f60,B2_Cyclic_M5,1.0,0.9991,0.0,0.0,0.0,303.06
71,2360,10,c90bd975b781,B0_Native,0.0,0.5538,0.0,0.0,0.0,59.28
71,2360,10,c90bd975b781,B0_Random,0.0,0.5005,0.3556,0.1121,0.1,59.28
71,2360,10,c90bd975b781,B1_Alpha,0.0,0.4306,0.0,0.1556,0.5,59.28
71,2360,10,c90bd975b781,B1_ReverseAlpha,0.0,0.5459,0.0,0.1556,0.5,59.28
71,2360,10,c90bd975b781,Rand_Marg_M2,0.0,0.5202,0.0,0.0667,0.0,118.56
71,2360,10,c90bd975b781,Rand_Marg_M3,0.0,0.5012,0.0,0.0444,0.0,177.84
71,2360,10,c90bd975b781,Rand_Marg_M5,0.0,0.4515,0.0,0.0667,0.0,296.4
71,2360,10,c90bd975b781,B2_Cyclic_M2,0.0,0.609,0.0,0.0889,0.0,118.56
71,2360,10,c90bd975b781,B2_Cyclic_M3,0.0,0.5017,0.0,0.0444,0.0,177.84
71,2360,10,c90bd975b781,B2_Cyclic_M5,0.0,0.5764,0.0,0.0444,0.0,296.4
72,2554,10,75e3f61fbd2a,B0_Native,1.0,0.995,0.0,0.0,0.0,58.13
72,2554,10,75e3f61fbd2a,B0_Random,1.0,0.999,0.0,0.0069,0.5756,58.13
72,2554,10,75e3f61fbd2a,B1_Alpha,1.0,1.0,0.0,0.0,0.8,58.13
72,2554,10,75e3f61fbd2a,B1_ReverseAlpha,1.0,0.9958,0.0,0.0,0.8,58.13
72,2554,10,75e3f61fbd2a,Rand_Marg_M2,1.0,0.9994,0.0,0.0667,0.8,116.26
72,2554,10,75e3f61fbd2a,Rand_Marg_M3,1.0,0.9995,0.0,0.0667,0.5,174.39
72,2554,10,75e3f61fbd2a,Rand_Marg_M5,1.0,0.9992,0.0,0.0667,0.5,290.66
72,2554,10,75e3f61fbd2a,B2_Cyclic_M2,1.0,0.9973,0.0,0.0,0.0,116.26
72,2554,10,75e3f61fbd2a,B2_Cyclic_M3,1.0,0.9981,0.0,0.0,0.0,174.39
72,2554,10,75e3f61fbd2a,B2_Cyclic_M5,1.0,0.9984,0.0,0.0,0.0,290.66
73,1288,10,2899b2ef412a,B0_Native,1.0,0.9207,0.0,0.0,0.0,59.53
73,1288,10,2899b2ef412a,B0_Random,0.0,0.8372,0.2,0.0617,0.0,59.53
73,1288,10,2899b2ef412a,B1_Alpha,1.0,0.8938,0.0,0.1111,0.0,59.53
73,1288,10,2899b2ef412a,B1_ReverseAlpha,1.0,0.9481,0.0,0.1111,0.0,59.53
73,1288,10,2899b2ef412a,Rand_Marg_M2,1.0,0.4738,0.0,0.0444,0.0,119.06
73,1288,10,2899b2ef412a,Rand_Marg_M3,1.0,0.6295,0.0,0.0,0.0,178.59
73,1288,10,2899b2ef412a,Rand_Marg_M5,1.0,0.6943,0.0,0.0222,0.0,297.64
73,1288,10,2899b2ef412a,B2_Cyclic_M2,1.0,0.7903,0.0,0.0667,0.0,119.06
73,1288,10,2899b2ef412a,B2_Cyclic_M3,1.0,0.765,0.0,0.0444,0.0,178.59
73,1288,10,2899b2ef412a,B2_Cyclic_M5,1.0,0.8496,0.0,0.0222,0.0,297.64
74,1192,10,461b382ab6ab,B0_Native,1.0,0.4084,0.0,0.0,0.0,66.08
74,1192,10,461b382ab6ab,B0_Random,1.0,0.5415,0.0,0.1373,0.3667,66.08
74,1192,10,461b382ab6ab,B1_Alpha,1.0,0.4732,0.0,0.2667,0.5,66.08
74,1192,10,461b382ab6ab,B1_ReverseAlpha,1.0,0.4415,0.0,0.2667,0.5,66.08
74,1192,10,461b382ab6ab,Rand_Marg_M2,1.0,0.5284,0.0,0.0667,0.0,132.17
74,1192,10,461b382ab6ab,Rand_Marg_M3,1.0,0.4929,0.0,0.1333,0.0,198.25
74,1192,10,461b382ab6ab,Rand_Marg_M5,1.0,0.5715,0.0,0.0444,0.0,330.41
74,1192,10,461b382ab6ab,B2_Cyclic_M2,1.0,0.4108,0.0,0.0889,0.5,132.17
74,1192,10,461b382ab6ab,B2_Cyclic_M3,1.0,0.4975,0.0,0.0222,0.0,198.25
74,1192,10,461b382ab6ab,B2_Cyclic_M5,1.0,0.4913,0.0,0.1111,0.5,330.41
75,774,10,dfd3b78a296a,B0_Native,0.0,0.9963,0.0,0.0,0.0,61.26
75,774,10,dfd3b78a296a,B0_Random,0.0,0.9578,0.0,0.0795,0.1778,61.26
75,774,10,dfd3b78a296a,B1_Alpha,0.0,0.8061,0.0,0.0889,0.5,61.26
75,774,10,dfd3b78a296a,B1_ReverseAlpha,0.0,0.985,0.0,0.0889,0.5,61.26
75,774,10,dfd3b78a296a,Rand_Marg_M2,0.0,0.9495,0.0,0.2222,0.5,122.52
75,774,10,dfd3b78a296a,Rand_Marg_M3,0.0,0.9643,0.0,0.1778,0.5,183.78
75,774,10,dfd3b78a296a,Rand_Marg_M5,0.0,0.9631,0.0,0.0889,0.0,306.29
75,774,10,dfd3b78a296a,B2_Cyclic_M2,0.0,0.987,0.0,0.0444,0.0,122.52
75,774,10,dfd3b78a296a,B2_Cyclic_M3,0.0,0.9879,0.0,0.0889,0.0,183.78
75,774,10,dfd3b78a296a,B2_Cyclic_M5,0.0,0.9711,0.0,0.0444,0.0,306.29
76,2566,10,c784e5dd2cb9,B0_Native,1.0,0.9974,0.0,0.0,0.0,61.54
76,2566,10,c784e5dd2cb9,B0_Random,1.0,1.0,0.0,0.0049,0.4822,61.54
76,2566,10,c784e5dd2cb9,B1_Alpha,1.0,1.0,0.0,0.0,0.8,61.54
76,2566,10,c784e5dd2cb9,B1_ReverseAlpha,1.0,0.9879,0.0,0.0,0.8,61.54
76,2566,10,c784e5dd2cb9,Rand_Marg_M2,1.0,1.0,0.0,0.0,0.0,123.09
76,2566,10,c784e5dd2cb9,Rand_Marg_M3,1.0,1.0,0.0,0.0,0.8,184.63
76,2566,10,c784e5dd2cb9,Rand_Marg_M5,1.0,0.9997,0.0,0.0667,0.5,307.72
76,2566,10,c784e5dd2cb9,B2_Cyclic_M2,1.0,0.9987,0.0,0.0,0.8,123.09
76,2566,10,c784e5dd2cb9,B2_Cyclic_M3,1.0,0.9991,0.0,0.0,0.8,184.63
76,2566,10,c784e5dd2cb9,B2_Cyclic_M5,1.0,0.9995,0.0,0.0,0.0,307.72
77,2639,10,b012b8595f70,B0_Native,1.0,0.9863,0.0,0.0,0.0,81.86
77,2639,10,b012b8595f70,B0_Random,1.0,0.9936,0.0,0.036,0.4489,81.86
77,2639,10,b012b8595f70,B1_Alpha,1.0,0.9547,0.0,0.0889,0.5,81.86
77,2639,10,b012b8595f70,B1_ReverseAlpha,1.0,0.9986,0.0,0.0889,0.5,81.86
77,2639,10,b012b8595f70,Rand_Marg_M2,1.0,0.9843,0.0,0.1333,0.5,163.72
77,2639,10,b012b8595f70,Rand_Marg_M3,1.0,0.9812,0.0,0.0667,0.5,245.58
77,2639,10,b012b8595f70,Rand_Marg_M5,1.0,0.9795,0.0,0.0444,0.0,409.3
77,2639,10,b012b8595f70,B2_Cyclic_M2,1.0,0.9828,0.0,0.0,0.0,163.72
77,2639,10,b012b8595f70,B2_Cyclic_M3,1.0,0.9857,0.0,0.0222,0.0,245.58
77,2639,10,b012b8595f70,B2_Cyclic_M5,1.0,0.9865,0.0,0.0,0.0,409.3
78,1845,10,f594bc289320,B0_Native,1.0,1.0,0.0,0.0,0.0,59.79
78,1845,10,f594bc289320,B0_Random,1.0,1.0,0.0,0.0,0.1778,59.79
78,1845,10,f594bc289320,B1_Alpha,1.0,1.0,0.0,0.0,0.0,59.79
78,1845,10,f594bc289320,B1_ReverseAlpha,1.0,1.0,0.0,0.0,0.0,59.79
78,1845,10,f594bc289320,Rand_Marg_M2,1.0,1.0,0.0,0.0,0.0,119.58
78,1845,10,f594bc289320,Rand_Marg_M3,1.0,1.0,0.0,0.0,0.0,179.37
78,1845,10,f594bc289320,Rand_Marg_M5,1.0,1.0,0.0,0.0,0.5,298.95
78,1845,10,f594bc289320,B2_Cyclic_M2,1.0,1.0,0.0,0.0,0.0,119.58
78,1845,10,f594bc289320,B2_Cyclic_M3,1.0,1.0,0.0,0.0,0.0,179.37
78,1845,10,f594bc289320,B2_Cyclic_M5,1.0,1.0,0.0,0.0,0.0,298.95
79,169,10,e59fc90e236d,B0_Native,0.0,0.4831,0.0,0.0,0.0,73.63
79,169,10,e59fc90e236d,B0_Random,0.0,0.6993,0.0,0.2173,0.5089,73.63
79,169,10,e59fc90e236d,B1_Alpha,0.0,0.6461,0.0,0.2,0.8,73.63
79,169,10,e59fc90e236d,B1_ReverseAlpha,0.0,0.5359,0.0,0.2,0.8,73.63
79,169,10,e59fc90e236d,Rand_Marg_M2,0.0,0.6808,0.0,0.0889,0.0,147.27
79,169,10,e59fc90e236d,Rand_Marg_M3,0.0,0.6683,0.0,0.2222,0.5,220.9
79,169,10,e59fc90e236d,Rand_Marg_M5,0.0,0.6956,0.0,0.0667,0.0,368.17
79,169,10,e59fc90e236d,B2_Cyclic_M2,0.0,0.5555,0.0,0.1333,0.5,147.27
79,169,10,e59fc90e236d,B2_Cyclic_M3,0.0,0.5783,0.0,0.0667,0.5,220.9
79,169,10,e59fc90e236d,B2_Cyclic_M5,0.0,0.6667,0.0,0.1111,0.5,368.17
80,2367,10,91ae5ae07147,B0_Native,1.0,1.0,0.0,0.0,0.0,66.59
80,2367,10,91ae5ae07147,B0_Random,1.0,1.0,0.0,0.0,0.0,66.59
80,2367,10,91ae5ae07147,B1_Alpha,1.0,0.998,0.0,0.0,0.0,66.59
80,2367,10,91ae5ae07147,B1_ReverseAlpha,1.0,1.0,0.0,0.0,0.0,66.59
80,2367,10,91ae5ae07147,Rand_Marg_M2,1.0,1.0,0.0,0.0,0.0,133.19
80,2367,10,91ae5ae07147,Rand_Marg_M3,1.0,1.0,0.0,0.0,0.0,199.78
80,2367,10,91ae5ae07147,Rand_Marg_M5,1.0,1.0,0.0,0.0,0.0,332.97
80,2367,10,91ae5ae07147,B2_Cyclic_M2,1.0,1.0,0.0,0.0,0.0,133.19
80,2367,10,91ae5ae07147,B2_Cyclic_M3,1.0,1.0,0.0,0.0,0.0,199.78
80,2367,10,91ae5ae07147,B2_Cyclic_M5,1.0,1.0,0.0,0.0,0.0,332.97
81,1505,10,313769f1b953,B0_Native,1.0,0.9985,0.0,0.0,0.0,61.26
81,1505,10,313769f1b953,B0_Random,1.0,0.9996,0.0,0.002,0.2956,61.26
81,1505,10,313769f1b953,B1_Alpha,1.0,0.9996,0.0,0.0,0.8,61.26
81,1505,10,313769f1b953,B1_ReverseAlpha,1.0,1.0,0.0,0.0,0.8,61.26
81,1505,10,313769f1b953,Rand_Marg_M2,1.0,0.9998,0.0,0.0,0.8,122.51
81,1505,10,313769f1b953,Rand_Marg_M3,1.0,0.9999,0.0,0.0,0.8,183.77
81,1505,10,313769f1b953,Rand_Marg_M5,1.0,0.9999,0.0,0.0889,0.5,306.28
81,1505,10,313769f1b953,B2_Cyclic_M2,1.0,0.9992,0.0,0.0222,0.5,122.51
81,1505,10,313769f1b953,B2_Cyclic_M3,1.0,0.9995,0.0,0.0,0.0,183.77
81,1505,10,313769f1b953,B2_Cyclic_M5,1.0,0.9995,0.0,0.0,0.0,306.28
82,478,10,e87cd2379797,B0_Native,1.0,0.9997,0.0,0.0,0.0,66.7
82,478,10,e87cd2379797,B0_Random,1.0,1.0,0.0,0.003,0.2422,66.7
82,478,10,e87cd2379797,B1_Alpha,1.0,1.0,0.0,0.0,0.0,66.7
82,478,10,e87cd2379797,B1_ReverseAlpha,1.0,1.0,0.0,0.0,0.0,66.7
82,478,10,e87cd2379797,Rand_Marg_M2,1.0,1.0,0.0,0.0,0.0,133.41
82,478,10,e87cd2379797,Rand_Marg_M3,1.0,1.0,0.0,0.0,0.5,200.11
82,478,10,e87cd2379797,Rand_Marg_M5,1.0,1.0,0.0,0.0,0.5,333.52
82,478,10,e87cd2379797,B2_Cyclic_M2,1.0,0.9999,0.0,0.0,0.5,133.41
82,478,10,e87cd2379797,B2_Cyclic_M3,1.0,0.9999,0.0,0.0,0.5,200.11
82,478,10,e87cd2379797,B2_Cyclic_M5,1.0,0.9999,0.0,0.0,0.5,333.52
83,2160,10,f43787bc0ad8,B0_Native,0.0,0.9973,0.0,0.0,0.0,53.79
83,2160,10,f43787bc0ad8,B0_Random,0.0,0.9998,0.0,0.0494,0.4133,53.79
83,2160,10,f43787bc0ad8,B1_Alpha,0.0,0.9987,0.0,0.0889,0.5,53.79
83,2160,10,f43787bc0ad8,B1_ReverseAlpha,0.0,0.9991,0.0,0.0889,0.5,53.79
83,2160,10,f43787bc0ad8,Rand_Marg_M2,0.0,0.9991,0.0,0.1778,0.5,107.59
83,2160,10,f43787bc0ad8,Rand_Marg_M3,0.0,0.999,0.0,0.0889,0.5,161.38
83,2160,10,f43787bc0ad8,Rand_Marg_M5,0.0,0.9981,0.0,0.0667,0.0,268.97
83,2160,10,f43787bc0ad8,B2_Cyclic_M2,0.0,0.9987,0.0,0.0,0.5,107.59
83,2160,10,f43787bc0ad8,B2_Cyclic_M3,0.0,0.9988,0.0,0.0222,0.0,161.38
83,2160,10,f43787bc0ad8,B2_Cyclic_M5,0.0,0.999,0.0,0.1111,0.5,268.97
84,1382,10,ce306a34ebac,B0_Native,1.0,0.999,0.0,0.0,0.0,64.27
84,1382,10,ce306a34ebac,B0_Random,1.0,0.9999,0.0,0.0128,0.3756,64.27
84,1382,10,ce306a34ebac,B1_Alpha,1.0,0.9989,0.0,0.1333,0.5,64.27
84,1382,10,ce306a34ebac,B1_ReverseAlpha,1.0,0.9988,0.0,0.1333,0.5,64.27
84,1382,10,ce306a34ebac,Rand_Marg_M2,1.0,0.9997,0.0,0.0,0.5,128.54
84,1382,10,ce306a34ebac,Rand_Marg_M3,1.0,0.9993,0.0,0.0444,0.0,192.81
84,1382,10,ce306a34ebac,Rand_Marg_M5,1.0,0.9994,0.0,0.0444,0.0,321.35
84,1382,10,ce306a34ebac,B2_Cyclic_M2,1.0,0.9994,0.0,0.0,0.0,128.54
84,1382,10,ce306a34ebac,B2_Cyclic_M3,1.0,0.9993,0.0,0.0444,0.0,192.81
84,1382,10,ce306a34ebac,B2_Cyclic_M5,1.0,0.9994,0.0,0.0222,0.0,321.35
85,345,10,120cf8402c7c,B0_Native,1.0,0.585,0.0,0.0,0.0,59.98
85,345,10,120cf8402c7c,B0_Random,1.0,0.6098,0.2,0.0864,0.0,59.98
85,345,10,120cf8402c7c,B1_Alpha,1.0,0.3624,0.0,0.1111,0.5,59.98
85,345,10,120cf8402c7c,B1_ReverseAlpha,1.0,0.7791,0.0,0.1111,0.5,59.98
85,345,10,120cf8402c7c,Rand_Marg_M2,1.0,0.744,0.0,0.0444,0.0,119.96
85,345,10,120cf8402c7c,Rand_Marg_M3,1.0,0.7278,0.0,0.0444,0.0,179.94
85,345,10,120cf8402c7c,Rand_Marg_M5,1.0,0.7124,0.0,0.0667,0.0,299.9
85,345,10,120cf8402c7c,B2_Cyclic_M2,1.0,0.6944,0.0,0.0444,0.0,119.96
85,345,10,120cf8402c7c,B2_Cyclic_M3,1.0,0.7692,0.0,0.0444,0.5,179.94
85,345,10,120cf8402c7c,B2_Cyclic_M5,1.0,0.744,0.0,0.0,0.0,299.9
86,957,10,a3c6aeb6f433,B0_Native,1.0,0.972,0.0,0.0,0.0,56.99
86,957,10,a3c6aeb6f433,B0_Random,0.0,0.5236,0.3556,0.0326,0.0,56.99
86,957,10,a3c6aeb6f433,B1_Alpha,1.0,0.5413,0.0,0.0,0.0,56.99
86,957,10,a3c6aeb6f433,B1_ReverseAlpha,1.0,0.9694,0.0,0.0,0.0,56.99
86,957,10,a3c6aeb6f433,Rand_Marg_M2,1.0,0.7253,1.0,0.0444,0.0,113.98
86,957,10,a3c6aeb6f433,Rand_Marg_M3,1.0,0.7339,0.0,0.0222,0.0,170.97
86,957,10,a3c6aeb6f433,Rand_Marg_M5,1.0,0.6407,0.0,0.0222,0.0,284.95
86,957,10,a3c6aeb6f433,B2_Cyclic_M2,1.0,0.9792,0.0,0.0,0.0,113.98
86,957,10,a3c6aeb6f433,B2_Cyclic_M3,1.0,0.9564,0.0,0.0444,0.0,170.97
86,957,10,a3c6aeb6f433,B2_Cyclic_M5,1.0,0.8945,0.0,0.0222,0.0,284.95
87,1786,10,fd7aa27119d0,B0_Native,1.0,0.996,0.0,0.0,0.0,65.12
87,1786,10,fd7aa27119d0,B0_Random,1.0,0.9992,0.0,0.0583,0.1956,65.12
87,1786,10,fd7aa27119d0,B1_Alpha,1.0,0.9942,0.0,0.0,0.5,65.12
87,1786,10,fd7aa27119d0,B1_ReverseAlpha,1.0,1.0,0.0,0.0,0.5,65.12
87,1786,10,fd7aa27119d0,Rand_Marg_M2,1.0,0.9993,0.0,0.1111,0.0,130.24
87,1786,10,fd7aa27119d0,Rand_Marg_M3,1.0,0.9969,0.0,0.1111,0.5,195.35
87,1786,10,fd7aa27119d0,Rand_Marg_M5,1.0,0.9977,0.0,0.2,0.0,325.59
87,1786,10,fd7aa27119d0,B2_Cyclic_M2,1.0,0.9962,0.0,0.1333,0.0,130.24
87,1786,10,fd7aa27119d0,B2_Cyclic_M3,1.0,0.9975,0.0,0.1556,0.0,195.35
87,1786,10,fd7aa27119d0,B2_Cyclic_M5,1.0,0.9973,0.0,0.0,0.0,325.59
88,1191,10,374b43921558,B0_Native,1.0,0.5997,0.0,0.0,0.0,57.02
88,1191,10,374b43921558,B0_Random,1.0,0.646,0.0,0.2583,0.4733,57.02
88,1191,10,374b43921558,B1_Alpha,1.0,0.85,0.0,0.5333,0.8,57.02
88,1191,10,374b43921558,B1_ReverseAlpha,1.0,0.6091,0.0,0.5333,0.8,57.02
88,1191,10,374b43921558,Rand_Marg_M2,1.0,0.6937,0.0,0.1778,0.0,114.03
88,1191,10,374b43921558,Rand_Marg_M3,1.0,0.6657,0.0,0.2667,0.0,171.05
88,1191,10,374b43921558,Rand_Marg_M5,1.0,0.6871,0.0,0.2,0.0,285.08
88,1191,10,374b43921558,B2_Cyclic_M2,1.0,0.7419,0.0,0.2444,0.5,114.03
88,1191,10,374b43921558,B2_Cyclic_M3,1.0,0.8075,0.0,0.1333,0.5,171.05
88,1191,10,374b43921558,B2_Cyclic_M5,1.0,0.835,0.0,0.0889,0.5,285.08
89,696,10,6b3331be5ea3,B0_Native,0.0,0.9407,0.0,0.0,0.0,58.64
89,696,10,6b3331be5ea3,B0_Random,0.0,0.9411,0.0,0.0988,0.4222,58.64
89,696,10,6b3331be5ea3,B1_Alpha,0.0,0.9457,0.0,0.0667,0.5,58.64
89,696,10,6b3331be5ea3,B1_ReverseAlpha,0.0,0.903,0.0,0.0667,0.5,58.64
89,696,10,6b3331be5ea3,Rand_Marg_M2,0.0,0.9542,0.0,0.1111,0.5,117.27
89,696,10,6b3331be5ea3,Rand_Marg_M3,0.0,0.937,0.0,0.0222,0.0,175.91
89,696,10,6b3331be5ea3,Rand_Marg_M5,0.0,0.9132,0.0,0.0667,0.5,293.19
89,696,10,6b3331be5ea3,B2_Cyclic_M2,0.0,0.8997,0.0,0.0444,0.0,117.27
89,696,10,6b3331be5ea3,B2_Cyclic_M3,0.0,0.9051,0.0,0.0667,0.5,175.91
89,696,10,6b3331be5ea3,B2_Cyclic_M5,0.0,0.8998,0.0,0.0222,0.0,293.19
90,1753,10,cd6bf4b65a3f,B0_Native,1.0,0.5636,0.0,0.0,0.0,69.1
90,1753,10,cd6bf4b65a3f,B0_Random,0.0,0.546,0.5111,0.1042,0.0,69.1
90,1753,10,cd6bf4b65a3f,B1_Alpha,1.0,0.4778,0.0,0.0444,0.0,69.1
90,1753,10,cd6bf4b65a3f,B1_ReverseAlpha,1.0,0.892,0.0,0.0444,0.0,69.1
90,1753,10,cd6bf4b65a3f,Rand_Marg_M2,1.0,0.4001,0.0,0.0889,0.0,138.2
90,1753,10,cd6bf4b65a3f,Rand_Marg_M3,1.0,0.5399,1.0,0.0889,0.0,207.3
90,1753,10,cd6bf4b65a3f,Rand_Marg_M5,1.0,0.442,0.0,0.0222,0.0,345.5
90,1753,10,cd6bf4b65a3f,B2_Cyclic_M2,1.0,0.4296,1.0,0.0667,0.0,138.2
90,1753,10,cd6bf4b65a3f,B2_Cyclic_M3,0.0,0.415,1.0,0.0667,0.0,207.3
90,1753,10,cd6bf4b65a3f,B2_Cyclic_M5,1.0,0.4288,0.0,0.0222,0.0,345.5
91,2436,10,00ceb94cb70f,B0_Native,1.0,0.9992,0.0,0.0,0.0,59.34
91,2436,10,00ceb94cb70f,B0_Random,1.0,0.9984,0.0,0.0331,0.0,59.34
91,2436,10,00ceb94cb70f,B1_Alpha,1.0,0.933,0.0,0.2222,0.0,59.34
91,2436,10,00ceb94cb70f,B1_ReverseAlpha,1.0,0.9201,0.0,0.2222,0.0,59.34
91,2436,10,00ceb94cb70f,Rand_Marg_M2,1.0,0.9979,0.0,0.0,0.0,118.68
91,2436,10,00ceb94cb70f,Rand_Marg_M3,1.0,0.9789,0.0,0.1111,0.0,178.01
91,2436,10,00ceb94cb70f,Rand_Marg_M5,1.0,0.9858,0.0,0.0667,0.0,296.69
91,2436,10,00ceb94cb70f,B2_Cyclic_M2,1.0,0.9869,0.0,0.0222,0.0,118.68
91,2436,10,00ceb94cb70f,B2_Cyclic_M3,1.0,0.9931,0.0,0.0222,0.0,178.01
91,2436,10,00ceb94cb70f,B2_Cyclic_M5,1.0,0.9945,0.0,0.0667,0.5,296.69
92,726,10,2937785491ac,B0_Native,1.0,1.0,0.0,0.0,0.0,56.89
92,726,10,2937785491ac,B0_Random,1.0,1.0,0.0,0.0,0.0,56.89
92,726,10,2937785491ac,B1_Alpha,1.0,1.0,0.0,0.0,0.0,56.89
92,726,10,2937785491ac,B1_ReverseAlpha,1.0,1.0,0.0,0.0,0.0,56.89
92,726,10,2937785491ac,Rand_Marg_M2,1.0,1.0,0.0,0.0,0.0,113.79
92,726,10,2937785491ac,Rand_Marg_M3,1.0,1.0,0.0,0.0,0.0,170.68
92,726,10,2937785491ac,Rand_Marg_M5,1.0,1.0,0.0,0.0,0.0,284.47
92,726,10,2937785491ac,B2_Cyclic_M2,1.0,1.0,0.0,0.0,0.0,113.79
92,726,10,2937785491ac,B2_Cyclic_M3,1.0,1.0,0.0,0.0,0.0,170.68
92,726,10,2937785491ac,B2_Cyclic_M5,1.0,1.0,0.0,0.0,0.0,284.47
93,275,10,bd50a16fee1f,B0_Native,1.0,0.5161,0.0,0.0,0.0,64.45
93,275,10,bd50a16fee1f,B0_Random,1.0,0.7469,0.0,0.2064,0.3978,64.45
93,275,10,bd50a16fee1f,B1_Alpha,1.0,0.3964,0.0,0.3778,0.8,64.45
93,275,10,bd50a16fee1f,B1_ReverseAlpha,1.0,0.5738,0.0,0.3778,0.8,64.45
93,275,10,bd50a16fee1f,Rand_Marg_M2,1.0,0.7324,0.0,0.1556,0.5,128.91
93,275,10,bd50a16fee1f,Rand_Marg_M3,1.0,0.5871,0.0,0.1333,0.5,193.36
93,275,10,bd50a16fee1f,Rand_Marg_M5,1.0,0.5866,0.0,0.1333,0.0,322.27
93,275,10,bd50a16fee1f,B2_Cyclic_M2,1.0,0.5418,0.0,0.0667,0.5,128.91
93,275,10,bd50a16fee1f,B2_Cyclic_M3,1.0,0.5312,0.0,0.1111,0.5,193.36
93,275,10,bd50a16fee1f,B2_Cyclic_M5,1.0,0.5542,0.0,0.0444,0.5,322.27
94,617,10,f1bb613a0349,B0_Native,0.0,0.6359,0.0,0.0,0.0,60.56
94,617,10,f1bb613a0349,B0_Random,0.0,0.7625,0.2,0.081,0.2556,60.56
94,617,10,f1bb613a0349,B1_Alpha,0.0,0.6766,0.0,0.0667,0.0,60.56
94,617,10,f1bb613a0349,B1_ReverseAlpha,0.0,0.6703,0.0,0.0667,0.0,60.56
94,617,10,f1bb613a0349,Rand_Marg_M2,0.0,0.7216,0.0,0.0444,0.0,121.11
94,617,10,f1bb613a0349,Rand_Marg_M3,0.0,0.7173,0.0,0.0444,0.0,181.67
94,617,10,f1bb613a0349,Rand_Marg_M5,0.0,0.7146,0.0,0.0,0.0,302.78
94,617,10,f1bb613a0349,B2_Cyclic_M2,0.0,0.627,0.0,0.0667,0.0,121.11
94,617,10,f1bb613a0349,B2_Cyclic_M3,0.0,0.6412,0.0,0.0444,0.5,181.67
94,617,10,f1bb613a0349,B2_Cyclic_M5,0.0,0.6614,0.0,0.0444,0.0,302.78
95,1618,10,b5946f3cccce,B0_Native,1.0,0.9985,0.0,0.0,0.0,63.52
95,1618,10,b5946f3cccce,B0_Random,1.0,0.9969,0.0,0.0519,0.38,63.52
95,1618,10,b5946f3cccce,B1_Alpha,1.0,0.9975,0.0,0.0889,0.5,63.52
95,1618,10,b5946f3cccce,B1_ReverseAlpha,1.0,0.9979,0.0,0.0889,0.5,63.52
95,1618,10,b5946f3cccce,Rand_Marg_M2,1.0,0.9975,0.0,0.0222,0.0,127.03
95,1618,10,b5946f3cccce,Rand_Marg_M3,1.0,0.9981,0.0,0.0444,0.5,190.55
95,1618,10,b5946f3cccce,Rand_Marg_M5,1.0,0.998,0.0,0.0444,0.5,317.58
95,1618,10,b5946f3cccce,B2_Cyclic_M2,1.0,0.9988,0.0,0.0667,0.0,127.03
95,1618,10,b5946f3cccce,B2_Cyclic_M3,1.0,0.9987,0.0,0.0222,0.0,190.55
95,1618,10,b5946f3cccce,B2_Cyclic_M5,1.0,0.9987,0.0,0.0444,0.5,317.58
96,2723,10,b8ef5e7fcc55,B0_Native,1.0,0.9961,0.0,0.0,0.0,69.99
96,2723,10,b8ef5e7fcc55,B0_Random,1.0,0.9741,0.0,0.0706,0.4089,69.99
96,2723,10,b8ef5e7fcc55,B1_Alpha,1.0,0.9849,0.0,0.0444,0.5,69.99
96,2723,10,b8ef5e7fcc55,B1_ReverseAlpha,1.0,0.9934,0.0,0.0444,0.5,69.99
96,2723,10,b8ef5e7fcc55,Rand_Marg_M2,1.0,0.9837,0.0,0.0667,0.5,139.98
96,2723,10,b8ef5e7fcc55,Rand_Marg_M3,1.0,0.9645,0.0,0.0667,0.5,209.98
96,2723,10,b8ef5e7fcc55,Rand_Marg_M5,1.0,0.9732,0.0,0.0444,0.0,349.96
96,2723,10,b8ef5e7fcc55,B2_Cyclic_M2,1.0,0.9951,0.0,0.0667,0.5,139.98
96,2723,10,b8ef5e7fcc55,B2_Cyclic_M3,1.0,0.9929,0.0,0.1111,0.5,209.98
96,2723,10,b8ef5e7fcc55,B2_Cyclic_M5,1.0,0.9895,0.0,0.0889,0.5,349.96
97,59,10,e27dd2959a95,B0_Native,0.0,0.6409,0.0,0.0,0.0,60.23
97,59,10,e27dd2959a95,B0_Random,0.0,0.6419,0.3556,0.1017,0.2556,60.23
97,59,10,e27dd2959a95,B1_Alpha,0.0,0.7795,1.0,0.1333,0.0,60.23
97,59,10,e27dd2959a95,B1_ReverseAlpha,1.0,0.4847,1.0,0.1333,0.0,60.23
97,59,10,e27dd2959a95,Rand_Marg_M2,0.0,0.5387,0.0,0.0222,0.5,120.45
97,59,10,e27dd2959a95,Rand_Marg_M3,0.0,0.5139,0.0,0.0222,0.0,180.68
97,59,10,e27dd2959a95,Rand_Marg_M5,0.0,0.5231,0.0,0.0,0.0,301.14
97,59,10,e27dd2959a95,B2_Cyclic_M2,0.0,0.6804,0.0,0.0667,0.5,120.45
97,59,10,e27dd2959a95,B2_Cyclic_M3,0.0,0.586,0.0,0.0,0.0,180.68
97,59,10,e27dd2959a95,B2_Cyclic_M5,0.0,0.5499,0.0,0.0222,0.0,301.14
98,1306,10,37e15a3300aa,B0_Native,1.0,0.9999,0.0,0.0,0.0,60.12
98,1306,10,37e15a3300aa,B0_Random,1.0,1.0,0.0,0.0,0.0,60.12
98,1306,10,37e15a3300aa,B1_Alpha,1.0,1.0,0.0,0.0,0.0,60.12
98,1306,10,37e15a3300aa,B1_ReverseAlpha,1.0,1.0,0.0,0.0,0.0,60.12
98,1306,10,37e15a3300aa,Rand_Marg_M2,1.0,1.0,0.0,0.0,0.0,120.25
98,1306,10,37e15a3300aa,Rand_Marg_M3,1.0,1.0,0.0,0.0,0.0,180.37
98,1306,10,37e15a3300aa,Rand_Marg_M5,1.0,1.0,0.0,0.0,0.0,300.62
98,1306,10,37e15a3300aa,B2_Cyclic_M2,1.0,0.9999,0.0,0.0,0.0,120.25
98,1306,10,37e15a3300aa,B2_Cyclic_M3,1.0,1.0,0.0,0.0,0.0,180.37
98,1306,10,37e15a3300aa,B2_Cyclic_M5,1.0,1.0,0.0,0.0,0.0,300.62
99,2766,10,be250c1c03e2,B0_Native,1.0,0.5569,0.0,0.0,0.0,61.27
99,2766,10,be250c1c03e2,B0_Random,1.0,0.679,0.0,0.2602,0.5444,61.27
99,2766,10,be250c1c03e2,B1_Alpha,1.0,0.8623,0.0,0.2222,0.5,61.27
99,2766,10,be250c1c03e2,B1_ReverseAlpha,1.0,0.483,0.0,0.2222,0.5,61.27
99,2766,10,be250c1c03e2,Rand_Marg_M2,1.0,0.8232,0.0,0.1778,0.5,122.55
99,2766,10,be250c1c03e2,Rand_Marg_M3,1.0,0.6562,0.0,0.2,0.5,183.82
99,2766,10,be250c1c03e2,Rand_Marg_M5,1.0,0.6613,0.0,0.1333,0.0,306.36
99,2766,10,be250c1c03e2,B2_Cyclic_M2,1.0,0.7079,0.0,0.2,0.0,122.55
99,2766,10,be250c1c03e2,B2_Cyclic_M3,1.0,0.6817,0.0,0.1556,0.0,183.82
99,2766,10,be250c1c03e2,B2_Cyclic_M5,1.0,0.7302,0.0,0.1333,0.0,306.36
100,1826,10,b3fdac7f78ec,B0_Native,1.0,1.0,0.0,0.0,0.0,58.44
100,1826,10,b3fdac7f78ec,B0_Random,1.0,1.0,0.0,0.0,0.0,58.44
100,1826,10,b3fdac7f78ec,B1_Alpha,1.0,1.0,0.0,0.0,0.0,58.44
100,1826,10,b3fdac7f78ec,B1_ReverseAlpha,1.0,1.0,0.0,0.0,0.0,58.44
100,1826,10,b3fdac7f78ec,Rand_Marg_M2,1.0,1.0,0.0,0.0,0.0,116.89
100,1826,10,b3fdac7f78ec,Rand_Marg_M3,1.0,1.0,0.0,0.0,0.0,175.33
100,1826,10,b3fdac7f78ec,Rand_Marg_M5,1.0,1.0,0.0,0.0,0.0,292.22
100,1826,10,b3fdac7f78ec,B2_Cyclic_M2,1.0,1.0,0.0,0.0,0.0,116.89
100,1826,10,b3fdac7f78ec,B2_Cyclic_M3,1.0,1.0,0.0,0.0,0.0,175.33
100,1826,10,b3fdac7f78ec,B2_Cyclic_M5,1.0,1.0,0.0,0.0,0.0,292.22
101,1876,10,f68809ed2e3e,B0_Native,1.0,1.0,0.0,0.0,0.0,58.01
101,1876,10,f68809ed2e3e,B0_Random,1.0,1.0,0.0,0.0,0.1,58.01
101,1876,10,f68809ed2e3e,B1_Alpha,1.0,1.0,0.0,0.0,0.5,58.01
101,1876,10,f68809ed2e3e,B1_ReverseAlpha,1.0,0.9738,0.0,0.0,0.5,58.01
101,1876,10,f68809ed2e3e,Rand_Marg_M2,1.0,1.0,0.0,0.0,0.0,116.02
101,1876,10,f68809ed2e3e,Rand_Marg_M3,1.0,1.0,0.0,0.0,0.0,174.03
101,1876,10,f68809ed2e3e,Rand_Marg_M5,1.0,1.0,0.0,0.0,0.5,290.05
101,1876,10,f68809ed2e3e,B2_Cyclic_M2,1.0,1.0,0.0,0.0,0.0,116.02
101,1876,10,f68809ed2e3e,B2_Cyclic_M3,1.0,1.0,0.0,0.0,0.0,174.03
101,1876,10,f68809ed2e3e,B2_Cyclic_M5,1.0,1.0,0.0,0.0,0.0,290.05
102,3013,10,79c123d0c7df,B0_Native,1.0,0.999,0.0,0.0,0.0,57.6
102,3013,10,79c123d0c7df,B0_Random,1.0,0.9999,0.0,0.0,0.0,57.6
102,3013,10,79c123d0c7df,B1_Alpha,1.0,1.0,0.0,0.0,0.5,57.6
102,3013,10,79c123d0c7df,B1_ReverseAlpha,1.0,0.9992,0.0,0.0,0.5,57.6
102,3013,10,79c123d0c7df,Rand_Marg_M2,1.0,0.9999,0.0,0.0,0.0,115.2
102,3013,10,79c123d0c7df,Rand_Marg_M3,1.0,1.0,0.0,0.0,0.0,172.79
102,3013,10,79c123d0c7df,Rand_Marg_M5,1.0,1.0,0.0,0.0,0.0,287.99
102,3013,10,79c123d0c7df,B2_Cyclic_M2,1.0,0.9994,0.0,0.0,0.8,115.2
102,3013,10,79c123d0c7df,B2_Cyclic_M3,1.0,0.9996,0.0,0.0,0.8,172.79
102,3013,10,79c123d0c7df,B2_Cyclic_M5,1.0,0.9998,0.0,0.0,0.5,287.99
103,2948,10,ae8896807d1c,B0_Native,1.0,0.9802,0.0,0.0,0.0,65.28
103,2948,10,ae8896807d1c,B0_Random,1.0,0.9987,0.0,0.078,0.3733,65.28
103,2948,10,ae8896807d1c,B1_Alpha,1.0,0.9969,0.0,0.0667,0.5,65.28
103,2948,10,ae8896807d1c,B1_ReverseAlpha,1.0,0.9938,0.0,0.0667,0.5,65.28
103,2948,10,ae8896807d1c,Rand_Marg_M2,1.0,0.9929,0.0,0.0222,0.0,130.55
103,2948,10,ae8896807d1c,Rand_Marg_M3,1.0,0.9906,0.0,0.0667,0.0,195.83
103,2948,10,ae8896807d1c,Rand_Marg_M5,1.0,0.9937,0.0,0.0889,0.5,326.38
103,2948,10,ae8896807d1c,B2_Cyclic_M2,1.0,0.9873,0.0,0.0889,0.5,130.55
103,2948,10,ae8896807d1c,B2_Cyclic_M3,1.0,0.9907,0.0,0.1111,0.5,195.83
103,2948,10,ae8896807d1c,B2_Cyclic_M5,1.0,0.9927,0.0,0.0667,0.5,326.38
104,1089,10,00cea867e77b,B0_Native,1.0,0.9849,0.0,0.0,0.0,66.3
104,1089,10,00cea867e77b,B0_Random,1.0,0.9916,0.0,0.0454,0.1778,66.3
104,1089,10,00cea867e77b,B1_Alpha,1.0,0.9985,0.0,0.0,0.0,66.3
104,1089,10,00cea867e77b,B1_ReverseAlpha,1.0,0.9989,0.0,0.0,0.0,66.3
104,1089,10,00cea867e77b,Rand_Marg_M2,1.0,0.994,0.0,0.1111,0.5,132.6
104,1089,10,00cea867e77b,Rand_Marg_M3,1.0,0.9955,0.0,0.1333,0.5,198.91
104,1089,10,00cea867e77b,Rand_Marg_M5,1.0,0.9966,0.0,0.1333,0.5,331.51
104,1089,10,00cea867e77b,B2_Cyclic_M2,1.0,0.9917,0.0,0.0,0.5,132.6
104,1089,10,00cea867e77b,B2_Cyclic_M3,1.0,0.9945,0.0,0.0444,0.5,198.91
104,1089,10,00cea867e77b,B2_Cyclic_M5,1.0,0.9964,0.0,0.0444,0.5,331.51
105,2229,10,233a013db5ae,B0_Native,0.0,0.6048,0.0,0.0,0.0,61.95
105,2229,10,233a013db5ae,B0_Random,0.0,0.3863,0.0,0.1506,0.4689,61.95
105,2229,10,233a013db5ae,B1_Alpha,0.0,0.7883,0.0,0.1333,0.5,61.95
105,2229,10,233a013db5ae,B1_ReverseAlpha,0.0,0.4983,0.0,0.1333,0.5,61.95
105,2229,10,233a013db5ae,Rand_Marg_M2,0.0,0.6061,0.0,0.1333,0.5,123.9
105,2229,10,233a013db5ae,Rand_Marg_M3,0.0,0.6049,0.0,0.1778,0.5,185.86
105,2229,10,233a013db5ae,Rand_Marg_M5,0.0,0.6599,0.0,0.1556,0.5,309.76
105,2229,10,233a013db5ae,B2_Cyclic_M2,0.0,0.6598,0.0,0.0222,0.0,123.9
105,2229,10,233a013db5ae,B2_Cyclic_M3,0.0,0.6519,0.0,0.0,0.0,185.86
105,2229,10,233a013db5ae,B2_Cyclic_M5,0.0,0.6289,0.0,0.0,0.0,309.76
106,805,10,66476843eed7,B0_Native,1.0,0.9999,0.0,0.0,0.0,58.45
106,805,10,66476843eed7,B0_Random,1.0,1.0,0.0,0.0,0.1778,58.45
106,805,10,66476843eed7,B1_Alpha,1.0,0.9997,0.0,0.0,0.5,58.45
106,805,10,66476843eed7,B1_ReverseAlpha,1.0,1.0,0.0,0.0,0.5,58.45
106,805,10,66476843eed7,Rand_Marg_M2,1.0,1.0,0.0,0.0,0.5,116.9
106,805,10,66476843eed7,Rand_Marg_M3,1.0,0.9981,0.0,0.0,0.5,175.35
106,805,10,66476843eed7,Rand_Marg_M5,1.0,0.9989,0.0,0.0,0.0,292.25
106,805,10,66476843eed7,B2_Cyclic_M2,1.0,0.9999,0.0,0.0,0.0,116.9
106,805,10,66476843eed7,B2_Cyclic_M3,1.0,1.0,0.0,0.0,0.0,175.35
106,805,10,66476843eed7,B2_Cyclic_M5,1.0,1.0,0.0,0.0,0.0,292.25
107,2296,10,c3728747d4be,B0_Native,0.0,0.2623,0.0,0.0,0.0,59.71
107,2296,10,c3728747d4be,B0_Random,0.0,0.2036,0.7111,0.2884,0.6089,59.71
107,2296,10,c3728747d4be,B1_Alpha,0.0,0.1428,1.0,0.2667,0.0,59.71
107,2296,10,c3728747d4be,B1_ReverseAlpha,0.0,0.1853,1.0,0.2667,0.0,59.71
107,2296,10,c3728747d4be,Rand_Marg_M2,0.0,0.186,1.0,0.2,0.5,119.42
107,2296,10,c3728747d4be,Rand_Marg_M3,0.0,0.2164,1.0,0.1778,0.5,179.13
107,2296,10,c3728747d4be,Rand_Marg_M5,0.0,0.1831,1.0,0.2222,0.0,298.56
107,2296,10,c3728747d4be,B2_Cyclic_M2,0.0,0.2135,0.0,0.1111,0.5,119.42
107,2296,10,c3728747d4be,B2_Cyclic_M3,0.0,0.1765,0.0,0.1333,0.5,179.13
107,2296,10,c3728747d4be,B2_Cyclic_M5,0.0,0.1917,0.0,0.0,0.0,298.56
108,2349,10,75851da5c6e6,B0_Native,1.0,0.7426,0.0,0.0,0.0,68.04
108,2349,10,75851da5c6e6,B0_Random,1.0,0.9392,0.0,0.1096,0.1,68.04
108,2349,10,75851da5c6e6,B1_Alpha,1.0,0.7508,0.0,0.1111,0.0,68.04
108,2349,10,75851da5c6e6,B1_ReverseAlpha,1.0,0.9501,0.0,0.1111,0.0,68.04
108,2349,10,75851da5c6e6,Rand_Marg_M2,1.0,0.9065,0.0,0.0222,0.0,136.08
108,2349,10,75851da5c6e6,Rand_Marg_M3,1.0,0.9043,0.0,0.0222,0.0,204.11
108,2349,10,75851da5c6e6,Rand_Marg_M5,1.0,0.7564,0.0,0.0667,0.0,340.19
108,2349,10,75851da5c6e6,B2_Cyclic_M2,1.0,0.7842,0.0,0.0222,0.0,136.08
108,2349,10,75851da5c6e6,B2_Cyclic_M3,1.0,0.8638,0.0,0.0444,0.0,204.11
108,2349,10,75851da5c6e6,B2_Cyclic_M5,1.0,0.8466,0.0,0.0,0.0,340.19
109,558,10,0c04de6b2bdf,B0_Native,1.0,1.0,0.0,0.0,0.0,62.91
109,558,10,0c04de6b2bdf,B0_Random,1.0,1.0,0.0,0.0,0.0,62.91
109,558,10,0c04de6b2bdf,B1_Alpha,1.0,1.0,0.0,0.0,0.0,62.91
109,558,10,0c04de6b2bdf,B1_ReverseAlpha,1.0,1.0,0.0,0.0,0.0,62.91
109,558,10,0c04de6b2bdf,Rand_Marg_M2,1.0,1.0,0.0,0.0,0.0,125.82
109,558,10,0c04de6b2bdf,Rand_Marg_M3,1.0,1.0,0.0,0.0,0.0,188.74
109,558,10,0c04de6b2bdf,Rand_Marg_M5,1.0,1.0,0.0,0.0,0.0,314.56
109,558,10,0c04de6b2bdf,B2_Cyclic_M2,1.0,1.0,0.0,0.0,0.0,125.82
109,558,10,0c04de6b2bdf,B2_Cyclic_M3,1.0,1.0,0.0,0.0,0.0,188.74
109,558,10,0c04de6b2bdf,B2_Cyclic_M5,1.0,1.0,0.0,0.0,0.0,314.56
110,2608,10,60435de67c10,B0_Native,1.0,0.9517,0.0,0.0,0.0,69.71
110,2608,10,60435de67c10,B0_Random,1.0,0.9998,0.0,0.0202,0.2844,69.71
110,2608,10,60435de67c10,B1_Alpha,1.0,1.0,0.0,0.0,0.8,69.71
110,2608,10,60435de67c10,B1_ReverseAlpha,1.0,0.9976,0.0,0.0,0.8,69.71
110,2608,10,60435de67c10,Rand_Marg_M2,1.0,0.9987,0.0,0.0444,0.0,139.42
110,2608,10,60435de67c10,Rand_Marg_M3,1.0,0.9979,0.0,0.0889,0.0,209.13
110,2608,10,60435de67c10,Rand_Marg_M5,1.0,0.9962,0.0,0.1333,0.0,348.55
110,2608,10,60435de67c10,B2_Cyclic_M2,1.0,0.9409,0.0,0.0,0.0,139.42
110,2608,10,60435de67c10,B2_Cyclic_M3,1.0,0.9428,0.0,0.0667,0.0,209.13
110,2608,10,60435de67c10,B2_Cyclic_M5,1.0,0.9429,0.0,0.0222,0.0,348.55
111,1965,10,f6795f15b91d,B0_Native,1.0,0.8812,0.0,0.0,0.0,82.48
111,1965,10,f6795f15b91d,B0_Random,1.0,0.8496,0.0,0.038,0.2667,82.48
111,1965,10,f6795f15b91d,B1_Alpha,1.0,0.9893,0.0,0.0667,0.5,82.48
111,1965,10,f6795f15b91d,B1_ReverseAlpha,1.0,0.994,0.0,0.0667,0.5,82.48
111,1965,10,f6795f15b91d,Rand_Marg_M2,1.0,0.916,0.0,0.0444,0.0,164.97
111,1965,10,f6795f15b91d,Rand_Marg_M3,1.0,0.9435,0.0,0.0667,0.0,247.45
111,1965,10,f6795f15b91d,Rand_Marg_M5,1.0,0.9651,0.0,0.0889,0.5,412.41
111,1965,10,f6795f15b91d,B2_Cyclic_M2,1.0,0.9406,0.0,0.1111,0.5,164.97
111,1965,10,f6795f15b91d,B2_Cyclic_M3,1.0,0.9544,0.0,0.0889,0.0,247.45
111,1965,10,f6795f15b91d,B2_Cyclic_M5,1.0,0.9718,0.0,0.0444,0.0,412.41
112,2500,10,39b4d7bbb3b7,B0_Native,1.0,1.0,0.0,0.0,0.0,59.06
112,2500,10,39b4d7bbb3b7,B0_Random,1.0,1.0,0.0,0.0025,0.4822,59.06
112,2500,10,39b4d7bbb3b7,B1_Alpha,1.0,1.0,0.0,0.0,0.0,59.06
112,2500,10,39b4d7bbb3b7,B1_ReverseAlpha,1.0,1.0,0.0,0.0,0.0,59.06
112,2500,10,39b4d7bbb3b7,Rand_Marg_M2,1.0,1.0,0.0,0.0,0.8,118.12
112,2500,10,39b4d7bbb3b7,Rand_Marg_M3,1.0,0.9999,0.0,0.0444,0.5,177.18
112,2500,10,39b4d7bbb3b7,Rand_Marg_M5,1.0,0.9996,0.0,0.0444,0.5,295.29
112,2500,10,39b4d7bbb3b7,B2_Cyclic_M2,1.0,1.0,0.0,0.0,0.0,118.12
112,2500,10,39b4d7bbb3b7,B2_Cyclic_M3,1.0,1.0,0.0,0.0,0.0,177.18
112,2500,10,39b4d7bbb3b7,B2_Cyclic_M5,1.0,1.0,0.0,0.0,0.0,295.29
113,2086,10,a415fe06910d,B0_Native,1.0,0.8573,0.0,0.0,0.0,60.77
113,2086,10,a415fe06910d,B0_Random,1.0,0.9634,0.0,0.2099,0.3778,60.77
113,2086,10,a415fe06910d,B1_Alpha,1.0,0.9891,0.0,0.2222,0.5,60.77
113,2086,10,a415fe06910d,B1_ReverseAlpha,1.0,0.9891,0.0,0.2222,0.5,60.77
113,2086,10,a415fe06910d,Rand_Marg_M2,1.0,0.9805,0.0,0.2222,0.5,121.55
113,2086,10,a415fe06910d,Rand_Marg_M3,1.0,0.985,0.0,0.2444,0.5,182.32
113,2086,10,a415fe06910d,Rand_Marg_M5,1.0,0.9388,0.0,0.2,0.5,303.87
113,2086,10,a415fe06910d,B2_Cyclic_M2,1.0,0.9256,0.0,0.2444,0.5,121.55
113,2086,10,a415fe06910d,B2_Cyclic_M3,1.0,0.9497,0.0,0.2667,0.5,182.32
113,2086,10,a415fe06910d,B2_Cyclic_M5,1.0,0.9675,0.0,0.2444,0.5,303.87
114,594,10,3ad0db26dcaf,B0_Native,1.0,0.5852,0.0,0.0,0.0,60.01
114,594,10,3ad0db26dcaf,B0_Random,1.0,0.9039,0.0,0.1091,0.1778,60.01
114,594,10,3ad0db26dcaf,B1_Alpha,1.0,0.7213,0.0,0.2667,0.0,60.01
114,594,10,3ad0db26dcaf,B1_ReverseAlpha,1.0,0.927,0.0,0.2667,0.0,60.01
114,594,10,3ad0db26dcaf,Rand_Marg_M2,1.0,0.7967,0.0,0.0222,0.0,120.01
114,594,10,3ad0db26dcaf,Rand_Marg_M3,1.0,0.7295,0.0,0.0222,0.0,180.02
114,594,10,3ad0db26dcaf,Rand_Marg_M5,1.0,0.7493,0.0,0.0444,0.0,300.03
114,594,10,3ad0db26dcaf,B2_Cyclic_M2,1.0,0.7451,0.0,0.0667,0.0,120.01
114,594,10,3ad0db26dcaf,B2_Cyclic_M3,1.0,0.7981,0.0,0.0889,0.0,180.02
114,594,10,3ad0db26dcaf,B2_Cyclic_M5,1.0,0.8022,0.0,0.0444,0.0,300.03
115,394,10,5774de0d0f93,B0_Native,1.0,0.9864,0.0,0.0,0.0,59.6
115,394,10,5774de0d0f93,B0_Random,1.0,0.984,0.0,0.0642,0.3444,59.6
115,394,10,5774de0d0f93,B1_Alpha,1.0,0.9941,0.0,0.0667,0.0,59.6
115,394,10,5774de0d0f93,B1_ReverseAlpha,1.0,0.9954,0.0,0.0667,0.0,59.6
115,394,10,5774de0d0f93,Rand_Marg_M2,1.0,0.9818,0.0,0.1111,0.5,119.19
115,394,10,5774de0d0f93,Rand_Marg_M3,1.0,0.9863,0.0,0.1333,0.5,178.79
115,394,10,5774de0d0f93,Rand_Marg_M5,1.0,0.988,0.0,0.0444,0.0,297.98
115,394,10,5774de0d0f93,B2_Cyclic_M2,1.0,0.9891,0.0,0.0444,0.0,119.19
115,394,10,5774de0d0f93,B2_Cyclic_M3,1.0,0.99,0.0,0.0444,0.5,178.79
115,394,10,5774de0d0f93,B2_Cyclic_M5,1.0,0.9872,0.0,0.0222,0.0,297.98
116,759,10,46152316fe7c,B0_Native,1.0,0.4483,0.0,0.0,0.0,87.01
116,759,10,46152316fe7c,B0_Random,1.0,0.5496,0.3778,0.1121,0.2333,87.01
116,759,10,46152316fe7c,B1_Alpha,1.0,0.7569,0.0,0.1556,0.5,87.01
116,759,10,46152316fe7c,B1_ReverseAlpha,1.0,0.4782,0.0,0.1556,0.5,87.01
116,759,10,46152316fe7c,Rand_Marg_M2,1.0,0.6276,0.0,0.0222,0.0,174.02
116,759,10,46152316fe7c,Rand_Marg_M3,1.0,0.572,0.0,0.0889,0.0,261.03
116,759,10,46152316fe7c,Rand_Marg_M5,1.0,0.479,0.0,0.0667,0.0,435.06
116,759,10,46152316fe7c,B2_Cyclic_M2,1.0,0.4623,0.0,0.0667,0.0,174.02
116,759,10,46152316fe7c,B2_Cyclic_M3,1.0,0.5338,0.0,0.0,0.0,261.03
116,759,10,46152316fe7c,B2_Cyclic_M5,1.0,0.5077,0.0,0.0444,0.5,435.06
117,119,10,3c9f1262c854,B0_Native,1.0,1.0,0.0,0.0,0.0,58.16
117,119,10,3c9f1262c854,B0_Random,1.0,1.0,0.0,0.002,0.2956,58.16
117,119,10,3c9f1262c854,B1_Alpha,1.0,0.9989,0.0,0.0,0.8,58.16
117,119,10,3c9f1262c854,B1_ReverseAlpha,1.0,1.0,0.0,0.0,0.8,58.16
117,119,10,3c9f1262c854,Rand_Marg_M2,1.0,1.0,0.0,0.0,0.8,116.32
117,119,10,3c9f1262c854,Rand_Marg_M3,1.0,1.0,0.0,0.0,0.8,174.48
117,119,10,3c9f1262c854,Rand_Marg_M5,1.0,0.9998,0.0,0.0889,0.5,290.79
117,119,10,3c9f1262c854,B2_Cyclic_M2,1.0,1.0,0.0,0.0,0.0,116.32
117,119,10,3c9f1262c854,B2_Cyclic_M3,1.0,1.0,0.0,0.0,0.0,174.48
117,119,10,3c9f1262c854,B2_Cyclic_M5,1.0,1.0,0.0,0.0,0.0,290.79
118,899,10,2cd1b0a7bc6e,B0_Native,1.0,0.9937,0.0,0.0,0.0,57.18
118,899,10,2cd1b0a7bc6e,B0_Random,1.0,0.9978,0.0,0.1279,0.6089,57.18
118,899,10,2cd1b0a7bc6e,B1_Alpha,1.0,0.995,0.0,0.4,0.8,57.18
118,899,10,2cd1b0a7bc6e,B1_ReverseAlpha,1.0,0.9979,0.0,0.4,0.8,57.18
118,899,10,2cd1b0a7bc6e,Rand_Marg_M2,1.0,0.9932,0.0,0.2444,0.5,114.36
118,899,10,2cd1b0a7bc6e,Rand_Marg_M3,1.0,0.9949,0.0,0.2222,0.5,171.54
118,899,10,2cd1b0a7bc6e,Rand_Marg_M5,1.0,0.9962,0.0,0.2444,0.8,285.9
118,899,10,2cd1b0a7bc6e,B2_Cyclic_M2,1.0,0.9785,0.0,0.1556,0.5,114.36
118,899,10,2cd1b0a7bc6e,B2_Cyclic_M3,1.0,0.9852,0.0,0.0667,0.5,171.54
118,899,10,2cd1b0a7bc6e,B2_Cyclic_M5,1.0,0.9853,0.0,0.0889,0.5,285.9
119,2708,10,e6e7136b979d,B0_Native,1.0,0.849,0.0,0.0,0.0,82.39
119,2708,10,e6e7136b979d,B0_Random,1.0,0.9752,0.0,0.0963,0.1889,82.39
119,2708,10,e6e7136b979d,B1_Alpha,1.0,0.9468,0.0,0.2222,0.0,82.39
119,2708,10,e6e7136b979d,B1_ReverseAlpha,1.0,0.9578,0.0,0.2222,0.0,82.39
119,2708,10,e6e7136b979d,Rand_Marg_M2,1.0,0.976,0.0,0.0667,0.0,164.77
119,2708,10,e6e7136b979d,Rand_Marg_M3,1.0,0.9706,0.0,0.0889,0.0,247.16
119,2708,10,e6e7136b979d,Rand_Marg_M5,1.0,0.9631,0.0,0.0444,0.0,411.94
119,2708,10,e6e7136b979d,B2_Cyclic_M2,1.0,0.8555,0.0,0.0222,0.0,164.77
119,2708,10,e6e7136b979d,B2_Cyclic_M3,1.0,0.8688,0.0,0.0667,0.0,247.16
119,2708,10,e6e7136b979d,B2_Cyclic_M5,1.0,0.8672,0.0,0.0,0.0,411.94
0,2843,20,3306068095fb,B0_Native,1.0,1.0,0.0,0.0,0.0,98.25
0,2843,20,3306068095fb,B0_Random,1.0,1.0,0.0,0.0,0.16,98.25
0,2843,20,3306068095fb,B1_Alpha,1.0,1.0,0.0,0.0,0.0,98.25
0,2843,20,3306068095fb,B1_ReverseAlpha,1.0,1.0,0.0,0.0,0.0,98.25
0,2843,20,3306068095fb,Rand_Marg_M2,1.0,0.7743,0.0,0.0,0.8,196.5
0,2843,20,3306068095fb,Rand_Marg_M3,1.0,0.8496,0.0,0.0,0.8,294.75
0,2843,20,3306068095fb,Rand_Marg_M5,1.0,0.9097,0.0,0.0,0.8,491.25
0,2843,20,3306068095fb,B2_Cyclic_M2,1.0,0.8424,0.0,0.2632,0.8,196.5
0,2843,20,3306068095fb,B2_Cyclic_M3,1.0,0.882,0.0,0.1526,0.5,294.75
0,2843,20,3306068095fb,B2_Cyclic_M5,1.0,0.8606,0.0,0.1,0.5,491.25
1,480,20,4bfce34919be,B0_Native,1.0,0.9977,0.0,0.0,0.0,108.04
1,480,20,4bfce34919be,B0_Random,1.0,1.0,0.0,0.0179,0.5267,108.04
1,480,20,4bfce34919be,B1_Alpha,1.0,0.9721,0.0,0.0,0.8,108.04
1,480,20,4bfce34919be,B1_ReverseAlpha,1.0,1.0,0.0,0.0,0.8,108.04
1,480,20,4bfce34919be,Rand_Marg_M2,1.0,1.0,0.0,0.0,0.0,216.08
1,480,20,4bfce34919be,Rand_Marg_M3,1.0,1.0,0.0,0.0,0.8,324.13
1,480,20,4bfce34919be,Rand_Marg_M5,1.0,0.9985,0.0,0.1316,0.5,540.21
1,480,20,4bfce34919be,B2_Cyclic_M2,1.0,0.9988,0.0,0.0105,0.8,216.08
1,480,20,4bfce34919be,B2_Cyclic_M3,1.0,0.9992,0.0,0.0105,0.8,324.13
1,480,20,4bfce34919be,B2_Cyclic_M5,1.0,0.9994,0.0,0.1263,0.8,540.21
2,2973,20,a36ceb9e03db,B0_Native,1.0,0.9999,0.0,0.0,0.0,98.87
2,2973,20,a36ceb9e03db,B0_Random,1.0,0.9891,0.0,0.0056,0.4889,98.87
2,2973,20,a36ceb9e03db,B1_Alpha,1.0,0.9941,0.0,0.0,0.5,98.87
2,2973,20,a36ceb9e03db,B1_ReverseAlpha,1.0,0.9994,0.0,0.0,0.5,98.87
2,2973,20,a36ceb9e03db,Rand_Marg_M2,1.0,0.9945,0.0,0.0211,0.5,197.73
2,2973,20,a36ceb9e03db,Rand_Marg_M3,1.0,0.9959,0.0,0.0158,0.5,296.6
2,2973,20,a36ceb9e03db,Rand_Marg_M5,1.0,0.9975,0.0,0.0842,0.8,494.33
2,2973,20,a36ceb9e03db,B2_Cyclic_M2,1.0,0.9979,0.0,0.0,0.5,197.73
2,2973,20,a36ceb9e03db,B2_Cyclic_M3,1.0,0.9993,0.0,0.0,0.0,296.6
2,2973,20,a36ceb9e03db,B2_Cyclic_M5,1.0,0.9994,0.0,0.0105,0.5,494.33
3,1453,20,000df2725542,B0_Native,1.0,0.998,0.0,0.0,0.0,97.73
3,1453,20,000df2725542,B0_Random,1.0,1.0,0.0,0.0002,0.2956,97.73
3,1453,20,000df2725542,B1_Alpha,1.0,0.9998,0.0,0.0,0.8,97.73
3,1453,20,000df2725542,B1_ReverseAlpha,1.0,1.0,0.0,0.0,0.8,97.73
3,1453,20,000df2725542,Rand_Marg_M2,1.0,0.9997,0.0,0.0,0.8,195.45
3,1453,20,000df2725542,Rand_Marg_M3,1.0,0.9998,0.0,0.0,0.8,293.18
3,1453,20,000df2725542,Rand_Marg_M5,1.0,0.9999,0.0,0.0105,0.5,488.63
3,1453,20,000df2725542,B2_Cyclic_M2,1.0,0.9989,0.0,0.0,0.5,195.45
3,1453,20,000df2725542,B2_Cyclic_M3,1.0,0.999,0.0,0.0,0.0,293.18
3,1453,20,000df2725542,B2_Cyclic_M5,1.0,0.9993,0.0,0.0211,0.5,488.63
4,334,20,bd457b3e8b91,B0_Native,1.0,0.9999,0.0,0.0,0.0,106.67
4,334,20,bd457b3e8b91,B0_Random,1.0,1.0,0.0,0.0002,0.3133,106.67
4,334,20,bd457b3e8b91,B1_Alpha,1.0,1.0,0.0,0.0,0.0,106.67
4,334,20,bd457b3e8b91,B1_ReverseAlpha,1.0,1.0,0.0,0.0,0.0,106.67
4,334,20,bd457b3e8b91,Rand_Marg_M2,1.0,1.0,0.0,0.0,0.0,213.34
4,334,20,bd457b3e8b91,Rand_Marg_M3,1.0,1.0,0.0,0.0,0.8,320.0
4,334,20,bd457b3e8b91,Rand_Marg_M5,1.0,0.9974,0.0,0.0,0.0,533.34
4,334,20,bd457b3e8b91,B2_Cyclic_M2,1.0,0.9999,0.0,0.0,0.5,213.34
4,334,20,bd457b3e8b91,B2_Cyclic_M3,1.0,1.0,0.0,0.0,0.5,320.0
4,334,20,bd457b3e8b91,B2_Cyclic_M5,1.0,1.0,0.0,0.0,0.5,533.34
5,2684,20,623fc57e92a1,B0_Native,0.0,0.6791,0.0,0.0,0.0,101.1
5,2684,20,623fc57e92a1,B0_Random,0.0,0.9997,0.7778,0.0667,0.3667,101.1
5,2684,20,623fc57e92a1,B1_Alpha,0.0,1.0,0.0,0.0,0.5,101.1
5,2684,20,623fc57e92a1,B1_ReverseAlpha,0.0,0.9323,0.0,0.0,0.5,101.1
5,2684,20,623fc57e92a1,Rand_Marg_M2,0.0,0.8335,0.0,0.1316,0.0,202.19
5,2684,20,623fc57e92a1,Rand_Marg_M3,0.0,0.5819,1.0,0.1053,0.5,303.29
5,2684,20,623fc57e92a1,Rand_Marg_M5,0.0,0.5462,0.0,0.1053,0.5,505.48
5,2684,20,623fc57e92a1,B2_Cyclic_M2,0.0,0.6162,0.0,0.1474,0.0,202.19
5,2684,20,623fc57e92a1,B2_Cyclic_M3,0.0,0.5833,0.0,0.0684,0.0,303.29
5,2684,20,623fc57e92a1,B2_Cyclic_M5,0.0,0.4664,0.0,0.0526,0.0,505.48
6,1044,20,a43cf6a73b06,B0_Native,0.0,0.5334,0.0,0.0,0.0,95.96
6,1044,20,a43cf6a73b06,B0_Random,0.0,0.268,0.7111,0.1297,0.5044,95.96
6,1044,20,a43cf6a73b06,B1_Alpha,1.0,0.451,1.0,0.1368,0.0,95.96
6,1044,20,a43cf6a73b06,B1_ReverseAlpha,0.0,0.3958,1.0,0.1368,0.0,95.96
6,1044,20,a43cf6a73b06,Rand_Marg_M2,1.0,0.3851,1.0,0.0526,0.0,191.92
6,1044,20,a43cf6a73b06,Rand_Marg_M3,1.0,0.3502,1.0,0.0842,0.0,287.87
6,1044,20,a43cf6a73b06,Rand_Marg_M5,1.0,0.3152,0.0,0.0842,0.0,479.79
6,1044,20,a43cf6a73b06,B2_Cyclic_M2,0.0,0.3095,0.0,0.0842,0.5,191.92
6,1044,20,a43cf6a73b06,B2_Cyclic_M3,0.0,0.2461,0.0,0.0684,0.5,287.87
6,1044,20,a43cf6a73b06,B2_Cyclic_M5,0.0,0.3488,0.0,0.0737,0.0,479.79
7,2190,20,188b7e57797d,B0_Native,0.0,0.6973,0.0,0.0,0.0,100.96
7,2190,20,188b7e57797d,B0_Random,1.0,0.9898,0.2,0.022,0.4156,100.96
7,2190,20,188b7e57797d,B1_Alpha,1.0,1.0,0.0,0.0,0.8,100.96
7,2190,20,188b7e57797d,B1_ReverseAlpha,1.0,0.9997,0.0,0.0,0.8,100.96
7,2190,20,188b7e57797d,Rand_Marg_M2,1.0,0.95,0.0,0.0053,0.5,201.93
7,2190,20,188b7e57797d,Rand_Marg_M3,1.0,0.9666,0.0,0.0316,0.5,302.89
7,2190,20,188b7e57797d,Rand_Marg_M5,1.0,0.9279,0.0,0.0421,0.0,504.81
7,2190,20,188b7e57797d,B2_Cyclic_M2,1.0,0.3823,0.0,0.0421,0.0,201.93
7,2190,20,188b7e57797d,B2_Cyclic_M3,1.0,0.5693,0.0,0.0421,0.0,302.89
7,2190,20,188b7e57797d,B2_Cyclic_M5,1.0,0.6155,0.0,0.0368,0.0,504.81
8,684,20,96420487df8f,B0_Native,1.0,1.0,0.0,0.0,0.0,108.71
8,684,20,96420487df8f,B0_Random,1.0,1.0,0.0,0.0,0.0,108.71
8,684,20,96420487df8f,B1_Alpha,1.0,1.0,0.0,0.0,0.0,108.71
8,684,20,96420487df8f,B1_ReverseAlpha,1.0,1.0,0.0,0.0,0.0,108.71
8,684,20,96420487df8f,Rand_Marg_M2,1.0,1.0,0.0,0.0,0.0,217.43
8,684,20,96420487df8f,Rand_Marg_M3,1.0,1.0,0.0,0.0,0.0,326.14
8,684,20,96420487df8f,Rand_Marg_M5,1.0,1.0,0.0,0.0,0.0,543.56
8,684,20,96420487df8f,B2_Cyclic_M2,1.0,1.0,0.0,0.0,0.0,217.43
8,684,20,96420487df8f,B2_Cyclic_M3,1.0,1.0,0.0,0.0,0.0,326.14
8,684,20,96420487df8f,B2_Cyclic_M5,1.0,1.0,0.0,0.0,0.0,543.56
9,2953,20,bf4619d4640c,B0_Native,1.0,1.0,0.0,0.0,0.0,96.23
9,2953,20,bf4619d4640c,B0_Random,1.0,1.0,0.0,0.0,0.0,96.23
9,2953,20,bf4619d4640c,B1_Alpha,1.0,1.0,0.0,0.0,0.0,96.23
9,2953,20,bf4619d4640c,B1_ReverseAlpha,1.0,1.0,0.0,0.0,0.0,96.23
9,2953,20,bf4619d4640c,Rand_Marg_M2,1.0,1.0,0.0,0.0,0.0,192.47
9,2953,20,bf4619d4640c,Rand_Marg_M3,1.0,1.0,0.0,0.0,0.0,288.7
9,2953,20,bf4619d4640c,Rand_Marg_M5,1.0,1.0,0.0,0.0,0.0,481.17
9,2953,20,bf4619d4640c,B2_Cyclic_M2,1.0,1.0,0.0,0.0,0.0,192.47
9,2953,20,bf4619d4640c,B2_Cyclic_M3,1.0,1.0,0.0,0.0,0.0,288.7
9,2953,20,bf4619d4640c,B2_Cyclic_M5,1.0,1.0,0.0,0.0,0.0,481.17
10,985,20,557177d882b7,B0_Native,1.0,0.3688,0.0,0.0,0.0,88.3
10,985,20,557177d882b7,B0_Random,1.0,0.5613,0.7333,0.066,0.2333,88.3
10,985,20,557177d882b7,B1_Alpha,0.0,0.3501,0.0,0.0579,0.0,88.3
10,985,20,557177d882b7,B1_ReverseAlpha,0.0,0.6242,0.0,0.0579,0.0,88.3
10,985,20,557177d882b7,Rand_Marg_M2,0.0,0.4848,1.0,0.0632,0.0,176.6
10,985,20,557177d882b7,Rand_Marg_M3,0.0,0.5544,0.0,0.0368,0.5,264.89
10,985,20,557177d882b7,Rand_Marg_M5,0.0,0.497,0.0,0.0474,0.5,441.49
10,985,20,557177d882b7,B2_Cyclic_M2,0.0,0.4985,1.0,0.0421,0.0,176.6
10,985,20,557177d882b7,B2_Cyclic_M3,0.0,0.5999,0.0,0.0263,0.0,264.89
10,985,20,557177d882b7,B2_Cyclic_M5,0.0,0.5429,0.0,0.0368,0.0,441.49
11,2,20,28d93e8c29a6,B0_Native,1.0,0.9904,0.0,0.0,0.0,81.11
11,2,20,28d93e8c29a6,B0_Random,1.0,0.9974,0.0,0.0069,0.4156,81.11
11,2,20,28d93e8c29a6,B1_Alpha,1.0,0.9998,0.0,0.0,0.0,81.11
11,2,20,28d93e8c29a6,B1_ReverseAlpha,1.0,1.0,0.0,0.0,0.0,81.11
11,2,20,28d93e8c29a6,Rand_Marg_M2,1.0,0.9985,0.0,0.0,0.0,162.23
11,2,20,28d93e8c29a6,Rand_Marg_M3,1.0,0.9989,0.0,0.0,0.0,243.34
11,2,20,28d93e8c29a6,Rand_Marg_M5,1.0,0.9987,0.0,0.0105,0.5,405.56
11,2,20,28d93e8c29a6,B2_Cyclic_M2,1.0,0.9878,0.0,0.0632,0.5,162.23
11,2,20,28d93e8c29a6,B2_Cyclic_M3,1.0,0.9916,0.0,0.0263,0.0,243.34
11,2,20,28d93e8c29a6,B2_Cyclic_M5,1.0,0.9937,0.0,0.0211,0.0,405.56
12,281,20,23812b5dbf01,B0_Native,0.0,0.9931,0.0,0.0,0.0,85.23
12,281,20,23812b5dbf01,B0_Random,0.0,0.9996,0.0,0.0595,0.1889,85.23
12,281,20,23812b5dbf01,B1_Alpha,0.0,0.9345,0.0,0.0737,0.5,85.23
12,281,20,23812b5dbf01,B1_ReverseAlpha,0.0,0.8494,0.0,0.0737,0.5,85.23
12,281,20,23812b5dbf01,Rand_Marg_M2,0.0,0.987,0.0,0.0737,0.0,170.46
12,281,20,23812b5dbf01,Rand_Marg_M3,0.0,0.9113,0.0,0.0947,0.0,255.69
12,281,20,23812b5dbf01,Rand_Marg_M5,0.0,0.9172,0.0,0.0895,0.0,426.15
12,281,20,23812b5dbf01,B2_Cyclic_M2,0.0,0.7035,0.0,0.0632,0.0,170.46
12,281,20,23812b5dbf01,B2_Cyclic_M3,0.0,0.9837,0.0,0.0421,0.5,255.69
12,281,20,23812b5dbf01,B2_Cyclic_M5,0.0,0.9598,0.0,0.1158,0.0,426.15
13,45,20,eb76118ac215,B0_Native,0.0,0.969,0.0,0.0,0.0,93.57
13,45,20,eb76118ac215,B0_Random,0.0,0.9906,0.5333,0.0703,0.3444,93.57
13,45,20,eb76118ac215,B1_Alpha,0.0,0.8826,1.0,0.0053,0.8,93.57
13,45,20,eb76118ac215,B1_ReverseAlpha,0.0,1.0,1.0,0.0053,0.8,93.57
13,45,20,eb76118ac215,Rand_Marg_M2,0.0,0.6531,0.0,0.1,0.5,187.13
13,45,20,eb76118ac215,Rand_Marg_M3,0.0,0.5436,1.0,0.1316,0.0,280.7
13,45,20,eb76118ac215,Rand_Marg_M5,0.0,0.5261,0.0,0.1421,0.5,467.83
13,45,20,eb76118ac215,B2_Cyclic_M2,0.0,0.6478,1.0,0.0789,0.5,187.13
13,45,20,eb76118ac215,B2_Cyclic_M3,0.0,0.7283,1.0,0.0789,0.5,280.7
13,45,20,eb76118ac215,B2_Cyclic_M5,0.0,0.5856,0.0,0.0474,0.5,467.83
14,373,20,3d7510bf8459,B0_Native,1.0,0.9503,0.0,0.0,0.0,87.84
14,373,20,3d7510bf8459,B0_Random,1.0,0.9997,0.0,0.0061,0.5289,87.84
14,373,20,3d7510bf8459,B1_Alpha,1.0,0.9926,0.0,0.0,0.5,87.84
14,373,20,3d7510bf8459,B1_ReverseAlpha,1.0,0.9998,0.0,0.0,0.5,87.84
14,373,20,3d7510bf8459,Rand_Marg_M2,1.0,0.9976,0.0,0.0211,0.5,175.68
14,373,20,3d7510bf8459,Rand_Marg_M3,1.0,0.9981,0.0,0.0158,0.5,263.51
14,373,20,3d7510bf8459,Rand_Marg_M5,1.0,0.9955,0.0,0.0368,0.5,439.19
14,373,20,3d7510bf8459,B2_Cyclic_M2,1.0,0.9728,0.0,0.0211,0.0,175.68
14,373,20,3d7510bf8459,B2_Cyclic_M3,1.0,0.9785,0.0,0.0158,0.0,263.51
14,373,20,3d7510bf8459,B2_Cyclic_M5,1.0,0.9604,0.0,0.0211,0.0,439.19
15,813,20,fbb30ec20dc2,B0_Native,1.0,0.9999,0.0,0.0,0.0,99.59
15,813,20,fbb30ec20dc2,B0_Random,1.0,1.0,0.0,0.0,0.1778,99.59
15,813,20,fbb30ec20dc2,B1_Alpha,1.0,1.0,0.0,0.0,0.0,99.59
15,813,20,fbb30ec20dc2,B1_ReverseAlpha,1.0,1.0,0.0,0.0,0.0,99.59
15,813,20,fbb30ec20dc2,Rand_Marg_M2,1.0,1.0,0.0,0.0,0.0,199.18
15,813,20,fbb30ec20dc2,Rand_Marg_M3,1.0,1.0,0.0,0.0,0.5,298.77
15,813,20,fbb30ec20dc2,Rand_Marg_M5,1.0,1.0,0.0,0.0,0.0,497.96
15,813,20,fbb30ec20dc2,B2_Cyclic_M2,1.0,0.9999,0.0,0.0,0.5,199.18
15,813,20,fbb30ec20dc2,B2_Cyclic_M3,1.0,1.0,0.0,0.0,0.5,298.77
15,813,20,fbb30ec20dc2,B2_Cyclic_M5,1.0,1.0,0.0,0.0,0.5,497.96
16,1110,20,162af53ae0bd,B0_Native,1.0,0.8048,0.0,0.0,0.0,96.23
16,1110,20,162af53ae0bd,B0_Random,1.0,0.9019,0.2,0.1043,0.4222,96.23
16,1110,20,162af53ae0bd,B1_Alpha,1.0,0.8506,0.0,0.1158,0.0,96.23
16,1110,20,162af53ae0bd,B1_ReverseAlpha,1.0,0.455,0.0,0.1158,0.0,96.23
16,1110,20,162af53ae0bd,Rand_Marg_M2,1.0,0.8887,0.0,0.0842,0.5,192.45
16,1110,20,162af53ae0bd,Rand_Marg_M3,1.0,0.9211,0.0,0.1842,0.5,288.68
16,1110,20,162af53ae0bd,Rand_Marg_M5,1.0,0.8628,0.0,0.1526,0.5,481.14
16,1110,20,162af53ae0bd,B2_Cyclic_M2,1.0,0.637,0.0,0.1368,0.5,192.45
16,1110,20,162af53ae0bd,B2_Cyclic_M3,1.0,0.8764,0.0,0.1211,0.0,288.68
16,1110,20,162af53ae0bd,B2_Cyclic_M5,1.0,0.8409,0.0,0.0579,0.5,481.14
17,158,20,983b265c11db,B0_Native,1.0,0.3918,0.0,0.0,0.0,99.64
17,158,20,983b265c11db,B0_Random,0.0,0.2703,0.7333,0.1616,0.6,99.64
17,158,20,983b265c11db,B1_Alpha,1.0,0.4149,0.0,0.1158,0.5,99.64
17,158,20,983b265c11db,B1_ReverseAlpha,1.0,0.9902,0.0,0.1158,0.5,99.64
17,158,20,983b265c11db,Rand_Marg_M2,0.0,0.4361,0.0,0.1316,0.5,199.28
17,158,20,983b265c11db,Rand_Marg_M3,0.0,0.3484,0.0,0.1105,0.0,298.92
17,158,20,983b265c11db,Rand_Marg_M5,0.0,0.4887,1.0,0.1263,0.5,498.19
17,158,20,983b265c11db,B2_Cyclic_M2,1.0,0.3932,1.0,0.1,0.0,199.28
17,158,20,983b265c11db,B2_Cyclic_M3,1.0,0.4267,1.0,0.1,0.5,298.92
17,158,20,983b265c11db,B2_Cyclic_M5,1.0,0.3821,1.0,0.0526,0.5,498.19
18,1917,20,ce49c55ca630,B0_Native,0.0,0.5282,0.0,0.0,0.0,88.51
18,1917,20,ce49c55ca630,B0_Random,1.0,0.3945,0.9111,0.2815,0.6156,88.51
18,1917,20,ce49c55ca630,B1_Alpha,0.0,0.4225,1.0,0.3632,1.0,88.51
18,1917,20,ce49c55ca630,B1_ReverseAlpha,0.0,0.2398,1.0,0.3632,1.0,88.51
18,1917,20,ce49c55ca630,Rand_Marg_M2,0.0,0.2923,1.0,0.3,0.5,177.02
18,1917,20,ce49c55ca630,Rand_Marg_M3,0.0,0.2787,1.0,0.2737,0.8,265.53
18,1917,20,ce49c55ca630,Rand_Marg_M5,0.0,0.2022,1.0,0.1211,0.5,442.55
18,1917,20,ce49c55ca630,B2_Cyclic_M2,0.0,0.2997,1.0,0.2632,0.0,177.02
18,1917,20,ce49c55ca630,B2_Cyclic_M3,0.0,0.2889,0.0,0.2526,0.5,265.53
18,1917,20,ce49c55ca630,B2_Cyclic_M5,0.0,0.2591,1.0,0.1368,0.0,442.55
19,2911,20,533f865c656c,B0_Native,0.0,0.969,0.0,0.0,0.0,94.17
19,2911,20,533f865c656c,B0_Random,0.0,0.9803,0.2,0.0011,0.2667,94.17
19,2911,20,533f865c656c,B1_Alpha,0.0,0.908,1.0,0.0053,0.0,94.17
19,2911,20,533f865c656c,B1_ReverseAlpha,1.0,0.9924,1.0,0.0053,0.0,94.17
19,2911,20,533f865c656c,Rand_Marg_M2,0.0,0.9881,0.0,0.0,0.5,188.34
19,2911,20,533f865c656c,Rand_Marg_M3,0.0,0.9878,0.0,0.0,0.5,282.52
19,2911,20,533f865c656c,Rand_Marg_M5,0.0,0.9893,0.0,0.0,0.0,470.86
19,2911,20,533f865c656c,B2_Cyclic_M2,0.0,0.984,0.0,0.0,0.5,188.34
19,2911,20,533f865c656c,B2_Cyclic_M3,0.0,0.7318,0.0,0.0,0.5,282.52
19,2911,20,533f865c656c,B2_Cyclic_M5,0.0,0.7355,0.0,0.0,0.5,470.86
20,2728,20,3c04ce89303e,B0_Native,1.0,1.0,0.0,0.0,0.0,94.36
20,2728,20,3c04ce89303e,B0_Random,1.0,1.0,0.0,0.0,0.0,94.36
20,2728,20,3c04ce89303e,B1_Alpha,1.0,1.0,0.0,0.0,0.0,94.36
20,2728,20,3c04ce89303e,B1_ReverseAlpha,1.0,1.0,0.0,0.0,0.0,94.36
20,2728,20,3c04ce89303e,Rand_Marg_M2,1.0,1.0,0.0,0.0,0.0,188.72
20,2728,20,3c04ce89303e,Rand_Marg_M3,1.0,1.0,0.0,0.0,0.0,283.08
20,2728,20,3c04ce89303e,Rand_Marg_M5,1.0,1.0,0.0,0.0,0.0,471.79
20,2728,20,3c04ce89303e,B2_Cyclic_M2,1.0,1.0,0.0,0.0,0.0,188.72
20,2728,20,3c04ce89303e,B2_Cyclic_M3,1.0,1.0,0.0,0.0,0.0,283.08
20,2728,20,3c04ce89303e,B2_Cyclic_M5,1.0,1.0,0.0,0.0,0.0,471.79
21,2150,20,7f88051df35b,B0_Native,1.0,1.0,0.0,0.0,0.0,81.43
21,2150,20,7f88051df35b,B0_Random,1.0,1.0,0.0,0.0,0.0,81.43
21,2150,20,7f88051df35b,B1_Alpha,1.0,1.0,0.0,0.0,0.0,81.43
21,2150,20,7f88051df35b,B1_ReverseAlpha,1.0,1.0,0.0,0.0,0.0,81.43
21,2150,20,7f88051df35b,Rand_Marg_M2,1.0,1.0,0.0,0.0,0.0,162.85
21,2150,20,7f88051df35b,Rand_Marg_M3,1.0,1.0,0.0,0.0,0.0,244.28
21,2150,20,7f88051df35b,Rand_Marg_M5,1.0,1.0,0.0,0.0,0.0,407.13
21,2150,20,7f88051df35b,B2_Cyclic_M2,1.0,1.0,0.0,0.0,0.0,162.85
21,2150,20,7f88051df35b,B2_Cyclic_M3,1.0,1.0,0.0,0.0,0.0,244.28
21,2150,20,7f88051df35b,B2_Cyclic_M5,1.0,1.0,0.0,0.0,0.0,407.13
22,1424,20,300128e1acf9,B0_Native,1.0,0.9652,0.0,0.0,0.0,94.16
22,1424,20,300128e1acf9,B0_Random,1.0,0.6122,0.3556,0.003,0.3889,94.16
22,1424,20,300128e1acf9,B1_Alpha,1.0,0.9951,0.0,0.0,0.0,94.16
22,1424,20,300128e1acf9,B1_ReverseAlpha,1.0,0.9988,0.0,0.0,0.0,94.16
22,1424,20,300128e1acf9,Rand_Marg_M2,1.0,0.8008,0.0,0.0,0.5,188.32
22,1424,20,300128e1acf9,Rand_Marg_M3,1.0,0.7215,0.0,0.0,0.5,282.48
22,1424,20,300128e1acf9,Rand_Marg_M5,1.0,0.6432,0.0,0.0053,0.5,470.8
22,1424,20,300128e1acf9,B2_Cyclic_M2,1.0,0.9825,0.0,0.0,0.5,188.32
22,1424,20,300128e1acf9,B2_Cyclic_M3,1.0,0.9867,0.0,0.0,0.5,282.48
22,1424,20,300128e1acf9,B2_Cyclic_M5,1.0,0.9915,0.0,0.0,0.5,470.8
23,573,20,0a1719900609,B0_Native,1.0,0.9999,0.0,0.0,0.0,94.05
23,573,20,0a1719900609,B0_Random,1.0,1.0,0.0,0.0,0.42,94.05
23,573,20,0a1719900609,B1_Alpha,1.0,0.6646,0.0,0.0,0.8,94.05
23,573,20,0a1719900609,B1_ReverseAlpha,1.0,1.0,0.0,0.0,0.8,94.05
23,573,20,0a1719900609,Rand_Marg_M2,1.0,0.999,0.0,0.0,0.5,188.11
23,573,20,0a1719900609,Rand_Marg_M3,1.0,0.9993,0.0,0.0,0.5,282.16
23,573,20,0a1719900609,Rand_Marg_M5,1.0,0.9996,0.0,0.0,0.0,470.27
23,573,20,0a1719900609,B2_Cyclic_M2,1.0,0.9999,0.0,0.0,0.5,188.11
23,573,20,0a1719900609,B2_Cyclic_M3,1.0,0.9999,0.0,0.0,0.5,282.16
23,573,20,0a1719900609,B2_Cyclic_M5,1.0,1.0,0.0,0.0,0.5,470.27
24,3064,20,50cffa3a7416,B0_Native,1.0,0.8545,0.0,0.0,0.0,85.57
24,3064,20,50cffa3a7416,B0_Random,1.0,0.8648,0.0,0.0502,0.5289,85.57
24,3064,20,50cffa3a7416,B1_Alpha,1.0,0.9925,0.0,0.0,0.8,85.57
24,3064,20,50cffa3a7416,B1_ReverseAlpha,1.0,0.9999,0.0,0.0,0.8,85.57
24,3064,20,50cffa3a7416,Rand_Marg_M2,1.0,0.9324,0.0,0.1737,0.0,171.14
24,3064,20,50cffa3a7416,Rand_Marg_M3,1.0,0.9549,0.0,0.1737,0.0,256.71
24,3064,20,50cffa3a7416,Rand_Marg_M5,1.0,0.9676,0.0,0.2158,0.0,427.85
24,3064,20,50cffa3a7416,B2_Cyclic_M2,1.0,0.9253,0.0,0.2421,0.0,171.14
24,3064,20,50cffa3a7416,B2_Cyclic_M3,1.0,0.9508,0.0,0.2421,0.0,256.71
24,3064,20,50cffa3a7416,B2_Cyclic_M5,1.0,0.9499,0.0,0.1316,0.5,427.85
25,1834,20,f397a9201c2f,B0_Native,1.0,1.0,0.0,0.0,0.0,88.72
25,1834,20,f397a9201c2f,B0_Random,1.0,1.0,0.0,0.0,0.0,88.72
25,1834,20,f397a9201c2f,B1_Alpha,1.0,1.0,0.0,0.0,0.0,88.72
25,1834,20,f397a9201c2f,B1_ReverseAlpha,1.0,1.0,0.0,0.0,0.0,88.72
25,1834,20,f397a9201c2f,Rand_Marg_M2,1.0,1.0,0.0,0.0,0.0,177.44
25,1834,20,f397a9201c2f,Rand_Marg_M3,1.0,1.0,0.0,0.0,0.0,266.16
25,1834,20,f397a9201c2f,Rand_Marg_M5,1.0,1.0,0.0,0.0,0.0,443.59
25,1834,20,f397a9201c2f,B2_Cyclic_M2,1.0,1.0,0.0,0.0,0.0,177.44
25,1834,20,f397a9201c2f,B2_Cyclic_M3,1.0,1.0,0.0,0.0,0.0,266.16
25,1834,20,f397a9201c2f,B2_Cyclic_M5,1.0,1.0,0.0,0.0,0.5,443.59
26,1574,20,bbc2e5db81c5,B0_Native,1.0,1.0,0.0,0.0,0.0,94.76
26,1574,20,bbc2e5db81c5,B0_Random,1.0,1.0,0.0,0.0,0.1778,94.76
26,1574,20,bbc2e5db81c5,B1_Alpha,1.0,1.0,0.0,0.0,0.0,94.76
26,1574,20,bbc2e5db81c5,B1_ReverseAlpha,1.0,1.0,0.0,0.0,0.0,94.76
26,1574,20,bbc2e5db81c5,Rand_Marg_M2,1.0,1.0,0.0,0.0,0.5,189.53
26,1574,20,bbc2e5db81c5,Rand_Marg_M3,1.0,0.9999,0.0,0.0,0.5,284.29
26,1574,20,bbc2e5db81c5,Rand_Marg_M5,1.0,1.0,0.0,0.0,0.0,473.82
26,1574,20,bbc2e5db81c5,B2_Cyclic_M2,1.0,1.0,0.0,0.0,0.0,189.53
26,1574,20,bbc2e5db81c5,B2_Cyclic_M3,1.0,1.0,0.0,0.0,0.0,284.29
26,1574,20,bbc2e5db81c5,B2_Cyclic_M5,1.0,1.0,0.0,0.0,0.0,473.82
27,1717,20,cfcfac75edaa,B0_Native,1.0,0.9488,0.0,0.0,0.0,92.01
27,1717,20,cfcfac75edaa,B0_Random,1.0,1.0,0.0,0.0,0.0,92.01
27,1717,20,cfcfac75edaa,B1_Alpha,1.0,1.0,0.0,0.0,0.0,92.01
27,1717,20,cfcfac75edaa,B1_ReverseAlpha,1.0,1.0,0.0,0.0,0.0,92.01
27,1717,20,cfcfac75edaa,Rand_Marg_M2,1.0,1.0,0.0,0.0,0.0,184.01
27,1717,20,cfcfac75edaa,Rand_Marg_M3,1.0,1.0,0.0,0.0,0.0,276.02
27,1717,20,cfcfac75edaa,Rand_Marg_M5,1.0,1.0,0.0,0.0,0.0,460.03
27,1717,20,cfcfac75edaa,B2_Cyclic_M2,1.0,0.9744,0.0,0.0,0.0,184.01
27,1717,20,cfcfac75edaa,B2_Cyclic_M3,1.0,0.9829,0.0,0.0,0.0,276.02
27,1717,20,cfcfac75edaa,B2_Cyclic_M5,1.0,0.9309,0.0,0.0,0.0,460.03
28,1487,20,6528c8869eea,B0_Native,1.0,1.0,0.0,0.0,0.0,100.42
28,1487,20,6528c8869eea,B0_Random,1.0,1.0,0.0,0.0,0.0,100.42
28,1487,20,6528c8869eea,B1_Alpha,1.0,1.0,0.0,0.0,0.0,100.42
28,1487,20,6528c8869eea,B1_ReverseAlpha,1.0,1.0,0.0,0.0,0.0,100.42
28,1487,20,6528c8869eea,Rand_Marg_M2,1.0,1.0,0.0,0.0,0.0,200.83
28,1487,20,6528c8869eea,Rand_Marg_M3,1.0,1.0,0.0,0.0,0.0,301.25
28,1487,20,6528c8869eea,Rand_Marg_M5,1.0,1.0,0.0,0.0,0.0,502.08
28,1487,20,6528c8869eea,B2_Cyclic_M2,1.0,1.0,0.0,0.0,0.0,200.83
28,1487,20,6528c8869eea,B2_Cyclic_M3,1.0,1.0,0.0,0.0,0.0,301.25
28,1487,20,6528c8869eea,B2_Cyclic_M5,1.0,1.0,0.0,0.0,0.0,502.08
29,1385,20,130dac1cfb0a,B0_Native,1.0,1.0,0.0,0.0,0.0,82.88
29,1385,20,130dac1cfb0a,B0_Random,1.0,1.0,0.0,0.0001,0.1889,82.88
29,1385,20,130dac1cfb0a,B1_Alpha,1.0,1.0,0.0,0.0,0.0,82.88
29,1385,20,130dac1cfb0a,B1_ReverseAlpha,1.0,1.0,0.0,0.0,0.0,82.88
29,1385,20,130dac1cfb0a,Rand_Marg_M2,1.0,1.0,0.0,0.0,0.0,165.77
29,1385,20,130dac1cfb0a,Rand_Marg_M3,1.0,1.0,0.0,0.0,0.0,248.65
29,1385,20,130dac1cfb0a,Rand_Marg_M5,1.0,1.0,0.0,0.0,0.8,414.42
29,1385,20,130dac1cfb0a,B2_Cyclic_M2,1.0,1.0,0.0,0.0,0.0,165.77
29,1385,20,130dac1cfb0a,B2_Cyclic_M3,1.0,1.0,0.0,0.0,0.0,248.65
29,1385,20,130dac1cfb0a,B2_Cyclic_M5,1.0,1.0,0.0,0.0,0.0,414.42
30,1139,20,aeaa98be5877,B0_Native,1.0,0.9866,0.0,0.0,0.0,101.88
30,1139,20,aeaa98be5877,B0_Random,1.0,0.9941,0.0,0.0191,0.54,101.88
30,1139,20,aeaa98be5877,B1_Alpha,1.0,0.9988,0.0,0.0,0.8,101.88
30,1139,20,aeaa98be5877,B1_ReverseAlpha,1.0,1.0,0.0,0.0,0.8,101.88
30,1139,20,aeaa98be5877,Rand_Marg_M2,1.0,0.9969,0.0,0.0632,0.0,203.75
30,1139,20,aeaa98be5877,Rand_Marg_M3,1.0,0.997,0.0,0.0947,0.0,305.63
30,1139,20,aeaa98be5877,Rand_Marg_M5,1.0,0.9958,0.0,0.0684,0.5,509.38
30,1139,20,aeaa98be5877,B2_Cyclic_M2,1.0,0.9922,0.0,0.1263,0.0,203.75
30,1139,20,aeaa98be5877,B2_Cyclic_M3,1.0,0.9919,0.0,0.0474,0.0,305.63
30,1139,20,aeaa98be5877,B2_Cyclic_M5,1.0,0.9934,0.0,0.0579,0.0,509.38
31,2773,20,b9e20a307953,B0_Native,1.0,0.3379,0.0,0.0,0.0,99.75
31,2773,20,b9e20a307953,B0_Random,1.0,0.9855,0.3556,0.1337,0.2667,99.75
31,2773,20,b9e20a307953,B1_Alpha,1.0,0.8534,0.0,0.3737,0.5,99.75
31,2773,20,b9e20a307953,B1_ReverseAlpha,1.0,0.7148,0.0,0.3737,0.5,99.75
31,2773,20,b9e20a307953,Rand_Marg_M2,1.0,0.9329,0.0,0.1158,0.5,199.5
31,2773,20,b9e20a307953,Rand_Marg_M3,1.0,0.9399,0.0,0.0789,0.0,299.24
31,2773,20,b9e20a307953,Rand_Marg_M5,1.0,0.8072,0.0,0.1421,0.0,498.74
31,2773,20,b9e20a307953,B2_Cyclic_M2,1.0,0.6119,0.0,0.1368,0.0,199.5
31,2773,20,b9e20a307953,B2_Cyclic_M3,1.0,0.6383,0.0,0.1053,0.0,299.24
31,2773,20,b9e20a307953,B2_Cyclic_M5,1.0,0.6175,0.0,0.0895,0.0,498.74
32,89,20,ab647c0e8883,B0_Native,1.0,1.0,0.0,0.0,0.0,87.9
32,89,20,ab647c0e8883,B0_Random,1.0,1.0,0.0,0.0,0.0,87.9
32,89,20,ab647c0e8883,B1_Alpha,1.0,1.0,0.0,0.0,0.0,87.9
32,89,20,ab647c0e8883,B1_ReverseAlpha,1.0,1.0,0.0,0.0,0.0,87.9
32,89,20,ab647c0e8883,Rand_Marg_M2,1.0,1.0,0.0,0.0,0.0,175.8
32,89,20,ab647c0e8883,Rand_Marg_M3,1.0,1.0,0.0,0.0,0.0,263.69
32,89,20,ab647c0e8883,Rand_Marg_M5,1.0,1.0,0.0,0.0,0.0,439.49
32,89,20,ab647c0e8883,B2_Cyclic_M2,1.0,1.0,0.0,0.0,0.0,175.8
32,89,20,ab647c0e8883,B2_Cyclic_M3,1.0,1.0,0.0,0.0,0.0,263.69
32,89,20,ab647c0e8883,B2_Cyclic_M5,1.0,1.0,0.0,0.0,0.0,439.49
33,413,20,d1f895fcafa3,B0_Native,1.0,0.5904,0.0,0.0,0.0,87.48
33,413,20,d1f895fcafa3,B0_Random,0.0,1.0,0.4667,0.0138,0.3489,87.48
33,413,20,d1f895fcafa3,B1_Alpha,0.0,1.0,0.0,0.0,0.5,87.48
33,413,20,d1f895fcafa3,B1_ReverseAlpha,0.0,0.999,0.0,0.0,0.5,87.48
33,413,20,d1f895fcafa3,Rand_Marg_M2,0.0,0.5388,1.0,0.1158,0.0,174.97
33,413,20,d1f895fcafa3,Rand_Marg_M3,0.0,0.6394,1.0,0.1789,0.0,262.45
33,413,20,d1f895fcafa3,Rand_Marg_M5,1.0,0.5037,1.0,0.0211,0.0,437.42
33,413,20,d1f895fcafa3,B2_Cyclic_M2,1.0,0.7944,0.0,0.1105,0.0,174.97
33,413,20,d1f895fcafa3,B2_Cyclic_M3,1.0,0.8588,0.0,0.1053,0.0,262.45
33,413,20,d1f895fcafa3,B2_Cyclic_M5,1.0,0.91,0.0,0.0579,0.0,437.42
34,181,20,de7fee439b78,B0_Native,1.0,1.0,0.0,0.0,0.0,94.95
34,181,20,de7fee439b78,B0_Random,1.0,1.0,0.0,0.0,0.0,94.95
34,181,20,de7fee439b78,B1_Alpha,1.0,1.0,0.0,0.0,0.0,94.95
34,181,20,de7fee439b78,B1_ReverseAlpha,1.0,1.0,0.0,0.0,0.0,94.95
34,181,20,de7fee439b78,Rand_Marg_M2,1.0,1.0,0.0,0.0,0.0,189.91
34,181,20,de7fee439b78,Rand_Marg_M3,1.0,1.0,0.0,0.0,0.0,284.86
34,181,20,de7fee439b78,Rand_Marg_M5,1.0,1.0,0.0,0.0,0.0,474.77
34,181,20,de7fee439b78,B2_Cyclic_M2,1.0,1.0,0.0,0.0,0.0,189.91
34,181,20,de7fee439b78,B2_Cyclic_M3,1.0,1.0,0.0,0.0,0.0,284.86
34,181,20,de7fee439b78,B2_Cyclic_M5,1.0,1.0,0.0,0.0,0.0,474.77
35,2282,20,bc52796db5fc,B0_Native,1.0,1.0,0.0,0.0,0.0,116.82
35,2282,20,bc52796db5fc,B0_Random,1.0,1.0,0.0,0.0004,0.4156,116.82
35,2282,20,bc52796db5fc,B1_Alpha,1.0,0.9893,0.0,0.0,0.8,116.82
35,2282,20,bc52796db5fc,B1_ReverseAlpha,1.0,1.0,0.0,0.0,0.8,116.82
35,2282,20,bc52796db5fc,Rand_Marg_M2,1.0,1.0,0.0,0.0,0.8,233.64
35,2282,20,bc52796db5fc,Rand_Marg_M3,1.0,0.9997,0.0,0.0158,0.5,350.46
35,2282,20,bc52796db5fc,Rand_Marg_M5,1.0,0.9896,0.0,0.0158,0.5,584.1
35,2282,20,bc52796db5fc,B2_Cyclic_M2,1.0,0.9996,0.0,0.0,0.0,233.64
35,2282,20,bc52796db5fc,B2_Cyclic_M3,1.0,0.9992,0.0,0.0,0.0,350.46
35,2282,20,bc52796db5fc,B2_Cyclic_M5,1.0,0.9989,0.0,0.0,0.5,584.1
36,245,20,31d77ac8e977,B0_Native,1.0,0.6608,0.0,0.0,0.0,236.8
36,245,20,31d77ac8e977,B0_Random,1.0,0.9949,0.3556,0.0669,0.4,236.8
36,245,20,31d77ac8e977,B1_Alpha,1.0,0.7988,0.0,0.0,0.5,236.8
36,245,20,31d77ac8e977,B1_ReverseAlpha,1.0,0.9997,0.0,0.0,0.5,236.8
36,245,20,31d77ac8e977,Rand_Marg_M2,1.0,0.9973,0.0,0.0737,0.5,473.61
36,245,20,31d77ac8e977,Rand_Marg_M3,1.0,0.8622,0.0,0.2368,0.5,710.41
36,245,20,31d77ac8e977,Rand_Marg_M5,1.0,0.9136,0.0,0.2474,0.5,1184.01
36,245,20,31d77ac8e977,B2_Cyclic_M2,1.0,0.5861,0.0,0.0947,0.5,473.61
36,245,20,31d77ac8e977,B2_Cyclic_M3,1.0,0.6666,0.0,0.0579,0.0,710.41
36,245,20,31d77ac8e977,B2_Cyclic_M5,1.0,0.7586,0.0,0.0474,0.0,1184.01
37,2620,20,84cfca759024,B0_Native,0.0,0.5632,0.0,0.0,0.0,135.47
37,2620,20,84cfca759024,B0_Random,1.0,0.9041,0.0,0.0862,0.6311,135.47
37,2620,20,84cfca759024,B1_Alpha,1.0,0.9781,0.0,0.1842,0.8,135.47
37,2620,20,84cfca759024,B1_ReverseAlpha,1.0,0.9879,0.0,0.1842,0.8,135.47
37,2620,20,84cfca759024,Rand_Marg_M2,1.0,0.8891,0.0,0.0,0.5,270.93
37,2620,20,84cfca759024,Rand_Marg_M3,1.0,0.926,0.0,0.2684,0.8,406.4
37,2620,20,84cfca759024,Rand_Marg_M5,1.0,0.9061,0.0,0.1737,0.5,677.33
37,2620,20,84cfca759024,B2_Cyclic_M2,1.0,0.6665,0.0,0.0,0.5,270.93
37,2620,20,84cfca759024,B2_Cyclic_M3,1.0,0.7774,0.0,0.0,0.5,406.4
37,2620,20,84cfca759024,B2_Cyclic_M5,1.0,0.8664,0.0,0.1211,0.5,677.33
38,1244,20,4590aaaccfd2,B0_Native,0.0,0.4668,0.0,0.0,0.0,172.77
38,1244,20,4590aaaccfd2,B0_Random,0.0,0.8727,0.5111,0.1258,0.5778,172.77
38,1244,20,4590aaaccfd2,B1_Alpha,0.0,0.2879,1.0,0.1053,0.0,172.77
38,1244,20,4590aaaccfd2,B1_ReverseAlpha,1.0,0.6151,1.0,0.1053,0.0,172.77
38,1244,20,4590aaaccfd2,Rand_Marg_M2,0.0,0.5666,0.0,0.0737,0.5,345.53
38,1244,20,4590aaaccfd2,Rand_Marg_M3,0.0,0.5092,0.0,0.1,0.5,518.3
38,1244,20,4590aaaccfd2,Rand_Marg_M5,0.0,0.5081,0.0,0.1158,0.5,863.83
38,1244,20,4590aaaccfd2,B2_Cyclic_M2,0.0,0.669,0.0,0.0737,0.5,345.53
38,1244,20,4590aaaccfd2,B2_Cyclic_M3,0.0,0.6127,0.0,0.0632,0.5,518.3
38,1244,20,4590aaaccfd2,B2_Cyclic_M5,0.0,0.6129,0.0,0.0474,0.5,863.83
39,2418,20,f5432f5d44c2,B0_Native,1.0,1.0,0.0,0.0,0.0,121.3
39,2418,20,f5432f5d44c2,B0_Random,1.0,0.9998,0.0,0.0,0.2778,121.3
39,2418,20,f5432f5d44c2,B1_Alpha,1.0,0.9993,0.0,0.0,0.5,121.3
39,2418,20,f5432f5d44c2,B1_ReverseAlpha,1.0,1.0,0.0,0.0,0.5,121.3
39,2418,20,f5432f5d44c2,Rand_Marg_M2,1.0,0.9992,0.0,0.0,0.0,242.6
39,2418,20,f5432f5d44c2,Rand_Marg_M3,1.0,0.9993,0.0,0.0,0.0,363.91
39,2418,20,f5432f5d44c2,Rand_Marg_M5,1.0,0.9996,0.0,0.0,0.0,606.51
39,2418,20,f5432f5d44c2,B2_Cyclic_M2,1.0,1.0,0.0,0.0,0.8,242.6
39,2418,20,f5432f5d44c2,B2_Cyclic_M3,1.0,1.0,0.0,0.0,0.8,363.91
39,2418,20,f5432f5d44c2,B2_Cyclic_M5,1.0,1.0,0.0,0.0,0.5,606.51
40,940,20,1d1b17bf1fb3,B0_Native,1.0,1.0,0.0,0.0,0.0,126.72
40,940,20,1d1b17bf1fb3,B0_Random,1.0,1.0,0.0,0.0,0.0,126.72
40,940,20,1d1b17bf1fb3,B1_Alpha,1.0,1.0,0.0,0.0,0.0,126.72
40,940,20,1d1b17bf1fb3,B1_ReverseAlpha,1.0,1.0,0.0,0.0,0.0,126.72
40,940,20,1d1b17bf1fb3,Rand_Marg_M2,1.0,1.0,0.0,0.0,0.0,253.44
40,940,20,1d1b17bf1fb3,Rand_Marg_M3,1.0,1.0,0.0,0.0,0.0,380.16
40,940,20,1d1b17bf1fb3,Rand_Marg_M5,1.0,1.0,0.0,0.0,0.0,633.6
40,940,20,1d1b17bf1fb3,B2_Cyclic_M2,1.0,1.0,0.0,0.0,0.0,253.44
40,940,20,1d1b17bf1fb3,B2_Cyclic_M3,1.0,1.0,0.0,0.0,0.0,380.16
40,940,20,1d1b17bf1fb3,B2_Cyclic_M5,1.0,1.0,0.0,0.0,0.0,633.6
41,477,20,481057a718f2,B0_Native,1.0,1.0,0.0,0.0,0.0,105.13
41,477,20,481057a718f2,B0_Random,1.0,1.0,0.0,0.0,0.0,105.13
41,477,20,481057a718f2,B1_Alpha,1.0,1.0,0.0,0.0,0.0,105.13
41,477,20,481057a718f2,B1_ReverseAlpha,1.0,1.0,0.0,0.0,0.0,105.13
41,477,20,481057a718f2,Rand_Marg_M2,1.0,1.0,0.0,0.0,0.0,210.26
41,477,20,481057a718f2,Rand_Marg_M3,1.0,1.0,0.0,0.0,0.0,315.39
41,477,20,481057a718f2,Rand_Marg_M5,1.0,1.0,0.0,0.0,0.0,525.66
41,477,20,481057a718f2,B2_Cyclic_M2,1.0,1.0,0.0,0.0,0.0,210.26
41,477,20,481057a718f2,B2_Cyclic_M3,1.0,1.0,0.0,0.0,0.0,315.39
41,477,20,481057a718f2,B2_Cyclic_M5,1.0,1.0,0.0,0.0,0.0,525.66
42,1653,20,acf3cd83e82b,B0_Native,1.0,0.9998,0.0,0.0,0.0,148.59
42,1653,20,acf3cd83e82b,B0_Random,1.0,0.9982,0.0,0.0057,0.5044,148.59
42,1653,20,acf3cd83e82b,B1_Alpha,1.0,1.0,0.0,0.0,0.5,148.59
42,1653,20,acf3cd83e82b,B1_ReverseAlpha,1.0,0.9995,0.0,0.0,0.5,148.59
42,1653,20,acf3cd83e82b,Rand_Marg_M2,1.0,0.9988,0.0,0.0,0.8,297.18
42,1653,20,acf3cd83e82b,Rand_Marg_M3,1.0,0.9992,0.0,0.0,0.8,445.77
42,1653,20,acf3cd83e82b,Rand_Marg_M5,1.0,0.9995,0.0,0.0526,0.5,742.96
42,1653,20,acf3cd83e82b,B2_Cyclic_M2,1.0,0.9998,0.0,0.0105,0.8,297.18
42,1653,20,acf3cd83e82b,B2_Cyclic_M3,1.0,0.9996,0.0,0.0263,0.5,445.77
42,1653,20,acf3cd83e82b,B2_Cyclic_M5,1.0,0.9998,0.0,0.0263,0.5,742.96
43,2478,20,2a48e19b18db,B0_Native,0.0,0.7122,0.0,0.0,0.0,95.48
43,2478,20,2a48e19b18db,B0_Random,1.0,0.8254,0.2,0.0332,0.1,95.48
43,2478,20,2a48e19b18db,B1_Alpha,0.0,0.9187,1.0,0.1263,0.0,95.48
43,2478,20,2a48e19b18db,B1_ReverseAlpha,0.0,0.7031,1.0,0.1263,0.0,95.48
43,2478,20,2a48e19b18db,Rand_Marg_M2,0.0,0.5383,0.0,0.0632,0.0,190.95
43,2478,20,2a48e19b18db,Rand_Marg_M3,0.0,0.6851,0.0,0.0421,0.0,286.43
43,2478,20,2a48e19b18db,Rand_Marg_M5,0.0,0.8001,0.0,0.0737,0.0,477.38
43,2478,20,2a48e19b18db,B2_Cyclic_M2,0.0,0.5769,0.0,0.0368,0.0,190.95
43,2478,20,2a48e19b18db,B2_Cyclic_M3,0.0,0.5556,1.0,0.0158,0.0,286.43
43,2478,20,2a48e19b18db,B2_Cyclic_M5,0.0,0.4875,0.0,0.0579,0.0,477.38
44,1546,20,8f7e6b08c4ca,B0_Native,1.0,1.0,0.0,0.0,0.0,108.25
44,1546,20,8f7e6b08c4ca,B0_Random,1.0,1.0,0.0,0.0,0.0,108.25
44,1546,20,8f7e6b08c4ca,B1_Alpha,1.0,1.0,0.0,0.0,0.0,108.25
44,1546,20,8f7e6b08c4ca,B1_ReverseAlpha,1.0,1.0,0.0,0.0,0.0,108.25
44,1546,20,8f7e6b08c4ca,Rand_Marg_M2,1.0,1.0,0.0,0.0,0.0,216.5
44,1546,20,8f7e6b08c4ca,Rand_Marg_M3,1.0,1.0,0.0,0.0,0.0,324.76
44,1546,20,8f7e6b08c4ca,Rand_Marg_M5,1.0,1.0,0.0,0.0,0.0,541.26
44,1546,20,8f7e6b08c4ca,B2_Cyclic_M2,1.0,1.0,0.0,0.0,0.0,216.5
44,1546,20,8f7e6b08c4ca,B2_Cyclic_M3,1.0,1.0,0.0,0.0,0.0,324.76
44,1546,20,8f7e6b08c4ca,B2_Cyclic_M5,1.0,1.0,0.0,0.0,0.0,541.26
45,1631,20,c945374f6f7e,B0_Native,1.0,0.8145,0.0,0.0,0.0,96.39
45,1631,20,c945374f6f7e,B0_Random,1.0,0.9908,0.0,0.1692,0.5644,96.39
45,1631,20,c945374f6f7e,B1_Alpha,1.0,0.9533,0.0,0.0316,0.5,96.39
45,1631,20,c945374f6f7e,B1_ReverseAlpha,1.0,0.9994,0.0,0.0316,0.5,96.39
45,1631,20,c945374f6f7e,Rand_Marg_M2,1.0,0.865,0.0,0.1526,0.5,192.77
45,1631,20,c945374f6f7e,Rand_Marg_M3,1.0,0.9057,0.0,0.1632,0.5,289.16
45,1631,20,c945374f6f7e,Rand_Marg_M5,1.0,0.8854,0.0,0.1895,0.5,481.94
45,1631,20,c945374f6f7e,B2_Cyclic_M2,1.0,0.5762,0.0,0.1211,0.5,192.77
45,1631,20,c945374f6f7e,B2_Cyclic_M3,1.0,0.6677,0.0,0.0684,0.0,289.16
45,1631,20,c945374f6f7e,B2_Cyclic_M5,1.0,0.7977,0.0,0.0632,0.0,481.94
46,207,20,3dfe16aa7baf,B0_Native,1.0,1.0,0.0,0.0,0.0,111.5
46,207,20,3dfe16aa7baf,B0_Random,1.0,1.0,0.0,0.0007,0.2556,111.5
46,207,20,3dfe16aa7baf,B1_Alpha,1.0,1.0,1.0,0.0053,0.5,111.5
46,207,20,3dfe16aa7baf,B1_ReverseAlpha,0.0,0.5495,1.0,0.0053,0.5,111.5
46,207,20,3dfe16aa7baf,Rand_Marg_M2,1.0,1.0,0.0,0.0,0.5,223.0
46,207,20,3dfe16aa7baf,Rand_Marg_M3,1.0,0.9999,0.0,0.0158,0.5,334.5
46,207,20,3dfe16aa7baf,Rand_Marg_M5,1.0,0.9934,0.0,0.0158,0.5,557.5
46,207,20,3dfe16aa7baf,B2_Cyclic_M2,1.0,1.0,0.0,0.0,0.0,223.0
46,207,20,3dfe16aa7baf,B2_Cyclic_M3,1.0,1.0,0.0,0.0,0.0,334.5
46,207,20,3dfe16aa7baf,B2_Cyclic_M5,1.0,1.0,0.0,0.0,0.0,557.5
47,663,20,fa73cdeaf67a,B0_Native,1.0,0.9999,0.0,0.0,0.0,97.48
47,663,20,fa73cdeaf67a,B0_Random,1.0,1.0,0.0,0.0,0.1,97.48
47,663,20,fa73cdeaf67a,B1_Alpha,1.0,1.0,0.0,0.0,0.0,97.48
47,663,20,fa73cdeaf67a,B1_ReverseAlpha,1.0,1.0,0.0,0.0,0.0,97.48
47,663,20,fa73cdeaf67a,Rand_Marg_M2,1.0,1.0,0.0,0.0,0.0,194.96
47,663,20,fa73cdeaf67a,Rand_Marg_M3,1.0,1.0,0.0,0.0,0.0,292.44
47,663,20,fa73cdeaf67a,Rand_Marg_M5,1.0,1.0,0.0,0.0,0.5,487.41
47,663,20,fa73cdeaf67a,B2_Cyclic_M2,1.0,0.9999,0.0,0.0,0.5,194.96
47,663,20,fa73cdeaf67a,B2_Cyclic_M3,1.0,1.0,0.0,0.0,0.5,292.44
47,663,20,fa73cdeaf67a,B2_Cyclic_M5,1.0,1.0,0.0,0.0,0.0,487.41
48,1842,20,f6a6a9e55e1e,B0_Native,1.0,0.9999,0.0,0.0,0.0,85.87
48,1842,20,f6a6a9e55e1e,B0_Random,1.0,0.9999,0.0,0.0008,0.4156,85.87
48,1842,20,f6a6a9e55e1e,B1_Alpha,1.0,1.0,0.0,0.0,0.0,85.87
48,1842,20,f6a6a9e55e1e,B1_ReverseAlpha,1.0,1.0,0.0,0.0,0.0,85.87
48,1842,20,f6a6a9e55e1e,Rand_Marg_M2,1.0,0.9999,0.0,0.0,0.8,171.74
48,1842,20,f6a6a9e55e1e,Rand_Marg_M3,1.0,0.9989,0.0,0.0053,0.5,257.62
48,1842,20,f6a6a9e55e1e,Rand_Marg_M5,1.0,0.9994,0.0,0.0053,0.0,429.36
48,1842,20,f6a6a9e55e1e,B2_Cyclic_M2,1.0,0.9999,0.0,0.0,0.0,171.74
48,1842,20,f6a6a9e55e1e,B2_Cyclic_M3,1.0,1.0,0.0,0.0,0.5,257.62
48,1842,20,f6a6a9e55e1e,B2_Cyclic_M5,1.0,1.0,0.0,0.0,0.0,429.36
49,554,20,c8dd79f44baa,B0_Native,0.0,0.7358,0.0,0.0,0.0,83.17
49,554,20,c8dd79f44baa,B0_Random,0.0,0.4254,0.3556,0.2175,0.5489,83.17
49,554,20,c8dd79f44baa,B1_Alpha,0.0,0.6538,0.0,0.3158,0.5,83.17
49,554,20,c8dd79f44baa,B1_ReverseAlpha,0.0,0.5391,0.0,0.3158,0.5,83.17
49,554,20,c8dd79f44baa,Rand_Marg_M2,1.0,0.3785,1.0,0.1526,0.5,166.35
49,554,20,c8dd79f44baa,Rand_Marg_M3,0.0,0.4258,0.0,0.1211,0.5,249.52
49,554,20,c8dd79f44baa,Rand_Marg_M5,0.0,0.4838,0.0,0.1632,0.5,415.86
49,554,20,c8dd79f44baa,B2_Cyclic_M2,0.0,0.5995,0.0,0.1789,0.5,166.35
49,554,20,c8dd79f44baa,B2_Cyclic_M3,0.0,0.522,0.0,0.1316,0.5,249.52
49,554,20,c8dd79f44baa,B2_Cyclic_M5,0.0,0.4628,0.0,0.1053,0.0,415.86
50,2254,20,6814abebd137,B0_Native,1.0,0.367,0.0,0.0,0.0,92.11
50,2254,20,6814abebd137,B0_Random,1.0,0.6008,0.2,0.1482,0.44,92.11
50,2254,20,6814abebd137,B1_Alpha,1.0,0.5343,0.0,0.2316,0.8,92.11
50,2254,20,6814abebd137,B1_ReverseAlpha,1.0,0.584,0.0,0.2316,0.8,92.11
50,2254,20,6814abebd137,Rand_Marg_M2,1.0,0.6952,0.0,0.1632,0.5,184.23
50,2254,20,6814abebd137,Rand_Marg_M3,1.0,0.6839,0.0,0.1053,0.0,276.34
50,2254,20,6814abebd137,Rand_Marg_M5,1.0,0.796,0.0,0.1105,0.5,460.57
50,2254,20,6814abebd137,B2_Cyclic_M2,1.0,0.3428,0.0,0.0947,0.5,184.23
50,2254,20,6814abebd137,B2_Cyclic_M3,1.0,0.4959,0.0,0.1105,0.5,276.34
50,2254,20,6814abebd137,B2_Cyclic_M5,1.0,0.4891,0.0,0.0316,0.5,460.57
51,1796,20,08ff31c93caa,B0_Native,1.0,1.0,0.0,0.0,0.0,89.5
51,1796,20,08ff31c93caa,B0_Random,1.0,1.0,0.0,0.0,0.0,89.5
51,1796,20,08ff31c93caa,B1_Alpha,1.0,1.0,0.0,0.0,0.0,89.5
51,1796,20,08ff31c93caa,B1_ReverseAlpha,1.0,1.0,0.0,0.0,0.0,89.5
51,1796,20,08ff31c93caa,Rand_Marg_M2,1.0,1.0,0.0,0.0,0.0,179.0
51,1796,20,08ff31c93caa,Rand_Marg_M3,1.0,1.0,0.0,0.0,0.0,268.5
51,1796,20,08ff31c93caa,Rand_Marg_M5,1.0,1.0,0.0,0.0,0.0,447.5
51,1796,20,08ff31c93caa,B2_Cyclic_M2,1.0,1.0,0.0,0.0,0.0,179.0
51,1796,20,08ff31c93caa,B2_Cyclic_M3,1.0,1.0,0.0,0.0,0.0,268.5
51,1796,20,08ff31c93caa,B2_Cyclic_M5,1.0,1.0,0.0,0.0,0.0,447.5
52,1700,20,e9e841ee5c72,B0_Native,1.0,1.0,0.0,0.0,0.0,82.98
52,1700,20,e9e841ee5c72,B0_Random,1.0,1.0,0.0,0.0,0.1,82.98
52,1700,20,e9e841ee5c72,B1_Alpha,1.0,1.0,0.0,0.0,0.0,82.98
52,1700,20,e9e841ee5c72,B1_ReverseAlpha,1.0,1.0,0.0,0.0,0.0,82.98
52,1700,20,e9e841ee5c72,Rand_Marg_M2,1.0,1.0,0.0,0.0,0.5,165.97
52,1700,20,e9e841ee5c72,Rand_Marg_M3,1.0,0.9973,0.0,0.0,0.5,248.95
52,1700,20,e9e841ee5c72,Rand_Marg_M5,1.0,0.9984,0.0,0.0,0.5,414.92
52,1700,20,e9e841ee5c72,B2_Cyclic_M2,1.0,1.0,0.0,0.0,0.0,165.97
52,1700,20,e9e841ee5c72,B2_Cyclic_M3,1.0,1.0,0.0,0.0,0.0,248.95
52,1700,20,e9e841ee5c72,B2_Cyclic_M5,1.0,1.0,0.0,0.0,0.0,414.92
53,2112,20,3152dd2deb3b,B0_Native,1.0,0.9577,0.0,0.0,0.0,87.23
53,2112,20,3152dd2deb3b,B0_Random,1.0,0.9933,0.2,0.0225,0.3267,87.23
53,2112,20,3152dd2deb3b,B1_Alpha,1.0,0.9995,1.0,0.0158,0.5,87.23
53,2112,20,3152dd2deb3b,B1_ReverseAlpha,0.0,0.8217,1.0,0.0158,0.5,87.23
53,2112,20,3152dd2deb3b,Rand_Marg_M2,1.0,0.9805,0.0,0.1053,0.5,174.46
53,2112,20,3152dd2deb3b,Rand_Marg_M3,1.0,0.987,0.0,0.1,0.5,261.69
53,2112,20,3152dd2deb3b,Rand_Marg_M5,1.0,0.8491,0.0,0.0684,0.0,436.14
53,2112,20,3152dd2deb3b,B2_Cyclic_M2,1.0,0.9785,0.0,0.0263,0.5,174.46
53,2112,20,3152dd2deb3b,B2_Cyclic_M3,1.0,0.9859,0.0,0.0263,0.5,261.69
53,2112,20,3152dd2deb3b,B2_Cyclic_M5,1.0,0.9912,0.0,0.0526,0.5,436.14
54,890,20,ef1194ef64e2,B0_Native,1.0,0.9998,0.0,0.0,0.0,85.74
54,890,20,ef1194ef64e2,B0_Random,1.0,0.9999,0.0,0.0,0.0,85.74
54,890,20,ef1194ef64e2,B1_Alpha,1.0,0.9999,0.0,0.0,0.0,85.74
54,890,20,ef1194ef64e2,B1_ReverseAlpha,1.0,1.0,0.0,0.0,0.0,85.74
54,890,20,ef1194ef64e2,Rand_Marg_M2,1.0,0.9999,0.0,0.0,0.0,171.48
54,890,20,ef1194ef64e2,Rand_Marg_M3,1.0,0.9999,0.0,0.0,0.0,257.22
54,890,20,ef1194ef64e2,Rand_Marg_M5,1.0,0.9999,0.0,0.0,0.0,428.69
54,890,20,ef1194ef64e2,B2_Cyclic_M2,1.0,0.9999,0.0,0.0,0.0,171.48
54,890,20,ef1194ef64e2,B2_Cyclic_M3,1.0,0.9999,0.0,0.0,0.0,257.22
54,890,20,ef1194ef64e2,B2_Cyclic_M5,1.0,1.0,0.0,0.0,0.0,428.69
55,1880,20,fcf83377935e,B0_Native,1.0,1.0,0.0,0.0,0.0,84.0
55,1880,20,fcf83377935e,B0_Random,1.0,1.0,0.0,0.0,0.0,84.0
55,1880,20,fcf83377935e,B1_Alpha,1.0,1.0,0.0,0.0,0.0,84.0
55,1880,20,fcf83377935e,B1_ReverseAlpha,1.0,1.0,0.0,0.0,0.0,84.0
55,1880,20,fcf83377935e,Rand_Marg_M2,1.0,1.0,0.0,0.0,0.0,168.01
55,1880,20,fcf83377935e,Rand_Marg_M3,1.0,1.0,0.0,0.0,0.0,252.01
55,1880,20,fcf83377935e,Rand_Marg_M5,1.0,1.0,0.0,0.0,0.0,420.02
55,1880,20,fcf83377935e,B2_Cyclic_M2,1.0,1.0,0.0,0.0,0.0,168.01
55,1880,20,fcf83377935e,B2_Cyclic_M3,1.0,1.0,0.0,0.0,0.0,252.01
55,1880,20,fcf83377935e,B2_Cyclic_M5,1.0,1.0,0.0,0.0,0.0,420.02
56,601,20,9cd93cabf873,B0_Native,0.0,0.6836,0.0,0.0,0.0,85.42
56,601,20,9cd93cabf873,B0_Random,1.0,0.8175,0.3556,0.0357,0.3889,85.42
56,601,20,9cd93cabf873,B1_Alpha,1.0,0.9889,0.0,0.0105,0.5,85.42
56,601,20,9cd93cabf873,B1_ReverseAlpha,1.0,0.9756,0.0,0.0105,0.5,85.42
56,601,20,9cd93cabf873,Rand_Marg_M2,1.0,0.892,1.0,0.0316,0.0,170.84
56,601,20,9cd93cabf873,Rand_Marg_M3,1.0,0.7929,0.0,0.0474,0.5,256.25
56,601,20,9cd93cabf873,Rand_Marg_M5,1.0,0.6746,0.0,0.1053,0.5,427.09
56,601,20,9cd93cabf873,B2_Cyclic_M2,0.0,0.6917,1.0,0.0474,0.0,170.84
56,601,20,9cd93cabf873,B2_Cyclic_M3,0.0,0.4882,1.0,0.0526,0.0,256.25
56,601,20,9cd93cabf873,B2_Cyclic_M5,0.0,0.5203,0.0,0.0684,0.0,427.09
57,2810,20,4ec72d604100,B0_Native,1.0,0.9999,0.0,0.0,0.0,83.36
57,2810,20,4ec72d604100,B0_Random,1.0,1.0,0.0,0.0,0.0,83.36
57,2810,20,4ec72d604100,B1_Alpha,1.0,1.0,0.0,0.0,0.0,83.36
57,2810,20,4ec72d604100,B1_ReverseAlpha,1.0,1.0,0.0,0.0,0.0,83.36
57,2810,20,4ec72d604100,Rand_Marg_M2,1.0,1.0,0.0,0.0,0.0,166.72
57,2810,20,4ec72d604100,Rand_Marg_M3,1.0,1.0,0.0,0.0,0.0,250.08
57,2810,20,4ec72d604100,Rand_Marg_M5,1.0,1.0,0.0,0.0,0.0,416.8
57,2810,20,4ec72d604100,B2_Cyclic_M2,1.0,0.9991,0.0,0.0,0.0,166.72
57,2810,20,4ec72d604100,B2_Cyclic_M3,1.0,0.9998,0.0,0.0,0.0,250.08
57,2810,20,4ec72d604100,B2_Cyclic_M5,1.0,0.9998,0.0,0.0,0.0,416.8
58,2454,20,f816d9e32973,B0_Native,1.0,1.0,0.0,0.0,0.0,84.41
58,2454,20,f816d9e32973,B0_Random,1.0,1.0,0.0,0.0,0.0,84.41
58,2454,20,f816d9e32973,B1_Alpha,1.0,1.0,0.0,0.0,0.0,84.41
58,2454,20,f816d9e32973,B1_ReverseAlpha,1.0,1.0,0.0,0.0,0.0,84.41
58,2454,20,f816d9e32973,Rand_Marg_M2,1.0,1.0,0.0,0.0,0.0,168.81
58,2454,20,f816d9e32973,Rand_Marg_M3,1.0,1.0,0.0,0.0,0.0,253.22
58,2454,20,f816d9e32973,Rand_Marg_M5,1.0,1.0,0.0,0.0,0.0,422.03
58,2454,20,f816d9e32973,B2_Cyclic_M2,1.0,1.0,0.0,0.0,0.0,168.81
58,2454,20,f816d9e32973,B2_Cyclic_M3,1.0,1.0,0.0,0.0,0.0,253.22
58,2454,20,f816d9e32973,B2_Cyclic_M5,1.0,1.0,0.0,0.0,0.0,422.03
59,2641,20,242665e6f184,B0_Native,1.0,1.0,0.0,0.0,0.0,76.65
59,2641,20,242665e6f184,B0_Random,1.0,1.0,0.0,0.0,0.0,76.65
59,2641,20,242665e6f184,B1_Alpha,1.0,1.0,0.0,0.0,0.0,76.65
59,2641,20,242665e6f184,B1_ReverseAlpha,1.0,1.0,0.0,0.0,0.0,76.65
59,2641,20,242665e6f184,Rand_Marg_M2,1.0,1.0,0.0,0.0,0.0,153.3
59,2641,20,242665e6f184,Rand_Marg_M3,1.0,1.0,0.0,0.0,0.0,229.95
59,2641,20,242665e6f184,Rand_Marg_M5,1.0,1.0,0.0,0.0,0.0,383.25
59,2641,20,242665e6f184,B2_Cyclic_M2,1.0,1.0,0.0,0.0,0.0,153.3
59,2641,20,242665e6f184,B2_Cyclic_M3,1.0,1.0,0.0,0.0,0.0,229.95
59,2641,20,242665e6f184,B2_Cyclic_M5,1.0,1.0,0.0,0.0,0.0,383.25
60,733,20,875bf9b5b9af,B0_Native,1.0,1.0,0.0,0.0,0.0,81.9
60,733,20,875bf9b5b9af,B0_Random,1.0,1.0,0.0,0.0,0.0,81.9
60,733,20,875bf9b5b9af,B1_Alpha,1.0,1.0,0.0,0.0,0.0,81.9
60,733,20,875bf9b5b9af,B1_ReverseAlpha,1.0,1.0,0.0,0.0,0.0,81.9
60,733,20,875bf9b5b9af,Rand_Marg_M2,1.0,1.0,0.0,0.0,0.0,163.81
60,733,20,875bf9b5b9af,Rand_Marg_M3,1.0,1.0,0.0,0.0,0.0,245.71
60,733,20,875bf9b5b9af,Rand_Marg_M5,1.0,1.0,0.0,0.0,0.0,409.51
60,733,20,875bf9b5b9af,B2_Cyclic_M2,1.0,1.0,0.0,0.0,0.0,163.81
60,733,20,875bf9b5b9af,B2_Cyclic_M3,1.0,1.0,0.0,0.0,0.0,245.71
60,733,20,875bf9b5b9af,B2_Cyclic_M5,1.0,1.0,0.0,0.0,0.0,409.51
61,1004,20,41aeca01fde5,B0_Native,1.0,0.9457,0.0,0.0,0.0,83.14
61,1004,20,41aeca01fde5,B0_Random,1.0,0.96,0.7778,0.0787,0.4133,83.14
61,1004,20,41aeca01fde5,B1_Alpha,0.0,0.9742,0.0,0.0684,0.5,83.14
61,1004,20,41aeca01fde5,B1_ReverseAlpha,0.0,0.9657,0.0,0.0684,0.5,83.14
61,1004,20,41aeca01fde5,Rand_Marg_M2,1.0,0.8316,0.0,0.0895,0.0,166.28
61,1004,20,41aeca01fde5,Rand_Marg_M3,1.0,0.8592,1.0,0.0947,0.0,249.42
61,1004,20,41aeca01fde5,Rand_Marg_M5,1.0,0.5548,1.0,0.0737,0.5,415.7
61,1004,20,41aeca01fde5,B2_Cyclic_M2,1.0,0.9453,0.0,0.0421,0.5,166.28
61,1004,20,41aeca01fde5,B2_Cyclic_M3,1.0,0.9619,0.0,0.0421,0.5,249.42
61,1004,20,41aeca01fde5,B2_Cyclic_M5,1.0,0.7788,0.0,0.0421,0.0,415.7
62,1342,20,1025e67eca17,B0_Native,0.0,1.0,0.0,0.0,0.0,85.92
62,1342,20,1025e67eca17,B0_Random,0.0,0.5355,0.4667,0.006,0.4044,85.92
62,1342,20,1025e67eca17,B1_Alpha,0.0,1.0,1.0,0.0053,0.5,85.92
62,1342,20,1025e67eca17,B1_ReverseAlpha,1.0,1.0,1.0,0.0053,0.5,85.92
62,1342,20,1025e67eca17,Rand_Marg_M2,0.0,0.7182,0.0,0.0105,0.5,171.83
62,1342,20,1025e67eca17,Rand_Marg_M3,0.0,0.8121,1.0,0.0158,0.5,257.75
62,1342,20,1025e67eca17,Rand_Marg_M5,0.0,0.6992,1.0,0.0316,0.5,429.58
62,1342,20,1025e67eca17,B2_Cyclic_M2,0.0,0.8663,0.0,0.0105,0.5,171.83
62,1342,20,1025e67eca17,B2_Cyclic_M3,0.0,0.6716,0.0,0.0105,0.5,257.75
62,1342,20,1025e67eca17,B2_Cyclic_M5,0.0,0.642,0.0,0.0,0.0,429.58
63,1973,20,3732a843dbc6,B0_Native,1.0,0.9878,0.0,0.0,0.0,86.39
63,1973,20,3732a843dbc6,B0_Random,1.0,1.0,0.0,0.0,0.2667,86.39
63,1973,20,3732a843dbc6,B1_Alpha,1.0,0.999,0.0,0.0,0.0,86.39
63,1973,20,3732a843dbc6,B1_ReverseAlpha,1.0,0.9998,0.0,0.0,0.0,86.39
63,1973,20,3732a843dbc6,Rand_Marg_M2,1.0,0.9992,0.0,0.0,0.0,172.79
63,1973,20,3732a843dbc6,Rand_Marg_M3,1.0,0.9994,0.0,0.0,0.0,259.18
63,1973,20,3732a843dbc6,Rand_Marg_M5,1.0,0.9996,0.0,0.0,0.0,431.97
63,1973,20,3732a843dbc6,B2_Cyclic_M2,1.0,0.9939,0.0,0.0,0.8,172.79
63,1973,20,3732a843dbc6,B2_Cyclic_M3,1.0,0.9959,0.0,0.0,0.8,259.18
63,1973,20,3732a843dbc6,B2_Cyclic_M5,1.0,0.9976,0.0,0.0,0.8,431.97
64,2225,20,5785b4c29952,B0_Native,1.0,1.0,0.0,0.0,0.0,85.8
64,2225,20,5785b4c29952,B0_Random,1.0,1.0,0.0,0.0,0.0,85.8
64,2225,20,5785b4c29952,B1_Alpha,1.0,1.0,0.0,0.0,0.0,85.8
64,2225,20,5785b4c29952,B1_ReverseAlpha,1.0,1.0,0.0,0.0,0.0,85.8
64,2225,20,5785b4c29952,Rand_Marg_M2,1.0,1.0,0.0,0.0,0.0,171.6
64,2225,20,5785b4c29952,Rand_Marg_M3,1.0,1.0,0.0,0.0,0.0,257.4
64,2225,20,5785b4c29952,Rand_Marg_M5,1.0,1.0,0.0,0.0,0.0,428.99
64,2225,20,5785b4c29952,B2_Cyclic_M2,1.0,1.0,0.0,0.0,0.0,171.6
64,2225,20,5785b4c29952,B2_Cyclic_M3,1.0,1.0,0.0,0.0,0.0,257.4
64,2225,20,5785b4c29952,B2_Cyclic_M5,1.0,1.0,0.0,0.0,0.0,428.99
65,2339,20,f5f904ad7b68,B0_Native,1.0,0.7489,0.0,0.0,0.0,88.9
65,2339,20,f5f904ad7b68,B0_Random,1.0,0.6147,0.2,0.1496,0.36,88.9
65,2339,20,f5f904ad7b68,B1_Alpha,1.0,0.6502,0.0,0.2263,0.5,88.9
65,2339,20,f5f904ad7b68,B1_ReverseAlpha,1.0,0.8795,0.0,0.2263,0.5,88.9
65,2339,20,f5f904ad7b68,Rand_Marg_M2,1.0,0.7454,0.0,0.0737,0.0,177.81
65,2339,20,f5f904ad7b68,Rand_Marg_M3,1.0,0.8292,0.0,0.0789,0.0,266.71
65,2339,20,f5f904ad7b68,Rand_Marg_M5,1.0,0.8151,0.0,0.1,0.0,444.52
65,2339,20,f5f904ad7b68,B2_Cyclic_M2,1.0,0.6421,0.0,0.1053,0.0,177.81
65,2339,20,f5f904ad7b68,B2_Cyclic_M3,1.0,0.7034,0.0,0.0632,0.0,266.71
65,2339,20,f5f904ad7b68,B2_Cyclic_M5,1.0,0.6611,0.0,0.0263,0.0,444.52
66,849,20,ee57f23cc935,B0_Native,0.0,0.9958,0.0,0.0,0.0,83.55
66,849,20,ee57f23cc935,B0_Random,0.0,0.9493,0.2,0.0075,0.5067,83.55
66,849,20,ee57f23cc935,B1_Alpha,0.0,0.952,0.0,0.0211,0.5,83.55
66,849,20,ee57f23cc935,B1_ReverseAlpha,0.0,0.9765,0.0,0.0211,0.5,83.55
66,849,20,ee57f23cc935,Rand_Marg_M2,0.0,0.9747,0.0,0.0158,0.0,167.09
66,849,20,ee57f23cc935,Rand_Marg_M3,0.0,0.7518,0.0,0.0053,0.0,250.64
66,849,20,ee57f23cc935,Rand_Marg_M5,0.0,0.8489,0.0,0.0105,0.0,417.73
66,849,20,ee57f23cc935,B2_Cyclic_M2,0.0,0.9695,0.0,0.0105,0.5,167.09
66,849,20,ee57f23cc935,B2_Cyclic_M3,0.0,0.7542,0.0,0.0053,0.0,250.64
66,849,20,ee57f23cc935,B2_Cyclic_M5,0.0,0.8503,0.0,0.0,0.0,417.73
67,2059,20,47287b9c9ac3,B0_Native,1.0,0.9989,0.0,0.0,0.0,78.94
67,2059,20,47287b9c9ac3,B0_Random,1.0,1.0,0.0,0.0001,0.4022,78.94
67,2059,20,47287b9c9ac3,B1_Alpha,1.0,1.0,0.0,0.0,0.8,78.94
67,2059,20,47287b9c9ac3,B1_ReverseAlpha,1.0,0.8046,0.0,0.0,0.8,78.94
67,2059,20,47287b9c9ac3,Rand_Marg_M2,1.0,0.9989,0.0,0.0,0.8,157.88
67,2059,20,47287b9c9ac3,Rand_Marg_M3,1.0,0.9993,0.0,0.0,0.8,236.81
67,2059,20,47287b9c9ac3,Rand_Marg_M5,1.0,0.9996,0.0,0.0053,0.5,394.69
67,2059,20,47287b9c9ac3,B2_Cyclic_M2,1.0,0.9994,0.0,0.0,0.8,157.88
67,2059,20,47287b9c9ac3,B2_Cyclic_M3,1.0,0.9996,0.0,0.0,0.8,236.81
67,2059,20,47287b9c9ac3,B2_Cyclic_M5,1.0,0.9998,0.0,0.0,0.8,394.69
68,1220,20,907db3163d31,B0_Native,1.0,1.0,0.0,0.0,0.0,82.69
68,1220,20,907db3163d31,B0_Random,1.0,1.0,0.0,0.0,0.0,82.69
68,1220,20,907db3163d31,B1_Alpha,1.0,1.0,0.0,0.0,0.0,82.69
68,1220,20,907db3163d31,B1_ReverseAlpha,1.0,1.0,0.0,0.0,0.0,82.69
68,1220,20,907db3163d31,Rand_Marg_M2,1.0,1.0,0.0,0.0,0.0,165.38
68,1220,20,907db3163d31,Rand_Marg_M3,1.0,1.0,0.0,0.0,0.0,248.07
68,1220,20,907db3163d31,Rand_Marg_M5,1.0,1.0,0.0,0.0,0.0,413.45
68,1220,20,907db3163d31,B2_Cyclic_M2,1.0,1.0,0.0,0.0,0.0,165.38
68,1220,20,907db3163d31,B2_Cyclic_M3,1.0,1.0,0.0,0.0,0.0,248.07
68,1220,20,907db3163d31,B2_Cyclic_M5,1.0,1.0,0.0,0.0,0.0,413.45
69,3009,20,9837c124c9e1,B0_Native,1.0,1.0,0.0,0.0,0.0,85.1
69,3009,20,9837c124c9e1,B0_Random,1.0,1.0,0.0,0.0,0.0,85.1
69,3009,20,9837c124c9e1,B1_Alpha,1.0,1.0,0.0,0.0,0.0,85.1
69,3009,20,9837c124c9e1,B1_ReverseAlpha,1.0,1.0,0.0,0.0,0.0,85.1
69,3009,20,9837c124c9e1,Rand_Marg_M2,1.0,1.0,0.0,0.0,0.0,170.2
69,3009,20,9837c124c9e1,Rand_Marg_M3,1.0,1.0,0.0,0.0,0.0,255.3
69,3009,20,9837c124c9e1,Rand_Marg_M5,1.0,1.0,0.0,0.0,0.0,425.5
69,3009,20,9837c124c9e1,B2_Cyclic_M2,1.0,1.0,0.0,0.0,0.0,170.2
69,3009,20,9837c124c9e1,B2_Cyclic_M3,1.0,1.0,0.0,0.0,0.0,255.3
69,3009,20,9837c124c9e1,B2_Cyclic_M5,1.0,1.0,0.0,0.0,0.0,425.5
70,2013,20,74fca77c442e,B0_Native,1.0,1.0,0.0,0.0,0.0,92.46
70,2013,20,74fca77c442e,B0_Random,1.0,1.0,0.0,0.0,0.16,92.46
70,2013,20,74fca77c442e,B1_Alpha,1.0,1.0,0.0,0.0,0.0,92.46
70,2013,20,74fca77c442e,B1_ReverseAlpha,1.0,1.0,0.0,0.0,0.0,92.46
70,2013,20,74fca77c442e,Rand_Marg_M2,1.0,1.0,0.0,0.0,0.0,184.93
70,2013,20,74fca77c442e,Rand_Marg_M3,1.0,1.0,0.0,0.0,0.8,277.39
70,2013,20,74fca77c442e,Rand_Marg_M5,1.0,1.0,0.0,0.0,0.8,462.32
70,2013,20,74fca77c442e,B2_Cyclic_M2,1.0,1.0,0.0,0.0,0.0,184.93
70,2013,20,74fca77c442e,B2_Cyclic_M3,1.0,1.0,0.0,0.0,0.0,277.39
70,2013,20,74fca77c442e,B2_Cyclic_M5,1.0,1.0,0.0,0.0,0.0,462.32
71,2360,20,d036c461ed78,B0_Native,0.0,0.9844,0.0,0.0,0.0,87.23
71,2360,20,d036c461ed78,B0_Random,0.0,0.6979,0.6444,0.154,0.4111,87.23
71,2360,20,d036c461ed78,B1_Alpha,0.0,0.8548,1.0,0.2789,0.0,87.23
71,2360,20,d036c461ed78,B1_ReverseAlpha,0.0,0.9476,1.0,0.2789,0.0,87.23
71,2360,20,d036c461ed78,Rand_Marg_M2,0.0,0.4172,1.0,0.1579,0.5,174.45
71,2360,20,d036c461ed78,Rand_Marg_M3,0.0,0.3374,0.0,0.1632,0.0,261.68
71,2360,20,d036c461ed78,Rand_Marg_M5,0.0,0.486,0.0,0.1474,0.5,436.14
71,2360,20,d036c461ed78,B2_Cyclic_M2,0.0,0.7315,1.0,0.1842,0.5,174.45
71,2360,20,d036c461ed78,B2_Cyclic_M3,0.0,0.4877,1.0,0.0947,0.0,261.68
71,2360,20,d036c461ed78,B2_Cyclic_M5,0.0,0.4718,0.0,0.0789,0.0,436.14
72,2554,20,0b675d16a5f1,B0_Native,1.0,1.0,0.0,0.0,0.0,117.05
72,2554,20,0b675d16a5f1,B0_Random,1.0,1.0,0.0,0.0,0.0,117.05
72,2554,20,0b675d16a5f1,B1_Alpha,1.0,1.0,0.0,0.0,0.0,117.05
72,2554,20,0b675d16a5f1,B1_ReverseAlpha,1.0,1.0,0.0,0.0,0.0,117.05
72,2554,20,0b675d16a5f1,Rand_Marg_M2,1.0,1.0,0.0,0.0,0.0,234.11
72,2554,20,0b675d16a5f1,Rand_Marg_M3,1.0,1.0,0.0,0.0,0.0,351.16
72,2554,20,0b675d16a5f1,Rand_Marg_M5,1.0,1.0,0.0,0.0,0.0,585.27
72,2554,20,0b675d16a5f1,B2_Cyclic_M2,1.0,1.0,0.0,0.0,0.0,234.11
72,2554,20,0b675d16a5f1,B2_Cyclic_M3,1.0,1.0,0.0,0.0,0.0,351.16
72,2554,20,0b675d16a5f1,B2_Cyclic_M5,1.0,1.0,0.0,0.0,0.0,585.27
73,1288,20,bba12ca9168c,B0_Native,1.0,0.9993,0.0,0.0,0.0,142.87
73,1288,20,bba12ca9168c,B0_Random,1.0,1.0,0.0,0.0012,0.4022,142.87
73,1288,20,bba12ca9168c,B1_Alpha,0.0,0.9467,1.0,0.0053,0.5,142.87
73,1288,20,bba12ca9168c,B1_ReverseAlpha,1.0,1.0,1.0,0.0053,0.5,142.87
73,1288,20,bba12ca9168c,Rand_Marg_M2,1.0,0.9992,0.0,0.0053,0.0,285.74
73,1288,20,bba12ca9168c,Rand_Marg_M3,1.0,0.9986,0.0,0.0,0.8,428.61
73,1288,20,bba12ca9168c,Rand_Marg_M5,1.0,0.9991,0.0,0.0158,0.5,714.34
73,1288,20,bba12ca9168c,B2_Cyclic_M2,1.0,0.9996,0.0,0.0211,0.5,285.74
73,1288,20,bba12ca9168c,B2_Cyclic_M3,1.0,0.9981,0.0,0.0053,0.0,428.61
73,1288,20,bba12ca9168c,B2_Cyclic_M5,1.0,0.9985,0.0,0.0053,0.0,714.34
74,1192,20,142474e2b667,B0_Native,0.0,0.612,0.0,0.0,0.0,183.92
74,1192,20,142474e2b667,B0_Random,0.0,0.5406,0.5333,0.0853,0.3156,183.92
74,1192,20,142474e2b667,B1_Alpha,1.0,0.9069,0.0,0.1,0.5,183.92
74,1192,20,142474e2b667,B1_ReverseAlpha,1.0,0.702,0.0,0.1,0.5,183.92
74,1192,20,142474e2b667,Rand_Marg_M2,0.0,0.6276,1.0,0.1158,0.0,367.85
74,1192,20,142474e2b667,Rand_Marg_M3,1.0,0.4987,0.0,0.0842,0.0,551.77
74,1192,20,142474e2b667,Rand_Marg_M5,1.0,0.5306,0.0,0.0947,0.0,919.62
74,1192,20,142474e2b667,B2_Cyclic_M2,0.0,0.4673,1.0,0.0789,0.0,367.85
74,1192,20,142474e2b667,B2_Cyclic_M3,1.0,0.6046,0.0,0.0684,0.0,551.77
74,1192,20,142474e2b667,B2_Cyclic_M5,1.0,0.5193,0.0,0.0789,0.5,919.62
75,774,20,3add8ee672bd,B0_Native,0.0,1.0,0.0,0.0,0.0,139.45
75,774,20,3add8ee672bd,B0_Random,0.0,1.0,0.0,0.0,0.0,139.45
75,774,20,3add8ee672bd,B1_Alpha,0.0,1.0,0.0,0.0,0.0,139.45
75,774,20,3add8ee672bd,B1_ReverseAlpha,0.0,1.0,0.0,0.0,0.0,139.45
75,774,20,3add8ee672bd,Rand_Marg_M2,0.0,1.0,0.0,0.0,0.0,278.91
75,774,20,3add8ee672bd,Rand_Marg_M3,0.0,1.0,0.0,0.0,0.0,418.36
75,774,20,3add8ee672bd,Rand_Marg_M5,0.0,1.0,0.0,0.0,0.0,697.27
75,774,20,3add8ee672bd,B2_Cyclic_M2,0.0,1.0,0.0,0.0,0.0,278.91
75,774,20,3add8ee672bd,B2_Cyclic_M3,0.0,1.0,0.0,0.0,0.0,418.36
75,774,20,3add8ee672bd,B2_Cyclic_M5,0.0,1.0,0.0,0.0,0.0,697.27
76,2566,20,9ee1ce10d450,B0_Native,1.0,1.0,0.0,0.0,0.0,151.61
76,2566,20,9ee1ce10d450,B0_Random,1.0,1.0,0.0,0.0,0.0,151.61
76,2566,20,9ee1ce10d450,B1_Alpha,1.0,1.0,0.0,0.0,0.0,151.61
76,2566,20,9ee1ce10d450,B1_ReverseAlpha,1.0,1.0,0.0,0.0,0.0,151.61
76,2566,20,9ee1ce10d450,Rand_Marg_M2,1.0,1.0,0.0,0.0,0.0,303.21
76,2566,20,9ee1ce10d450,Rand_Marg_M3,1.0,1.0,0.0,0.0,0.0,454.82
76,2566,20,9ee1ce10d450,Rand_Marg_M5,1.0,1.0,0.0,0.0,0.0,758.03
76,2566,20,9ee1ce10d450,B2_Cyclic_M2,1.0,1.0,0.0,0.0,0.0,303.21
76,2566,20,9ee1ce10d450,B2_Cyclic_M3,1.0,1.0,0.0,0.0,0.0,454.82
76,2566,20,9ee1ce10d450,B2_Cyclic_M5,1.0,1.0,0.0,0.0,0.0,758.03
77,2639,20,61921b430696,B0_Native,1.0,1.0,0.0,0.0,0.0,139.4
77,2639,20,61921b430696,B0_Random,1.0,1.0,0.0,0.0,0.0,139.4
77,2639,20,61921b430696,B1_Alpha,1.0,1.0,0.0,0.0,0.0,139.4
77,2639,20,61921b430696,B1_ReverseAlpha,1.0,1.0,0.0,0.0,0.0,139.4
77,2639,20,61921b430696,Rand_Marg_M2,1.0,1.0,0.0,0.0,0.0,278.79
77,2639,20,61921b430696,Rand_Marg_M3,1.0,1.0,0.0,0.0,0.0,418.19
77,2639,20,61921b430696,Rand_Marg_M5,1.0,1.0,0.0,0.0,0.0,696.98
77,2639,20,61921b430696,B2_Cyclic_M2,1.0,1.0,0.0,0.0,0.0,278.79
77,2639,20,61921b430696,B2_Cyclic_M3,1.0,1.0,0.0,0.0,0.0,418.19
77,2639,20,61921b430696,B2_Cyclic_M5,1.0,1.0,0.0,0.0,0.0,696.98
78,1845,20,8a06f7b843a7,B0_Native,1.0,1.0,0.0,0.0,0.0,97.95
78,1845,20,8a06f7b843a7,B0_Random,1.0,1.0,0.0,0.0,0.0,97.95
78,1845,20,8a06f7b843a7,B1_Alpha,1.0,1.0,0.0,0.0,0.0,97.95
78,1845,20,8a06f7b843a7,B1_ReverseAlpha,1.0,1.0,0.0,0.0,0.0,97.95
78,1845,20,8a06f7b843a7,Rand_Marg_M2,1.0,1.0,0.0,0.0,0.0,195.91
78,1845,20,8a06f7b843a7,Rand_Marg_M3,1.0,1.0,0.0,0.0,0.0,293.86
78,1845,20,8a06f7b843a7,Rand_Marg_M5,1.0,1.0,0.0,0.0,0.0,489.76
78,1845,20,8a06f7b843a7,B2_Cyclic_M2,1.0,1.0,0.0,0.0,0.0,195.91
78,1845,20,8a06f7b843a7,B2_Cyclic_M3,1.0,1.0,0.0,0.0,0.0,293.86
78,1845,20,8a06f7b843a7,B2_Cyclic_M5,1.0,1.0,0.0,0.0,0.0,489.76
79,169,20,8d411918d16f,B0_Native,0.0,0.9713,0.0,0.0,0.0,114.43
79,169,20,8d411918d16f,B0_Random,0.0,0.2992,0.3556,0.1989,0.4667,114.43
79,169,20,8d411918d16f,B1_Alpha,0.0,0.9897,0.0,0.1632,0.5,114.43
79,169,20,8d411918d16f,B1_ReverseAlpha,0.0,0.8237,0.0,0.1632,0.5,114.43
79,169,20,8d411918d16f,Rand_Marg_M2,0.0,0.524,0.0,0.2,0.5,228.85
79,169,20,8d411918d16f,Rand_Marg_M3,0.0,0.6737,0.0,0.1789,0.5,343.28
79,169,20,8d411918d16f,Rand_Marg_M5,0.0,0.7482,0.0,0.1632,0.5,572.13
79,169,20,8d411918d16f,B2_Cyclic_M2,0.0,0.7974,0.0,0.1684,0.5,228.85
79,169,20,8d411918d16f,B2_Cyclic_M3,0.0,0.879,0.0,0.0737,0.5,343.28
79,169,20,8d411918d16f,B2_Cyclic_M5,0.0,0.9112,0.0,0.1,0.0,572.13
80,2367,20,374a8824b0cb,B0_Native,1.0,1.0,0.0,0.0,0.0,111.13
80,2367,20,374a8824b0cb,B0_Random,1.0,1.0,0.0,0.0,0.0,111.13
80,2367,20,374a8824b0cb,B1_Alpha,1.0,1.0,0.0,0.0,0.0,111.13
80,2367,20,374a8824b0cb,B1_ReverseAlpha,1.0,1.0,0.0,0.0,0.0,111.13
80,2367,20,374a8824b0cb,Rand_Marg_M2,1.0,1.0,0.0,0.0,0.0,222.27
80,2367,20,374a8824b0cb,Rand_Marg_M3,1.0,1.0,0.0,0.0,0.0,333.4
80,2367,20,374a8824b0cb,Rand_Marg_M5,1.0,1.0,0.0,0.0,0.0,555.67
80,2367,20,374a8824b0cb,B2_Cyclic_M2,1.0,1.0,0.0,0.0,0.0,222.27
80,2367,20,374a8824b0cb,B2_Cyclic_M3,1.0,1.0,0.0,0.0,0.0,333.4
80,2367,20,374a8824b0cb,B2_Cyclic_M5,1.0,1.0,0.0,0.0,0.0,555.67
81,1505,20,b20f59114ae5,B0_Native,1.0,0.9999,0.0,0.0,0.0,104.79
81,1505,20,b20f59114ae5,B0_Random,1.0,1.0,0.0,0.0,0.0,104.79
81,1505,20,b20f59114ae5,B1_Alpha,1.0,1.0,0.0,0.0,0.0,104.79
81,1505,20,b20f59114ae5,B1_ReverseAlpha,1.0,1.0,0.0,0.0,0.0,104.79
81,1505,20,b20f59114ae5,Rand_Marg_M2,1.0,0.9998,0.0,0.0,0.0,209.59
81,1505,20,b20f59114ae5,Rand_Marg_M3,1.0,0.9998,0.0,0.0,0.0,314.38
81,1505,20,b20f59114ae5,Rand_Marg_M5,1.0,0.9999,0.0,0.0,0.0,523.97
81,1505,20,b20f59114ae5,B2_Cyclic_M2,1.0,0.9999,0.0,0.0,0.0,209.59
81,1505,20,b20f59114ae5,B2_Cyclic_M3,1.0,1.0,0.0,0.0,0.0,314.38
81,1505,20,b20f59114ae5,B2_Cyclic_M5,1.0,1.0,0.0,0.0,0.0,523.97
82,478,20,c6bc9e8bce7f,B0_Native,1.0,1.0,0.0,0.0,0.0,122.85
82,478,20,c6bc9e8bce7f,B0_Random,1.0,1.0,0.0,0.0,0.0,122.85
82,478,20,c6bc9e8bce7f,B1_Alpha,1.0,1.0,0.0,0.0,0.0,122.85
82,478,20,c6bc9e8bce7f,B1_ReverseAlpha,1.0,1.0,0.0,0.0,0.0,122.85
82,478,20,c6bc9e8bce7f,Rand_Marg_M2,1.0,1.0,0.0,0.0,0.0,245.69
82,478,20,c6bc9e8bce7f,Rand_Marg_M3,1.0,1.0,0.0,0.0,0.0,368.54
82,478,20,c6bc9e8bce7f,Rand_Marg_M5,1.0,1.0,0.0,0.0,0.0,614.23
82,478,20,c6bc9e8bce7f,B2_Cyclic_M2,1.0,1.0,0.0,0.0,0.0,245.69
82,478,20,c6bc9e8bce7f,B2_Cyclic_M3,1.0,1.0,0.0,0.0,0.0,368.54
82,478,20,c6bc9e8bce7f,B2_Cyclic_M5,1.0,1.0,0.0,0.0,0.0,614.23
83,2160,20,801185bd29bf,B0_Native,0.0,0.9992,0.0,0.0,0.0,111.74
83,2160,20,801185bd29bf,B0_Random,0.0,1.0,0.0,0.0001,0.2422,111.74
83,2160,20,801185bd29bf,B1_Alpha,0.0,1.0,0.0,0.0,0.0,111.74
83,2160,20,801185bd29bf,B1_ReverseAlpha,0.0,1.0,0.0,0.0,0.0,111.74
83,2160,20,801185bd29bf,Rand_Marg_M2,0.0,1.0,0.0,0.0,0.8,223.47
83,2160,20,801185bd29bf,Rand_Marg_M3,0.0,0.9948,0.0,0.0,0.8,335.21
83,2160,20,801185bd29bf,Rand_Marg_M5,0.0,0.9969,0.0,0.0053,0.5,558.69
83,2160,20,801185bd29bf,B2_Cyclic_M2,0.0,0.9996,0.0,0.0,0.5,223.47
83,2160,20,801185bd29bf,B2_Cyclic_M3,0.0,0.9997,0.0,0.0,0.0,335.21
83,2160,20,801185bd29bf,B2_Cyclic_M5,0.0,0.9998,0.0,0.0053,0.5,558.69
84,1382,20,536ac84e63a0,B0_Native,1.0,1.0,0.0,0.0,0.0,123.53
84,1382,20,536ac84e63a0,B0_Random,1.0,1.0,0.0,0.0,0.0,123.53
84,1382,20,536ac84e63a0,B1_Alpha,1.0,1.0,0.0,0.0,0.0,123.53
84,1382,20,536ac84e63a0,B1_ReverseAlpha,1.0,1.0,0.0,0.0,0.0,123.53
84,1382,20,536ac84e63a0,Rand_Marg_M2,1.0,1.0,0.0,0.0,0.0,247.07
84,1382,20,536ac84e63a0,Rand_Marg_M3,1.0,1.0,0.0,0.0,0.0,370.6
84,1382,20,536ac84e63a0,Rand_Marg_M5,1.0,1.0,0.0,0.0,0.0,617.67
84,1382,20,536ac84e63a0,B2_Cyclic_M2,1.0,1.0,0.0,0.0,0.0,247.07
84,1382,20,536ac84e63a0,B2_Cyclic_M3,1.0,1.0,0.0,0.0,0.0,370.6
84,1382,20,536ac84e63a0,B2_Cyclic_M5,1.0,1.0,0.0,0.0,0.0,617.67
85,345,20,4ef056c69e52,B0_Native,1.0,0.9975,0.0,0.0,0.0,119.08
85,345,20,4ef056c69e52,B0_Random,1.0,0.9162,0.0,0.0294,0.5822,119.08
85,345,20,4ef056c69e52,B1_Alpha,1.0,0.6722,0.0,0.1737,0.5,119.08
85,345,20,4ef056c69e52,B1_ReverseAlpha,1.0,0.9566,0.0,0.1737,0.5,119.08
85,345,20,4ef056c69e52,Rand_Marg_M2,1.0,0.9578,0.0,0.0842,0.5,238.15
85,345,20,4ef056c69e52,Rand_Marg_M3,1.0,0.9657,0.0,0.0579,0.5,357.23
85,345,20,4ef056c69e52,Rand_Marg_M5,1.0,0.979,0.0,0.1316,0.5,595.38
85,345,20,4ef056c69e52,B2_Cyclic_M2,1.0,0.994,0.0,0.0368,0.5,238.15
85,345,20,4ef056c69e52,B2_Cyclic_M3,1.0,0.9975,0.0,0.0105,0.5,357.23
85,345,20,4ef056c69e52,B2_Cyclic_M5,1.0,0.9896,0.0,0.0211,0.0,595.38
86,957,20,33bbbf77f040,B0_Native,0.0,0.9963,0.0,0.0,0.0,148.22
86,957,20,33bbbf77f040,B0_Random,1.0,0.9983,0.2,0.0041,0.2844,148.22
86,957,20,33bbbf77f040,B1_Alpha,1.0,0.9999,0.0,0.0,0.8,148.22
86,957,20,33bbbf77f040,B1_ReverseAlpha,1.0,0.9969,0.0,0.0,0.8,148.22
86,957,20,33bbbf77f040,Rand_Marg_M2,1.0,0.97,0.0,0.0,0.0,296.45
86,957,20,33bbbf77f040,Rand_Marg_M3,1.0,0.9161,0.0,0.0053,0.0,444.67
86,957,20,33bbbf77f040,Rand_Marg_M5,1.0,0.7517,0.0,0.0053,0.0,741.12
86,957,20,33bbbf77f040,B2_Cyclic_M2,1.0,0.5016,1.0,0.0053,0.0,296.45
86,957,20,33bbbf77f040,B2_Cyclic_M3,0.0,0.6161,0.0,0.0,0.0,444.67
86,957,20,33bbbf77f040,B2_Cyclic_M5,0.0,0.554,0.0,0.0053,0.0,741.12
87,1786,20,60536f0324d4,B0_Native,1.0,1.0,0.0,0.0,0.0,125.44
87,1786,20,60536f0324d4,B0_Random,1.0,1.0,0.0,0.0,0.0,125.44
87,1786,20,60536f0324d4,B1_Alpha,1.0,1.0,0.0,0.0,0.0,125.44
87,1786,20,60536f0324d4,B1_ReverseAlpha,1.0,1.0,0.0,0.0,0.0,125.44
87,1786,20,60536f0324d4,Rand_Marg_M2,1.0,1.0,0.0,0.0,0.0,250.87
87,1786,20,60536f0324d4,Rand_Marg_M3,1.0,1.0,0.0,0.0,0.0,376.31
87,1786,20,60536f0324d4,Rand_Marg_M5,1.0,1.0,0.0,0.0,0.0,627.19
87,1786,20,60536f0324d4,B2_Cyclic_M2,1.0,0.9999,0.0,0.0,0.5,250.87
87,1786,20,60536f0324d4,B2_Cyclic_M3,1.0,1.0,0.0,0.0,0.0,376.31
87,1786,20,60536f0324d4,B2_Cyclic_M5,1.0,1.0,0.0,0.0,0.5,627.19
88,1191,20,06280f3b0fcf,B0_Native,0.0,1.0,0.0,0.0,0.0,146.55
88,1191,20,06280f3b0fcf,B0_Random,0.0,1.0,0.2,0.0011,0.1,146.55
88,1191,20,06280f3b0fcf,B1_Alpha,0.0,1.0,0.0,0.0,0.0,146.55
88,1191,20,06280f3b0fcf,B1_ReverseAlpha,0.0,1.0,0.0,0.0,0.0,146.55
88,1191,20,06280f3b0fcf,Rand_Marg_M2,0.0,1.0,0.0,0.0,0.0,293.1
88,1191,20,06280f3b0fcf,Rand_Marg_M3,0.0,1.0,0.0,0.0,0.0,439.65
88,1191,20,06280f3b0fcf,Rand_Marg_M5,0.0,1.0,0.0,0.0,0.5,732.76
88,1191,20,06280f3b0fcf,B2_Cyclic_M2,0.0,1.0,0.0,0.0,0.0,293.1
88,1191,20,06280f3b0fcf,B2_Cyclic_M3,0.0,1.0,0.0,0.0,0.0,439.65
88,1191,20,06280f3b0fcf,B2_Cyclic_M5,0.0,1.0,0.0,0.0,0.0,732.76
89,696,20,2918c60b193d,B0_Native,0.0,0.9995,0.0,0.0,0.0,136.72
89,696,20,2918c60b193d,B0_Random,0.0,0.9997,0.0,0.0014,0.3222,136.72
89,696,20,2918c60b193d,B1_Alpha,0.0,0.9998,0.0,0.0053,0.5,136.72
89,696,20,2918c60b193d,B1_ReverseAlpha,0.0,0.9999,0.0,0.0053,0.5,136.72
89,696,20,2918c60b193d,Rand_Marg_M2,0.0,0.9997,0.0,0.0,0.5,273.44
89,696,20,2918c60b193d,Rand_Marg_M3,0.0,0.9998,0.0,0.0158,0.5,410.17
89,696,20,2918c60b193d,Rand_Marg_M5,0.0,0.9998,0.0,0.0,0.5,683.61
89,696,20,2918c60b193d,B2_Cyclic_M2,0.0,0.9995,0.0,0.0421,0.5,273.44
89,696,20,2918c60b193d,B2_Cyclic_M3,0.0,0.9985,0.0,0.0,0.0,410.17
89,696,20,2918c60b193d,B2_Cyclic_M5,0.0,0.9988,0.0,0.0053,0.0,683.61
90,1753,20,2f8035b4eca8,B0_Native,0.0,0.4928,0.0,0.0,0.0,159.76
90,1753,20,2f8035b4eca8,B0_Random,1.0,0.9634,0.3556,0.0772,0.1,159.76
90,1753,20,2f8035b4eca8,B1_Alpha,0.0,0.5881,1.0,0.0789,0.0,159.76
90,1753,20,2f8035b4eca8,B1_ReverseAlpha,1.0,0.5315,1.0,0.0789,0.0,159.76
90,1753,20,2f8035b4eca8,Rand_Marg_M2,1.0,0.9108,0.0,0.0789,0.0,319.51
90,1753,20,2f8035b4eca8,Rand_Marg_M3,1.0,0.8218,0.0,0.0579,0.0,479.27
90,1753,20,2f8035b4eca8,Rand_Marg_M5,1.0,0.7293,0.0,0.0368,0.0,798.78
90,1753,20,2f8035b4eca8,B2_Cyclic_M2,1.0,0.4823,0.0,0.0474,0.0,319.51
90,1753,20,2f8035b4eca8,B2_Cyclic_M3,1.0,0.4906,0.0,0.0211,0.0,479.27
90,1753,20,2f8035b4eca8,B2_Cyclic_M5,1.0,0.5167,0.0,0.0368,0.0,798.78
91,2436,20,4deeb0cbaa55,B0_Native,1.0,1.0,0.0,0.0,0.0,112.98
91,2436,20,4deeb0cbaa55,B0_Random,1.0,1.0,0.0,0.0,0.2422,112.98
91,2436,20,4deeb0cbaa55,B1_Alpha,1.0,0.9998,0.0,0.0,0.5,112.98
91,2436,20,4deeb0cbaa55,B1_ReverseAlpha,1.0,1.0,0.0,0.0,0.5,112.98
91,2436,20,4deeb0cbaa55,Rand_Marg_M2,1.0,1.0,0.0,0.0,0.0,225.97
91,2436,20,4deeb0cbaa55,Rand_Marg_M3,1.0,1.0,0.0,0.0,0.8,338.95
91,2436,20,4deeb0cbaa55,Rand_Marg_M5,1.0,1.0,0.0,0.0,0.8,564.92
91,2436,20,4deeb0cbaa55,B2_Cyclic_M2,1.0,0.9995,0.0,0.0105,0.0,225.97
91,2436,20,4deeb0cbaa55,B2_Cyclic_M3,1.0,0.9996,0.0,0.0053,0.0,338.95
91,2436,20,4deeb0cbaa55,B2_Cyclic_M5,1.0,0.9991,0.0,0.0105,0.0,564.92
92,726,20,6ff9faf7db09,B0_Native,1.0,1.0,0.0,0.0,0.0,115.0
92,726,20,6ff9faf7db09,B0_Random,1.0,1.0,0.0,0.0,0.0,115.0
92,726,20,6ff9faf7db09,B1_Alpha,1.0,1.0,0.0,0.0,0.0,115.0
92,726,20,6ff9faf7db09,B1_ReverseAlpha,1.0,1.0,0.0,0.0,0.0,115.0
92,726,20,6ff9faf7db09,Rand_Marg_M2,1.0,1.0,0.0,0.0,0.0,230.01
92,726,20,6ff9faf7db09,Rand_Marg_M3,1.0,1.0,0.0,0.0,0.0,345.01
92,726,20,6ff9faf7db09,Rand_Marg_M5,1.0,1.0,0.0,0.0,0.0,575.02
92,726,20,6ff9faf7db09,B2_Cyclic_M2,1.0,1.0,0.0,0.0,0.0,230.01
92,726,20,6ff9faf7db09,B2_Cyclic_M3,1.0,1.0,0.0,0.0,0.0,345.01
92,726,20,6ff9faf7db09,B2_Cyclic_M5,1.0,1.0,0.0,0.0,0.0,575.02
93,275,20,a3917c10c5c7,B0_Native,1.0,0.6805,0.0,0.0,0.0,108.28
93,275,20,a3917c10c5c7,B0_Random,1.0,0.5619,0.2,0.1428,0.3667,108.28
93,275,20,a3917c10c5c7,B1_Alpha,1.0,0.7606,0.0,0.1737,0.5,108.28
93,275,20,a3917c10c5c7,B1_ReverseAlpha,1.0,0.9904,0.0,0.1737,0.5,108.28
93,275,20,a3917c10c5c7,Rand_Marg_M2,0.0,0.3661,1.0,0.1789,0.5,216.56
93,275,20,a3917c10c5c7,Rand_Marg_M3,1.0,0.541,0.0,0.1421,0.5,324.83
93,275,20,a3917c10c5c7,Rand_Marg_M5,1.0,0.611,0.0,0.1,0.5,541.39
93,275,20,a3917c10c5c7,B2_Cyclic_M2,1.0,0.8376,0.0,0.0895,0.5,216.56
93,275,20,a3917c10c5c7,B2_Cyclic_M3,1.0,0.8811,0.0,0.0684,0.5,324.83
93,275,20,a3917c10c5c7,B2_Cyclic_M5,1.0,0.9321,0.0,0.0526,0.5,541.39
94,617,20,01a95d33d9ca,B0_Native,0.0,0.5933,0.0,0.0,0.0,107.53
94,617,20,01a95d33d9ca,B0_Random,0.0,0.8732,0.4667,0.0191,0.2556,107.53
94,617,20,01a95d33d9ca,B1_Alpha,0.0,0.8425,0.0,0.0211,0.5,107.53
94,617,20,01a95d33d9ca,B1_ReverseAlpha,0.0,0.7189,0.0,0.0211,0.5,107.53
94,617,20,01a95d33d9ca,Rand_Marg_M2,0.0,0.5377,0.0,0.0158,0.5,215.07
94,617,20,01a95d33d9ca,Rand_Marg_M3,0.0,0.6544,0.0,0.0211,0.0,322.6
94,617,20,01a95d33d9ca,Rand_Marg_M5,0.0,0.7859,0.0,0.0368,0.0,537.67
94,617,20,01a95d33d9ca,B2_Cyclic_M2,0.0,0.7167,0.0,0.0211,0.5,215.07
94,617,20,01a95d33d9ca,B2_Cyclic_M3,0.0,0.5849,0.0,0.0316,0.5,322.6
94,617,20,01a95d33d9ca,B2_Cyclic_M5,0.0,0.539,0.0,0.0053,0.0,537.67
95,1618,20,efbe849134fd,B0_Native,1.0,0.9978,0.0,0.0,0.0,114.84
95,1618,20,efbe849134fd,B0_Random,1.0,1.0,0.0,0.0,0.16,114.84
95,1618,20,efbe849134fd,B1_Alpha,1.0,1.0,0.0,0.0,0.5,114.84
95,1618,20,efbe849134fd,B1_ReverseAlpha,1.0,0.9997,0.0,0.0,0.5,114.84
95,1618,20,efbe849134fd,Rand_Marg_M2,1.0,1.0,0.0,0.0,0.0,229.68
95,1618,20,efbe849134fd,Rand_Marg_M3,1.0,1.0,0.0,0.0,0.0,344.52
95,1618,20,efbe849134fd,Rand_Marg_M5,1.0,1.0,0.0,0.0,0.8,574.2
95,1618,20,efbe849134fd,B2_Cyclic_M2,1.0,0.9988,0.0,0.0105,0.8,229.68
95,1618,20,efbe849134fd,B2_Cyclic_M3,1.0,0.9992,0.0,0.0105,0.8,344.52
95,1618,20,efbe849134fd,B2_Cyclic_M5,1.0,0.9995,0.0,0.0105,0.5,574.2
96,2723,20,307da9202458,B0_Native,1.0,0.9974,0.0,0.0,0.0,126.2
96,2723,20,307da9202458,B0_Random,1.0,0.9999,0.2,0.0097,0.5067,126.2
96,2723,20,307da9202458,B1_Alpha,1.0,0.9958,0.0,0.0,0.8,126.2
96,2723,20,307da9202458,B1_ReverseAlpha,1.0,1.0,0.0,0.0,0.8,126.2
96,2723,20,307da9202458,Rand_Marg_M2,1.0,0.9988,0.0,0.0053,0.5,252.41
96,2723,20,307da9202458,Rand_Marg_M3,1.0,0.9991,0.0,0.0053,0.5,378.61
96,2723,20,307da9202458,Rand_Marg_M5,1.0,0.8896,0.0,0.1158,0.0,631.02
96,2723,20,307da9202458,B2_Cyclic_M2,1.0,0.9987,0.0,0.0105,0.5,252.41
96,2723,20,307da9202458,B2_Cyclic_M3,1.0,0.9991,0.0,0.0105,0.5,378.61
96,2723,20,307da9202458,B2_Cyclic_M5,1.0,0.9993,0.0,0.0421,0.5,631.02
97,59,20,b6c620c3c1e8,B0_Native,0.0,0.6105,0.0,0.0,0.0,106.99
97,59,20,b6c620c3c1e8,B0_Random,0.0,0.5929,0.4667,0.0241,0.2333,106.99
97,59,20,b6c620c3c1e8,B1_Alpha,0.0,0.9979,1.0,0.0105,0.5,106.99
97,59,20,b6c620c3c1e8,B1_ReverseAlpha,0.0,0.9796,1.0,0.0105,0.5,106.99
97,59,20,b6c620c3c1e8,Rand_Marg_M2,0.0,0.7357,1.0,0.0211,0.0,213.97
97,59,20,b6c620c3c1e8,Rand_Marg_M3,0.0,0.5767,0.0,0.0579,0.0,320.96
97,59,20,b6c620c3c1e8,Rand_Marg_M5,0.0,0.5482,0.0,0.0421,0.0,534.93
97,59,20,b6c620c3c1e8,B2_Cyclic_M2,0.0,0.7394,1.0,0.0053,0.0,213.97
97,59,20,b6c620c3c1e8,B2_Cyclic_M3,0.0,0.6888,1.0,0.0316,0.5,320.96
97,59,20,b6c620c3c1e8,B2_Cyclic_M5,0.0,0.6947,1.0,0.0211,0.5,534.93
98,1306,20,7d483048c04f,B0_Native,1.0,1.0,0.0,0.0,0.0,100.18
98,1306,20,7d483048c04f,B0_Random,1.0,1.0,0.0,0.0,0.0,100.18
98,1306,20,7d483048c04f,B1_Alpha,1.0,1.0,0.0,0.0,0.0,100.18
98,1306,20,7d483048c04f,B1_ReverseAlpha,1.0,1.0,0.0,0.0,0.0,100.18
98,1306,20,7d483048c04f,Rand_Marg_M2,1.0,1.0,0.0,0.0,0.0,200.35
98,1306,20,7d483048c04f,Rand_Marg_M3,1.0,1.0,0.0,0.0,0.0,300.53
98,1306,20,7d483048c04f,Rand_Marg_M5,1.0,1.0,0.0,0.0,0.0,500.88
98,1306,20,7d483048c04f,B2_Cyclic_M2,1.0,1.0,0.0,0.0,0.0,200.35
98,1306,20,7d483048c04f,B2_Cyclic_M3,1.0,1.0,0.0,0.0,0.0,300.53
98,1306,20,7d483048c04f,B2_Cyclic_M5,1.0,1.0,0.0,0.0,0.0,500.88
99,2766,20,d8e896698ca1,B0_Native,1.0,0.4827,0.0,0.0,0.0,103.27
99,2766,20,d8e896698ca1,B0_Random,1.0,0.9423,0.2,0.1895,0.6244,103.27
99,2766,20,d8e896698ca1,B1_Alpha,1.0,0.8843,0.0,0.3684,0.8,103.27
99,2766,20,d8e896698ca1,B1_ReverseAlpha,1.0,0.3132,0.0,0.3684,0.8,103.27
99,2766,20,d8e896698ca1,Rand_Marg_M2,1.0,0.9491,0.0,0.2421,0.8,206.53
99,2766,20,d8e896698ca1,Rand_Marg_M3,1.0,0.9288,0.0,0.2053,0.5,309.8
99,2766,20,d8e896698ca1,Rand_Marg_M5,1.0,0.7892,0.0,0.1421,0.5,516.34
99,2766,20,d8e896698ca1,B2_Cyclic_M2,1.0,0.2995,0.0,0.1,0.0,206.53
99,2766,20,d8e896698ca1,B2_Cyclic_M3,1.0,0.3724,0.0,0.1,0.5,309.8
99,2766,20,d8e896698ca1,B2_Cyclic_M5,1.0,0.3789,0.0,0.0368,0.0,516.34
100,1826,20,04e70d125b33,B0_Native,1.0,1.0,0.0,0.0,0.0,97.61
100,1826,20,04e70d125b33,B0_Random,1.0,1.0,0.0,0.0,0.0,97.61
100,1826,20,04e70d125b33,B1_Alpha,1.0,1.0,0.0,0.0,0.0,97.61
100,1826,20,04e70d125b33,B1_ReverseAlpha,1.0,1.0,0.0,0.0,0.0,97.61
100,1826,20,04e70d125b33,Rand_Marg_M2,1.0,1.0,0.0,0.0,0.0,195.23
100,1826,20,04e70d125b33,Rand_Marg_M3,1.0,1.0,0.0,0.0,0.0,292.84
100,1826,20,04e70d125b33,Rand_Marg_M5,1.0,1.0,0.0,0.0,0.0,488.07
100,1826,20,04e70d125b33,B2_Cyclic_M2,1.0,1.0,0.0,0.0,0.0,195.23
100,1826,20,04e70d125b33,B2_Cyclic_M3,1.0,1.0,0.0,0.0,0.0,292.84
100,1826,20,04e70d125b33,B2_Cyclic_M5,1.0,1.0,0.0,0.0,0.0,488.07
101,1876,20,9de8b799d562,B0_Native,1.0,1.0,0.0,0.0,0.0,90.6
101,1876,20,9de8b799d562,B0_Random,1.0,1.0,0.0,0.0,0.0,90.6
101,1876,20,9de8b799d562,B1_Alpha,1.0,1.0,0.0,0.0,0.0,90.6
101,1876,20,9de8b799d562,B1_ReverseAlpha,1.0,1.0,0.0,0.0,0.0,90.6
101,1876,20,9de8b799d562,Rand_Marg_M2,1.0,1.0,0.0,0.0,0.0,181.21
101,1876,20,9de8b799d562,Rand_Marg_M3,1.0,1.0,0.0,0.0,0.0,271.81
101,1876,20,9de8b799d562,Rand_Marg_M5,1.0,1.0,0.0,0.0,0.0,453.02
101,1876,20,9de8b799d562,B2_Cyclic_M2,1.0,1.0,0.0,0.0,0.0,181.21
101,1876,20,9de8b799d562,B2_Cyclic_M3,1.0,1.0,0.0,0.0,0.0,271.81
101,1876,20,9de8b799d562,B2_Cyclic_M5,1.0,1.0,0.0,0.0,0.0,453.02
102,3013,20,d8b7f7f77eff,B0_Native,1.0,1.0,0.0,0.0,0.0,95.77
102,3013,20,d8b7f7f77eff,B0_Random,1.0,1.0,0.0,0.0,0.0,95.77
102,3013,20,d8b7f7f77eff,B1_Alpha,1.0,1.0,0.0,0.0,0.0,95.77
102,3013,20,d8b7f7f77eff,B1_ReverseAlpha,1.0,1.0,0.0,0.0,0.0,95.77
102,3013,20,d8b7f7f77eff,Rand_Marg_M2,1.0,1.0,0.0,0.0,0.0,191.53
102,3013,20,d8b7f7f77eff,Rand_Marg_M3,1.0,1.0,0.0,0.0,0.0,287.3
102,3013,20,d8b7f7f77eff,Rand_Marg_M5,1.0,1.0,0.0,0.0,0.0,478.83
102,3013,20,d8b7f7f77eff,B2_Cyclic_M2,1.0,1.0,0.0,0.0,0.0,191.53
102,3013,20,d8b7f7f77eff,B2_Cyclic_M3,1.0,1.0,0.0,0.0,0.0,287.3
102,3013,20,d8b7f7f77eff,B2_Cyclic_M5,1.0,1.0,0.0,0.0,0.0,478.83
103,2948,20,9bc33566e0c7,B0_Native,1.0,1.0,0.0,0.0,0.0,97.25
103,2948,20,9bc33566e0c7,B0_Random,1.0,1.0,0.0,0.0,0.0,97.25
103,2948,20,9bc33566e0c7,B1_Alpha,1.0,1.0,0.0,0.0,0.0,97.25
103,2948,20,9bc33566e0c7,B1_ReverseAlpha,1.0,1.0,0.0,0.0,0.0,97.25
103,2948,20,9bc33566e0c7,Rand_Marg_M2,1.0,1.0,0.0,0.0,0.0,194.49
103,2948,20,9bc33566e0c7,Rand_Marg_M3,1.0,1.0,0.0,0.0,0.0,291.74
103,2948,20,9bc33566e0c7,Rand_Marg_M5,1.0,1.0,0.0,0.0,0.0,486.23
103,2948,20,9bc33566e0c7,B2_Cyclic_M2,1.0,1.0,0.0,0.0,0.0,194.49
103,2948,20,9bc33566e0c7,B2_Cyclic_M3,1.0,1.0,0.0,0.0,0.0,291.74
103,2948,20,9bc33566e0c7,B2_Cyclic_M5,1.0,1.0,0.0,0.0,0.0,486.23
104,1089,20,1512f192cf64,B0_Native,1.0,0.9073,0.0,0.0,0.0,100.23
104,1089,20,1512f192cf64,B0_Random,1.0,0.9979,0.0,0.0019,0.3111,100.23
104,1089,20,1512f192cf64,B1_Alpha,1.0,0.9992,0.0,0.0,0.5,100.23
104,1089,20,1512f192cf64,B1_ReverseAlpha,1.0,0.9998,0.0,0.0,0.5,100.23
104,1089,20,1512f192cf64,Rand_Marg_M2,1.0,0.999,0.0,0.0053,0.5,200.47
104,1089,20,1512f192cf64,Rand_Marg_M3,1.0,0.9973,0.0,0.0105,0.5,300.7
104,1089,20,1512f192cf64,Rand_Marg_M5,1.0,0.9963,0.0,0.0,0.5,501.17
104,1089,20,1512f192cf64,B2_Cyclic_M2,1.0,0.9522,0.0,0.0053,0.5,200.47
104,1089,20,1512f192cf64,B2_Cyclic_M3,1.0,0.9634,0.0,0.0053,0.5,300.7
104,1089,20,1512f192cf64,B2_Cyclic_M5,1.0,0.9754,0.0,0.0053,0.5,501.17
105,2229,20,c22eae6c9111,B0_Native,0.0,0.9983,0.0,0.0,0.0,93.33
105,2229,20,c22eae6c9111,B0_Random,0.0,1.0,0.0,0.0022,0.4778,93.33
105,2229,20,c22eae6c9111,B1_Alpha,0.0,0.9988,0.0,0.0053,0.5,93.33
105,2229,20,c22eae6c9111,B1_ReverseAlpha,0.0,0.9995,0.0,0.0053,0.5,93.33
105,2229,20,c22eae6c9111,Rand_Marg_M2,0.0,0.9961,0.0,0.0053,0.5,186.66
105,2229,20,c22eae6c9111,Rand_Marg_M3,0.0,0.9973,0.0,0.0,0.5,280.0
105,2229,20,c22eae6c9111,Rand_Marg_M5,0.0,0.9984,0.0,0.0053,0.0,466.66
105,2229,20,c22eae6c9111,B2_Cyclic_M2,0.0,0.999,0.0,0.0105,0.5,186.66
105,2229,20,c22eae6c9111,B2_Cyclic_M3,0.0,0.9979,0.0,0.0421,0.5,280.0
105,2229,20,c22eae6c9111,B2_Cyclic_M5,0.0,0.9984,0.0,0.0105,0.0,466.66
106,805,20,0c2eccccb26d,B0_Native,1.0,1.0,0.0,0.0,0.0,85.36
106,805,20,0c2eccccb26d,B0_Random,1.0,1.0,0.0,0.0,0.1778,85.36
106,805,20,0c2eccccb26d,B1_Alpha,1.0,1.0,0.0,0.0,0.0,85.36
106,805,20,0c2eccccb26d,B1_ReverseAlpha,1.0,1.0,0.0,0.0,0.0,85.36
106,805,20,0c2eccccb26d,Rand_Marg_M2,1.0,1.0,0.0,0.0,0.0,170.72
106,805,20,0c2eccccb26d,Rand_Marg_M3,1.0,1.0,0.0,0.0,0.5,256.08
106,805,20,0c2eccccb26d,Rand_Marg_M5,1.0,0.9999,0.0,0.0,0.0,426.8
106,805,20,0c2eccccb26d,B2_Cyclic_M2,1.0,1.0,0.0,0.0,0.0,170.72
106,805,20,0c2eccccb26d,B2_Cyclic_M3,1.0,1.0,0.0,0.0,0.0,256.08
106,805,20,0c2eccccb26d,B2_Cyclic_M5,1.0,1.0,0.0,0.0,0.0,426.8
107,2296,20,e579856dfd3d,B0_Native,0.0,0.9877,0.0,0.0,0.0,80.13
107,2296,20,e579856dfd3d,B0_Random,0.0,0.726,0.0,0.1782,0.3778,80.13
107,2296,20,e579856dfd3d,B1_Alpha,0.0,0.7394,0.0,0.1421,0.5,80.13
107,2296,20,e579856dfd3d,B1_ReverseAlpha,0.0,0.9624,0.0,0.1421,0.5,80.13
107,2296,20,e579856dfd3d,Rand_Marg_M2,0.0,0.8511,0.0,0.1947,0.5,160.27
107,2296,20,e579856dfd3d,Rand_Marg_M3,0.0,0.8909,0.0,0.1632,0.5,240.4
107,2296,20,e579856dfd3d,Rand_Marg_M5,0.0,0.8463,0.0,0.1368,0.5,400.67
107,2296,20,e579856dfd3d,B2_Cyclic_M2,0.0,0.8683,0.0,0.1579,0.5,160.27
107,2296,20,e579856dfd3d,B2_Cyclic_M3,0.0,0.9281,0.0,0.1105,0.5,240.4
107,2296,20,e579856dfd3d,B2_Cyclic_M5,0.0,0.8834,0.0,0.0579,0.0,400.67
108,2349,20,ede1dfe1896f,B0_Native,1.0,0.7139,0.0,0.0,0.0,90.56
108,2349,20,ede1dfe1896f,B0_Random,1.0,0.995,0.2,0.0295,0.5689,90.56
108,2349,20,ede1dfe1896f,B1_Alpha,1.0,0.9994,0.0,0.0,0.0,90.56
108,2349,20,ede1dfe1896f,B1_ReverseAlpha,1.0,0.9981,0.0,0.0,0.0,90.56
108,2349,20,ede1dfe1896f,Rand_Marg_M2,1.0,0.7718,0.0,0.0737,0.5,181.12
108,2349,20,ede1dfe1896f,Rand_Marg_M3,1.0,0.8466,0.0,0.0474,0.5,271.69
108,2349,20,ede1dfe1896f,Rand_Marg_M5,1.0,0.8683,0.0,0.0368,0.5,452.81
108,2349,20,ede1dfe1896f,B2_Cyclic_M2,1.0,0.8564,0.0,0.0316,0.5,181.12
108,2349,20,ede1dfe1896f,B2_Cyclic_M3,1.0,0.9037,0.0,0.0316,0.5,271.69
108,2349,20,ede1dfe1896f,B2_Cyclic_M5,1.0,0.9367,0.0,0.0105,0.0,452.81
109,558,20,59e2bd8e948d,B0_Native,1.0,0.7773,0.0,0.0,0.0,100.21
109,558,20,59e2bd8e948d,B0_Random,1.0,1.0,0.2,0.0011,0.1778,100.21
109,558,20,59e2bd8e948d,B1_Alpha,1.0,1.0,0.0,0.0,0.0,100.21
109,558,20,59e2bd8e948d,B1_ReverseAlpha,1.0,1.0,0.0,0.0,0.0,100.21
109,558,20,59e2bd8e948d,Rand_Marg_M2,1.0,1.0,0.0,0.0,0.0,200.42
109,558,20,59e2bd8e948d,Rand_Marg_M3,1.0,1.0,0.0,0.0,0.0,300.64
109,558,20,59e2bd8e948d,Rand_Marg_M5,1.0,1.0,0.0,0.0,0.5,501.06
109,558,20,59e2bd8e948d,B2_Cyclic_M2,1.0,0.8868,0.0,0.0,0.0,200.42
109,558,20,59e2bd8e948d,B2_Cyclic_M3,1.0,0.9239,1.0,0.0053,0.0,300.64
109,558,20,59e2bd8e948d,B2_Cyclic_M5,1.0,0.5546,0.0,0.0,0.0,501.06
110,2608,20,af7e0b4978e4,B0_Native,1.0,0.978,0.0,0.0,0.0,94.84
110,2608,20,af7e0b4978e4,B0_Random,1.0,0.9981,0.0,0.0,0.2422,94.84
110,2608,20,af7e0b4978e4,B1_Alpha,1.0,1.0,0.0,0.0,0.0,94.84
110,2608,20,af7e0b4978e4,B1_ReverseAlpha,1.0,1.0,0.0,0.0,0.0,94.84
110,2608,20,af7e0b4978e4,Rand_Marg_M2,1.0,0.9991,0.0,0.0,0.8,189.69
110,2608,20,af7e0b4978e4,Rand_Marg_M3,1.0,0.9994,0.0,0.0,0.8,284.53
110,2608,20,af7e0b4978e4,Rand_Marg_M5,1.0,0.9996,0.0,0.0,0.5,474.22
110,2608,20,af7e0b4978e4,B2_Cyclic_M2,1.0,0.989,0.0,0.0105,0.5,189.69
110,2608,20,af7e0b4978e4,B2_Cyclic_M3,1.0,0.9927,0.0,0.0053,0.5,284.53
110,2608,20,af7e0b4978e4,B2_Cyclic_M5,1.0,0.9919,0.0,0.0579,0.0,474.22
111,1965,20,d7fb20173ed4,B0_Native,1.0,0.8902,0.0,0.0,0.0,107.9
111,1965,20,d7fb20173ed4,B0_Random,1.0,1.0,0.0,0.0,0.0,107.9
111,1965,20,d7fb20173ed4,B1_Alpha,1.0,1.0,0.0,0.0,0.0,107.9
111,1965,20,d7fb20173ed4,B1_ReverseAlpha,1.0,1.0,0.0,0.0,0.0,107.9
111,1965,20,d7fb20173ed4,Rand_Marg_M2,1.0,1.0,0.0,0.0,0.0,215.8
111,1965,20,d7fb20173ed4,Rand_Marg_M3,1.0,1.0,0.0,0.0,0.0,323.7
111,1965,20,d7fb20173ed4,Rand_Marg_M5,1.0,1.0,0.0,0.0,0.0,539.49
111,1965,20,d7fb20173ed4,B2_Cyclic_M2,1.0,0.9451,0.0,0.0,0.5,215.8
111,1965,20,d7fb20173ed4,B2_Cyclic_M3,1.0,0.9634,0.0,0.0,0.5,323.7
111,1965,20,d7fb20173ed4,B2_Cyclic_M5,1.0,0.978,0.0,0.0,0.5,539.49
112,2500,20,5704287303f9,B0_Native,1.0,1.0,0.0,0.0,0.0,91.63
112,2500,20,5704287303f9,B0_Random,1.0,1.0,0.0,0.0,0.0,91.63
112,2500,20,5704287303f9,B1_Alpha,1.0,1.0,0.0,0.0,0.0,91.63
112,2500,20,5704287303f9,B1_ReverseAlpha,1.0,1.0,0.0,0.0,0.0,91.63
112,2500,20,5704287303f9,Rand_Marg_M2,1.0,1.0,0.0,0.0,0.0,183.27
112,2500,20,5704287303f9,Rand_Marg_M3,1.0,1.0,0.0,0.0,0.0,274.9
112,2500,20,5704287303f9,Rand_Marg_M5,1.0,1.0,0.0,0.0,0.0,458.16
112,2500,20,5704287303f9,B2_Cyclic_M2,1.0,1.0,0.0,0.0,0.0,183.27
112,2500,20,5704287303f9,B2_Cyclic_M3,1.0,1.0,0.0,0.0,0.0,274.9
112,2500,20,5704287303f9,B2_Cyclic_M5,1.0,1.0,0.0,0.0,0.0,458.16
113,2086,20,ed0a42abc745,B0_Native,1.0,0.9871,0.0,0.0,0.0,103.56
113,2086,20,ed0a42abc745,B0_Random,1.0,0.9998,0.0,0.0001,0.4956,103.56
113,2086,20,ed0a42abc745,B1_Alpha,1.0,1.0,0.0,0.0,0.8,103.56
113,2086,20,ed0a42abc745,B1_ReverseAlpha,1.0,0.999,0.0,0.0,0.8,103.56
113,2086,20,ed0a42abc745,Rand_Marg_M2,1.0,0.9995,0.0,0.0,0.5,207.11
113,2086,20,ed0a42abc745,Rand_Marg_M3,1.0,0.9995,0.0,0.0053,0.5,310.67
113,2086,20,ed0a42abc745,Rand_Marg_M5,1.0,0.9994,0.0,0.0,0.8,517.78
113,2086,20,ed0a42abc745,B2_Cyclic_M2,1.0,0.9936,0.0,0.0,0.8,207.11
113,2086,20,ed0a42abc745,B2_Cyclic_M3,1.0,0.9957,0.0,0.0,0.8,310.67
113,2086,20,ed0a42abc745,B2_Cyclic_M5,1.0,0.9974,0.0,0.0105,0.5,517.78
114,594,20,f9012eaa55f0,B0_Native,1.0,0.792,0.0,0.0,0.0,93.61
114,594,20,f9012eaa55f0,B0_Random,1.0,1.0,0.0,0.0016,0.2844,93.61
114,594,20,f9012eaa55f0,B1_Alpha,1.0,0.8932,0.0,0.0053,0.5,93.61
114,594,20,f9012eaa55f0,B1_ReverseAlpha,1.0,0.9996,0.0,0.0053,0.5,93.61
114,594,20,f9012eaa55f0,Rand_Marg_M2,1.0,1.0,0.0,0.0,0.0,187.22
114,594,20,f9012eaa55f0,Rand_Marg_M3,1.0,1.0,0.0,0.0,0.0,280.83
114,594,20,f9012eaa55f0,Rand_Marg_M5,1.0,1.0,0.0,0.0,0.8,468.05
114,594,20,f9012eaa55f0,B2_Cyclic_M2,1.0,0.896,0.0,0.0,0.8,187.22
114,594,20,f9012eaa55f0,B2_Cyclic_M3,1.0,0.9307,0.0,0.0,0.8,280.83
114,594,20,f9012eaa55f0,B2_Cyclic_M5,1.0,0.9584,0.0,0.0053,0.5,468.05
115,394,20,88a479790a5b,B0_Native,1.0,0.9999,0.0,0.0,0.0,100.67
115,394,20,88a479790a5b,B0_Random,1.0,0.9998,0.0,0.0005,0.3156,100.67
115,394,20,88a479790a5b,B1_Alpha,1.0,1.0,0.0,0.0,0.0,100.67
115,394,20,88a479790a5b,B1_ReverseAlpha,1.0,1.0,0.0,0.0,0.0,100.67
115,394,20,88a479790a5b,Rand_Marg_M2,1.0,0.9998,0.0,0.0,0.5,201.34
115,394,20,88a479790a5b,Rand_Marg_M3,1.0,0.9999,0.0,0.0,0.5,302.01
115,394,20,88a479790a5b,Rand_Marg_M5,1.0,0.9999,0.0,0.0105,0.8,503.35
115,394,20,88a479790a5b,B2_Cyclic_M2,1.0,0.9999,0.0,0.0,0.5,201.34
115,394,20,88a479790a5b,B2_Cyclic_M3,1.0,0.9999,0.0,0.0,0.5,302.01
115,394,20,88a479790a5b,B2_Cyclic_M5,1.0,1.0,0.0,0.0,0.5,503.35
116,759,20,1bba1b6d7b4b,B0_Native,0.0,0.7355,0.0,0.0,0.0,127.69
116,759,20,1bba1b6d7b4b,B0_Random,1.0,0.531,0.2,0.083,0.3733,127.69
116,759,20,1bba1b6d7b4b,B1_Alpha,1.0,0.9185,1.0,0.1053,0.5,127.69
116,759,20,1bba1b6d7b4b,B1_ReverseAlpha,0.0,0.4432,1.0,0.1053,0.5,127.69
116,759,20,1bba1b6d7b4b,Rand_Marg_M2,1.0,0.6378,0.0,0.0684,0.0,255.37
116,759,20,1bba1b6d7b4b,Rand_Marg_M3,1.0,0.6609,0.0,0.0632,0.0,383.06
116,759,20,1bba1b6d7b4b,Rand_Marg_M5,1.0,0.6143,0.0,0.0579,0.0,638.43
116,759,20,1bba1b6d7b4b,B2_Cyclic_M2,0.0,0.601,1.0,0.1,0.5,255.37
116,759,20,1bba1b6d7b4b,B2_Cyclic_M3,0.0,0.5254,1.0,0.0737,0.5,383.06
116,759,20,1bba1b6d7b4b,B2_Cyclic_M5,0.0,0.4475,1.0,0.0474,0.0,638.43
117,119,20,b6d1ff9f635b,B0_Native,1.0,1.0,0.0,0.0,0.0,94.06
117,119,20,b6d1ff9f635b,B0_Random,1.0,1.0,0.0,0.0,0.2956,94.06
117,119,20,b6d1ff9f635b,B1_Alpha,1.0,1.0,0.0,0.0,0.0,94.06
117,119,20,b6d1ff9f635b,B1_ReverseAlpha,1.0,1.0,0.0,0.0,0.0,94.06
117,119,20,b6d1ff9f635b,Rand_Marg_M2,1.0,1.0,0.0,0.0,0.8,188.12
117,119,20,b6d1ff9f635b,Rand_Marg_M3,1.0,0.9999,0.0,0.0,0.5,282.18
117,119,20,b6d1ff9f635b,Rand_Marg_M5,1.0,0.9999,0.0,0.0,0.5,470.29
117,119,20,b6d1ff9f635b,B2_Cyclic_M2,1.0,1.0,0.0,0.0,0.0,188.12
117,119,20,b6d1ff9f635b,B2_Cyclic_M3,1.0,1.0,0.0,0.0,0.0,282.18
117,119,20,b6d1ff9f635b,B2_Cyclic_M5,1.0,1.0,0.0,0.0,0.0,470.29
118,899,20,bb68caabd307,B0_Native,1.0,0.9997,0.0,0.0,0.0,88.58
118,899,20,bb68caabd307,B0_Random,1.0,1.0,0.0,0.0,0.0,88.58
118,899,20,bb68caabd307,B1_Alpha,1.0,1.0,0.0,0.0,0.0,88.58
118,899,20,bb68caabd307,B1_ReverseAlpha,1.0,1.0,0.0,0.0,0.0,88.58
118,899,20,bb68caabd307,Rand_Marg_M2,1.0,1.0,0.0,0.0,0.0,177.16
118,899,20,bb68caabd307,Rand_Marg_M3,1.0,1.0,0.0,0.0,0.0,265.73
118,899,20,bb68caabd307,Rand_Marg_M5,1.0,1.0,0.0,0.0,0.0,442.89
118,899,20,bb68caabd307,B2_Cyclic_M2,1.0,0.9998,0.0,0.0,0.0,177.16
118,899,20,bb68caabd307,B2_Cyclic_M3,1.0,0.9998,0.0,0.0,0.8,265.73
118,899,20,bb68caabd307,B2_Cyclic_M5,1.0,0.9998,0.0,0.0,0.8,442.89
119,2708,20,9515ea1deb34,B0_Native,1.0,0.9977,0.0,0.0,0.0,118.53
119,2708,20,9515ea1deb34,B0_Random,1.0,0.9962,0.0,0.0447,0.4556,118.53
119,2708,20,9515ea1deb34,B1_Alpha,1.0,0.9934,0.0,0.0737,0.5,118.53
119,2708,20,9515ea1deb34,B1_ReverseAlpha,1.0,0.9969,0.0,0.0737,0.5,118.53
119,2708,20,9515ea1deb34,Rand_Marg_M2,1.0,0.9978,0.0,0.0368,0.5,237.06
119,2708,20,9515ea1deb34,Rand_Marg_M3,1.0,0.9863,0.0,0.1158,0.5,355.59
119,2708,20,9515ea1deb34,Rand_Marg_M5,1.0,0.9855,0.0,0.1105,0.5,592.65
119,2708,20,9515ea1deb34,B2_Cyclic_M2,1.0,0.9858,0.0,0.0947,0.5,237.06
119,2708,20,9515ea1deb34,B2_Cyclic_M3,1.0,0.9735,0.0,0.0632,0.5,355.59
119,2708,20,9515ea1deb34,B2_Cyclic_M5,1.0,0.9814,0.0,0.0316,0.0,592.65
0,2843,40,0b1403688dda,B0_Native,1.0,1.0,0.0,0.0,0.0,141.09
0,2843,40,0b1403688dda,B0_Random,1.0,1.0,0.0,0.0,0.16,141.09
0,2843,40,0b1403688dda,B1_Alpha,1.0,1.0,0.0,0.0,0.0,141.09
0,2843,40,0b1403688dda,B1_ReverseAlpha,1.0,0.9999,0.0,0.0,0.0,141.09
0,2843,40,0b1403688dda,Rand_Marg_M2,1.0,1.0,0.0,0.0,0.8,282.19
0,2843,40,0b1403688dda,Rand_Marg_M3,1.0,0.8401,0.0,0.0,0.8,423.28
0,2843,40,0b1403688dda,Rand_Marg_M5,1.0,0.9041,0.0,0.0,0.8,705.46
0,2843,40,0b1403688dda,B2_Cyclic_M2,1.0,1.0,0.0,0.0,0.0,282.19
0,2843,40,0b1403688dda,B2_Cyclic_M3,1.0,1.0,0.0,0.0,0.0,423.28
0,2843,40,0b1403688dda,B2_Cyclic_M5,1.0,1.0,0.0,0.0,0.0,705.46
1,480,40,4053d169fbce,B0_Native,1.0,0.999,0.0,0.0,0.0,133.14
1,480,40,4053d169fbce,B0_Random,1.0,1.0,0.0,0.0043,0.4733,133.14
1,480,40,4053d169fbce,B1_Alpha,1.0,0.9387,0.0,0.0,0.5,133.14
1,480,40,4053d169fbce,B1_ReverseAlpha,1.0,1.0,0.0,0.0,0.5,133.14
1,480,40,4053d169fbce,Rand_Marg_M2,1.0,0.9997,0.0,0.0,0.5,266.28
1,480,40,4053d169fbce,Rand_Marg_M3,1.0,0.9997,0.0,0.0,0.5,399.42
1,480,40,4053d169fbce,Rand_Marg_M5,1.0,0.9998,0.0,0.0231,0.8,665.69
1,480,40,4053d169fbce,B2_Cyclic_M2,1.0,0.9991,0.0,0.0192,0.5,266.28
1,480,40,4053d169fbce,B2_Cyclic_M3,1.0,0.9995,0.0,0.0,0.5,399.42
1,480,40,4053d169fbce,B2_Cyclic_M5,1.0,0.9995,0.0,0.009,0.5,665.69
2,2973,40,c5c47bebccef,B0_Native,1.0,1.0,0.0,0.0,0.0,138.04
2,2973,40,c5c47bebccef,B0_Random,1.0,1.0,0.0,0.0,0.2956,138.04
2,2973,40,c5c47bebccef,B1_Alpha,1.0,1.0,0.0,0.0,0.8,138.04
2,2973,40,c5c47bebccef,B1_ReverseAlpha,1.0,0.9986,0.0,0.0,0.8,138.04
2,2973,40,c5c47bebccef,Rand_Marg_M2,1.0,1.0,0.0,0.0,0.0,276.07
2,2973,40,c5c47bebccef,Rand_Marg_M3,1.0,1.0,0.0,0.0,0.8,414.11
2,2973,40,c5c47bebccef,Rand_Marg_M5,1.0,1.0,0.0,0.0,0.8,690.18
2,2973,40,c5c47bebccef,B2_Cyclic_M2,1.0,1.0,0.0,0.0,0.8,276.07
2,2973,40,c5c47bebccef,B2_Cyclic_M3,1.0,0.9999,0.0,0.0,0.0,414.11
2,2973,40,c5c47bebccef,B2_Cyclic_M5,1.0,0.9997,0.0,0.0,0.8,690.18
3,1453,40,79b54962d4dd,B0_Native,1.0,0.9981,0.0,0.0,0.0,124.61
3,1453,40,79b54962d4dd,B0_Random,1.0,1.0,0.0,0.0191,0.5978,124.61
3,1453,40,79b54962d4dd,B1_Alpha,1.0,1.0,0.0,0.0,0.8,124.61
3,1453,40,79b54962d4dd,B1_ReverseAlpha,1.0,0.9984,0.0,0.0,0.8,124.61
3,1453,40,79b54962d4dd,Rand_Marg_M2,1.0,0.9991,0.0,0.0103,0.8,249.22
3,1453,40,79b54962d4dd,Rand_Marg_M3,1.0,0.9986,0.0,0.0295,0.8,373.84
3,1453,40,79b54962d4dd,Rand_Marg_M5,1.0,0.9937,0.0,0.1115,0.5,623.06
3,1453,40,79b54962d4dd,B2_Cyclic_M2,1.0,0.5716,0.0,0.1551,0.8,249.22
3,1453,40,79b54962d4dd,B2_Cyclic_M3,1.0,0.898,0.0,0.1038,0.5,373.84
3,1453,40,79b54962d4dd,B2_Cyclic_M5,1.0,0.8864,0.0,0.109,0.8,623.06
4,334,40,7ac16a162fb4,B0_Native,0.0,0.9987,0.0,0.0,0.0,139.33
4,334,40,7ac16a162fb4,B0_Random,1.0,1.0,0.3556,0.0005,0.32,139.33
4,334,40,7ac16a162fb4,B1_Alpha,1.0,1.0,0.0,0.0,0.0,139.33
4,334,40,7ac16a162fb4,B1_ReverseAlpha,1.0,1.0,0.0,0.0,0.0,139.33
4,334,40,7ac16a162fb4,Rand_Marg_M2,1.0,0.9968,1.0,0.0013,0.0,278.66
4,334,40,7ac16a162fb4,Rand_Marg_M3,1.0,0.6659,0.0,0.0,0.0,417.99
4,334,40,7ac16a162fb4,Rand_Marg_M5,1.0,0.7463,0.0,0.0,0.5,696.65
4,334,40,7ac16a162fb4,B2_Cyclic_M2,1.0,0.5006,0.0,0.0,0.5,278.66
4,334,40,7ac16a162fb4,B2_Cyclic_M3,1.0,0.6671,0.0,0.0,0.0,417.99
4,334,40,7ac16a162fb4,B2_Cyclic_M5,1.0,0.8002,0.0,0.0,0.0,696.65
5,2684,40,379b2cebc136,B0_Native,0.0,1.0,0.0,0.0,0.0,122.75
5,2684,40,379b2cebc136,B0_Random,0.0,0.8823,0.2,0.0129,0.54,122.75
5,2684,40,379b2cebc136,B1_Alpha,0.0,0.9953,0.0,0.0013,0.0,122.75
5,2684,40,379b2cebc136,B1_ReverseAlpha,0.0,0.9737,0.0,0.0013,0.0,122.75
5,2684,40,379b2cebc136,Rand_Marg_M2,0.0,0.9348,0.0,0.0628,0.5,245.49
5,2684,40,379b2cebc136,Rand_Marg_M3,0.0,0.8348,0.0,0.0538,0.0,368.24
5,2684,40,379b2cebc136,Rand_Marg_M5,0.0,0.8617,0.0,0.0526,0.5,613.74
5,2684,40,379b2cebc136,B2_Cyclic_M2,0.0,1.0,0.0,0.0,0.8,245.49
5,2684,40,379b2cebc136,B2_Cyclic_M3,0.0,0.9999,0.0,0.0038,0.5,368.24
5,2684,40,379b2cebc136,B2_Cyclic_M5,0.0,0.9913,0.0,0.0038,0.5,613.74
6,1044,40,c201ada3fa44,B0_Native,0.0,0.8787,0.0,0.0,0.0,125.93
6,1044,40,c201ada3fa44,B0_Random,0.0,0.9977,0.6,0.1537,0.5356,125.93
6,1044,40,c201ada3fa44,B1_Alpha,0.0,0.5941,1.0,0.1679,0.8,125.93
6,1044,40,c201ada3fa44,B1_ReverseAlpha,0.0,0.476,1.0,0.1679,0.8,125.93
6,1044,40,c201ada3fa44,Rand_Marg_M2,0.0,0.8053,0.0,0.1808,0.8,251.87
6,1044,40,c201ada3fa44,Rand_Marg_M3,0.0,0.7216,0.0,0.1103,0.5,377.8
6,1044,40,c201ada3fa44,Rand_Marg_M5,0.0,0.6485,0.0,0.1026,0.5,629.67
6,1044,40,c201ada3fa44,B2_Cyclic_M2,0.0,0.4822,0.0,0.1154,0.0,251.87
6,1044,40,c201ada3fa44,B2_Cyclic_M3,0.0,0.3912,1.0,0.1077,0.5,377.8
6,1044,40,c201ada3fa44,B2_Cyclic_M5,0.0,0.5278,0.0,0.0487,0.0,629.67
7,2190,40,b467f1e3ac4f,B0_Native,0.0,0.9998,0.0,0.0,0.0,131.87
7,2190,40,b467f1e3ac4f,B0_Random,1.0,0.7071,0.5111,0.1168,0.4756,131.87
7,2190,40,b467f1e3ac4f,B1_Alpha,1.0,0.5521,0.0,0.0269,0.0,131.87
7,2190,40,b467f1e3ac4f,B1_ReverseAlpha,1.0,0.9871,0.0,0.0269,0.0,131.87
7,2190,40,b467f1e3ac4f,Rand_Marg_M2,1.0,0.8389,1.0,0.0987,0.0,263.74
7,2190,40,b467f1e3ac4f,Rand_Marg_M3,1.0,0.566,0.0,0.2205,0.5,395.6
7,2190,40,b467f1e3ac4f,Rand_Marg_M5,1.0,0.6075,0.0,0.15,0.5,659.34
7,2190,40,b467f1e3ac4f,B2_Cyclic_M2,0.0,0.5552,0.0,0.0808,0.0,263.74
7,2190,40,b467f1e3ac4f,B2_Cyclic_M3,1.0,0.5437,1.0,0.0397,0.0,395.6
7,2190,40,b467f1e3ac4f,B2_Cyclic_M5,0.0,0.5613,0.0,0.0423,0.0,659.34
8,684,40,1da590f21464,B0_Native,1.0,1.0,0.0,0.0,0.0,151.04
8,684,40,1da590f21464,B0_Random,1.0,1.0,0.0,0.0,0.0,151.04
8,684,40,1da590f21464,B1_Alpha,0.0,0.8665,1.0,0.0013,0.8,151.04
8,684,40,1da590f21464,B1_ReverseAlpha,1.0,1.0,1.0,0.0013,0.8,151.04
8,684,40,1da590f21464,Rand_Marg_M2,1.0,1.0,0.0,0.0,0.0,302.09
8,684,40,1da590f21464,Rand_Marg_M3,1.0,1.0,0.0,0.0,0.0,453.13
8,684,40,1da590f21464,Rand_Marg_M5,1.0,1.0,0.0,0.0,0.0,755.22
8,684,40,1da590f21464,B2_Cyclic_M2,1.0,1.0,0.0,0.0,0.0,302.09
8,684,40,1da590f21464,B2_Cyclic_M3,1.0,1.0,0.0,0.0,0.0,453.13
8,684,40,1da590f21464,B2_Cyclic_M5,1.0,1.0,0.0,0.0,0.0,755.22
9,2953,40,7cd3ffe225b6,B0_Native,1.0,0.7279,0.0,0.0,0.0,147.81
9,2953,40,7cd3ffe225b6,B0_Random,1.0,0.9648,0.2,0.1362,0.5533,147.81
9,2953,40,7cd3ffe225b6,B1_Alpha,1.0,0.9948,0.0,0.0,0.8,147.81
9,2953,40,7cd3ffe225b6,B1_ReverseAlpha,1.0,1.0,0.0,0.0,0.8,147.81
9,2953,40,7cd3ffe225b6,Rand_Marg_M2,1.0,0.6308,0.0,0.2821,0.0,295.61
9,2953,40,7cd3ffe225b6,Rand_Marg_M3,1.0,0.7506,0.0,0.2962,0.5,443.42
9,2953,40,7cd3ffe225b6,Rand_Marg_M5,1.0,0.689,0.0,0.2679,0.5,739.03
9,2953,40,7cd3ffe225b6,B2_Cyclic_M2,1.0,0.8637,0.0,0.0038,0.0,295.61
9,2953,40,7cd3ffe225b6,B2_Cyclic_M3,1.0,0.9082,0.0,0.0064,0.5,443.42
9,2953,40,7cd3ffe225b6,B2_Cyclic_M5,1.0,0.9446,0.0,0.0231,0.0,739.03
10,985,40,7133a8fb4047,B0_Native,1.0,0.4952,0.0,0.0,0.0,138.19
10,985,40,7133a8fb4047,B0_Random,0.0,0.9805,0.7333,0.1816,0.4,138.19
10,985,40,7133a8fb4047,B1_Alpha,0.0,0.3357,1.0,0.1769,0.8,138.19
10,985,40,7133a8fb4047,B1_ReverseAlpha,1.0,0.4491,1.0,0.1769,0.8,138.19
10,985,40,7133a8fb4047,Rand_Marg_M2,0.0,0.7121,0.0,0.2436,0.5,276.38
10,985,40,7133a8fb4047,Rand_Marg_M3,0.0,0.6379,0.0,0.1846,0.0,414.57
10,985,40,7133a8fb4047,Rand_Marg_M5,0.0,0.5974,1.0,0.1,0.5,690.95
10,985,40,7133a8fb4047,B2_Cyclic_M2,1.0,0.2776,1.0,0.1487,0.5,276.38
10,985,40,7133a8fb4047,B2_Cyclic_M3,1.0,0.2529,0.0,0.091,0.0,414.57
10,985,40,7133a8fb4047,B2_Cyclic_M5,1.0,0.3672,1.0,0.0705,0.5,690.95
11,2,40,27bb626d6960,B0_Native,1.0,0.9888,0.0,0.0,0.0,143.78
11,2,40,27bb626d6960,B0_Random,1.0,0.9624,0.0,0.0281,0.4844,143.78
11,2,40,27bb626d6960,B1_Alpha,1.0,0.9103,0.0,0.0,0.8,143.78
11,2,40,27bb626d6960,B1_ReverseAlpha,1.0,0.9999,0.0,0.0,0.8,143.78
11,2,40,27bb626d6960,Rand_Marg_M2,1.0,0.9802,0.0,0.1308,0.5,287.57
11,2,40,27bb626d6960,Rand_Marg_M3,1.0,0.8145,0.0,0.1077,0.0,431.35
11,2,40,27bb626d6960,Rand_Marg_M5,1.0,0.8752,0.0,0.1013,0.0,718.92
11,2,40,27bb626d6960,B2_Cyclic_M2,1.0,0.9931,0.0,0.0462,0.0,287.57
11,2,40,27bb626d6960,B2_Cyclic_M3,1.0,0.9286,0.0,0.0641,0.0,431.35
11,2,40,27bb626d6960,B2_Cyclic_M5,1.0,0.9776,0.0,0.0244,0.5,718.92
12,281,40,12caeb1619fc,B0_Native,0.0,0.9943,0.0,0.0,0.0,149.19
12,281,40,12caeb1619fc,B0_Random,0.0,0.3433,0.5333,0.2305,0.4867,149.19
12,281,40,12caeb1619fc,B1_Alpha,0.0,0.3494,1.0,0.2346,0.5,149.19
12,281,40,12caeb1619fc,B1_ReverseAlpha,0.0,0.4066,1.0,0.2346,0.5,149.19
12,281,40,12caeb1619fc,Rand_Marg_M2,0.0,0.431,0.0,0.1872,0.5,298.37
12,281,40,12caeb1619fc,Rand_Marg_M3,0.0,0.4376,0.0,0.1846,0.5,447.56
12,281,40,12caeb1619fc,Rand_Marg_M5,0.0,0.4589,0.0,0.1513,0.8,745.93
12,281,40,12caeb1619fc,B2_Cyclic_M2,0.0,0.9625,0.0,0.1462,0.5,298.37
12,281,40,12caeb1619fc,B2_Cyclic_M3,0.0,0.9427,0.0,0.1308,0.5,447.56
12,281,40,12caeb1619fc,B2_Cyclic_M5,0.0,0.8768,0.0,0.0821,0.0,745.93
13,45,40,3b64049555d8,B0_Native,0.0,0.988,0.0,0.0,0.0,176.39
13,45,40,3b64049555d8,B0_Random,0.0,0.5601,0.8,0.0842,0.4511,176.39
13,45,40,3b64049555d8,B1_Alpha,0.0,0.675,0.0,0.0013,0.5,176.39
13,45,40,3b64049555d8,B1_ReverseAlpha,0.0,0.9953,0.0,0.0013,0.5,176.39
13,45,40,3b64049555d8,Rand_Marg_M2,0.0,0.3029,1.0,0.1821,0.5,352.79
13,45,40,3b64049555d8,Rand_Marg_M3,0.0,0.5054,1.0,0.1705,0.5,529.18
13,45,40,3b64049555d8,Rand_Marg_M5,0.0,0.3848,1.0,0.1385,0.0,881.96
13,45,40,3b64049555d8,B2_Cyclic_M2,0.0,0.804,0.0,0.0551,0.0,352.79
13,45,40,3b64049555d8,B2_Cyclic_M3,0.0,0.7328,0.0,0.0731,0.0,529.18
13,45,40,3b64049555d8,B2_Cyclic_M5,0.0,0.7365,0.0,0.0321,0.0,881.96
14,373,40,0e4bf649b3fb,B0_Native,1.0,0.688,0.0,0.0,0.0,140.75
14,373,40,0e4bf649b3fb,B0_Random,1.0,0.989,0.0,0.0552,0.5978,140.75
14,373,40,0e4bf649b3fb,B1_Alpha,1.0,0.9671,0.0,0.0141,0.8,140.75
14,373,40,0e4bf649b3fb,B1_ReverseAlpha,1.0,0.9996,0.0,0.0141,0.8,140.75
14,373,40,0e4bf649b3fb,Rand_Marg_M2,1.0,0.7387,0.0,0.0538,0.5,281.51
14,373,40,0e4bf649b3fb,Rand_Marg_M3,1.0,0.8252,0.0,0.1987,0.5,422.26
14,373,40,0e4bf649b3fb,Rand_Marg_M5,1.0,0.83,0.0,0.2231,0.5,703.77
14,373,40,0e4bf649b3fb,B2_Cyclic_M2,1.0,0.8256,0.0,0.0192,0.5,281.51
14,373,40,0e4bf649b3fb,B2_Cyclic_M3,1.0,0.8949,0.0,0.1692,0.5,422.26
14,373,40,0e4bf649b3fb,B2_Cyclic_M5,1.0,0.934,0.0,0.0679,0.8,703.77
15,813,40,1876c0f9abbc,B0_Native,0.0,0.8669,0.0,0.0,0.0,160.02
15,813,40,1876c0f9abbc,B0_Random,1.0,1.0,0.5333,0.0007,0.3844,160.02
15,813,40,1876c0f9abbc,B1_Alpha,1.0,1.0,0.0,0.0,0.0,160.02
15,813,40,1876c0f9abbc,B1_ReverseAlpha,1.0,1.0,0.0,0.0,0.0,160.02
15,813,40,1876c0f9abbc,Rand_Marg_M2,1.0,0.5,0.0,0.0,0.5,320.04
15,813,40,1876c0f9abbc,Rand_Marg_M3,0.0,0.5768,1.0,0.0013,0.5,480.06
15,813,40,1876c0f9abbc,Rand_Marg_M5,0.0,0.5407,1.0,0.0013,0.0,800.11
15,813,40,1876c0f9abbc,B2_Cyclic_M2,0.0,0.9334,1.0,0.0013,0.5,320.04
15,813,40,1876c0f9abbc,B2_Cyclic_M3,0.0,0.6225,1.0,0.0013,0.5,480.06
15,813,40,1876c0f9abbc,B2_Cyclic_M5,1.0,0.6291,1.0,0.0026,0.5,800.11
16,1110,40,3aaf5e0386a3,B0_Native,0.0,0.39,0.0,0.0,0.0,217.3
16,1110,40,3aaf5e0386a3,B0_Random,0.0,0.542,0.2,0.0686,0.5756,217.3
16,1110,40,3aaf5e0386a3,B1_Alpha,0.0,0.9201,0.0,0.2128,0.5,217.3
16,1110,40,3aaf5e0386a3,B1_ReverseAlpha,0.0,0.6634,0.0,0.2128,0.5,217.3
16,1110,40,3aaf5e0386a3,Rand_Marg_M2,0.0,0.4093,0.0,0.1013,0.5,434.6
16,1110,40,3aaf5e0386a3,Rand_Marg_M3,0.0,0.6058,0.0,0.1641,0.5,651.9
16,1110,40,3aaf5e0386a3,Rand_Marg_M5,0.0,0.7418,0.0,0.2179,0.5,1086.51
16,1110,40,3aaf5e0386a3,B2_Cyclic_M2,0.0,0.434,1.0,0.109,0.5,434.6
16,1110,40,3aaf5e0386a3,B2_Cyclic_M3,0.0,0.4214,1.0,0.0987,0.5,651.9
16,1110,40,3aaf5e0386a3,B2_Cyclic_M5,0.0,0.5665,0.0,0.059,0.0,1086.51
17,158,40,02aaeb699973,B0_Native,0.0,1.0,0.0,0.0,0.0,808.01
17,158,40,02aaeb699973,B0_Random,0.0,0.9993,0.3778,0.0126,0.5711,808.01
17,158,40,02aaeb699973,B1_Alpha,0.0,1.0,0.0,0.0,0.0,808.01
17,158,40,02aaeb699973,B1_ReverseAlpha,0.0,1.0,0.0,0.0,0.0,808.01
17,158,40,02aaeb699973,Rand_Marg_M2,0.0,0.9995,0.0,0.0038,0.5,1616.02
17,158,40,02aaeb699973,Rand_Marg_M3,0.0,0.9964,0.0,0.0282,0.8,2424.04
17,158,40,02aaeb699973,Rand_Marg_M5,0.0,0.9978,0.0,0.0218,0.8,4040.06
17,158,40,02aaeb699973,B2_Cyclic_M2,0.0,1.0,0.0,0.0,0.0,1616.02
17,158,40,02aaeb699973,B2_Cyclic_M3,0.0,1.0,0.0,0.0,0.5,2424.04
17,158,40,02aaeb699973,B2_Cyclic_M5,0.0,0.9996,0.0,0.0,0.5,4040.06
18,1917,40,cd3c57b8c49f,B0_Native,0.0,0.3259,0.0,0.0,0.0,147.84
18,1917,40,cd3c57b8c49f,B0_Random,1.0,0.7795,0.5333,0.292,0.7289,147.84
18,1917,40,cd3c57b8c49f,B1_Alpha,0.0,0.2487,0.0,0.2769,0.5,147.84
18,1917,40,cd3c57b8c49f,B1_ReverseAlpha,0.0,0.5534,0.0,0.2769,0.5,147.84
18,1917,40,cd3c57b8c49f,Rand_Marg_M2,1.0,0.4328,1.0,0.2859,0.8,295.69
18,1917,40,cd3c57b8c49f,Rand_Marg_M3,1.0,0.3043,1.0,0.209,0.8,443.53
18,1917,40,cd3c57b8c49f,Rand_Marg_M5,1.0,0.1886,1.0,0.1692,0.8,739.22
18,1917,40,cd3c57b8c49f,B2_Cyclic_M2,0.0,0.3209,0.0,0.1667,0.8,295.69
18,1917,40,cd3c57b8c49f,B2_Cyclic_M3,0.0,0.2215,0.0,0.0821,0.5,443.53
18,1917,40,cd3c57b8c49f,B2_Cyclic_M5,0.0,0.2881,0.0,0.0705,0.0,739.22
19,2911,40,00bfd8d1ae74,B0_Native,0.0,0.9976,0.0,0.0,0.0,185.67
19,2911,40,00bfd8d1ae74,B0_Random,1.0,0.7439,0.6444,0.0252,0.3289,185.67
19,2911,40,00bfd8d1ae74,B1_Alpha,1.0,0.9948,0.0,0.0397,0.5,185.67
19,2911,40,00bfd8d1ae74,B1_ReverseAlpha,1.0,0.9269,0.0,0.0397,0.5,185.67
19,2911,40,00bfd8d1ae74,Rand_Marg_M2,0.0,0.5954,1.0,0.0115,0.0,371.34
19,2911,40,00bfd8d1ae74,Rand_Marg_M3,0.0,0.4341,0.0,0.1,0.0,557.0
19,2911,40,00bfd8d1ae74,Rand_Marg_M5,0.0,0.4652,1.0,0.0859,0.0,928.34
19,2911,40,00bfd8d1ae74,B2_Cyclic_M2,0.0,0.9979,0.0,0.0064,0.0,371.34
19,2911,40,00bfd8d1ae74,B2_Cyclic_M3,0.0,0.9882,0.0,0.0141,0.0,557.0
19,2911,40,00bfd8d1ae74,B2_Cyclic_M5,0.0,0.9667,0.0,0.0192,0.0,928.34
20,2728,40,a1cd3bbd8258,B0_Native,0.0,0.5315,0.0,0.0,0.0,170.25
20,2728,40,a1cd3bbd8258,B0_Random,1.0,0.8937,0.5556,0.0213,0.4156,170.25
20,2728,40,a1cd3bbd8258,B1_Alpha,1.0,0.9909,0.0,0.0,0.8,170.25
20,2728,40,a1cd3bbd8258,B1_ReverseAlpha,1.0,1.0,0.0,0.0,0.8,170.25
20,2728,40,a1cd3bbd8258,Rand_Marg_M2,1.0,0.9463,1.0,0.0038,0.8,340.49
20,2728,40,a1cd3bbd8258,Rand_Marg_M3,1.0,0.6309,1.0,0.1308,0.5,510.74
20,2728,40,a1cd3bbd8258,Rand_Marg_M5,0.0,0.5995,1.0,0.259,0.0,851.23
20,2728,40,a1cd3bbd8258,B2_Cyclic_M2,0.0,0.7641,0.0,0.05,0.5,340.49
20,2728,40,a1cd3bbd8258,B2_Cyclic_M3,0.0,0.8429,0.0,0.0526,0.0,510.74
20,2728,40,a1cd3bbd8258,B2_Cyclic_M5,0.0,0.8859,0.0,0.0397,0.5,851.23
21,2150,40,8b98d2bb5003,B0_Native,1.0,0.9994,0.0,0.0,0.0,155.18
21,2150,40,8b98d2bb5003,B0_Random,1.0,1.0,0.2,0.0004,0.4844,155.18
21,2150,40,8b98d2bb5003,B1_Alpha,1.0,1.0,0.0,0.0,0.0,155.18
21,2150,40,8b98d2bb5003,B1_ReverseAlpha,1.0,1.0,0.0,0.0,0.0,155.18
21,2150,40,8b98d2bb5003,Rand_Marg_M2,1.0,1.0,0.0,0.0,0.5,310.35
21,2150,40,8b98d2bb5003,Rand_Marg_M3,1.0,1.0,0.0,0.0,0.8,465.53
21,2150,40,8b98d2bb5003,Rand_Marg_M5,1.0,0.9759,0.0,0.0,0.0,775.89
21,2150,40,8b98d2bb5003,B2_Cyclic_M2,1.0,0.9979,1.0,0.0038,0.0,310.35
21,2150,40,8b98d2bb5003,B2_Cyclic_M3,1.0,0.9998,0.0,0.0013,0.5,465.53
21,2150,40,8b98d2bb5003,B2_Cyclic_M5,1.0,0.9999,0.0,0.0013,0.0,775.89
22,1424,40,7b7d9b04c2b2,B0_Native,1.0,0.9946,0.0,0.0,0.0,153.13
22,1424,40,7b7d9b04c2b2,B0_Random,0.0,0.8246,0.3556,0.0034,0.5867,153.13
22,1424,40,7b7d9b04c2b2,B1_Alpha,1.0,0.9966,0.0,0.0,0.5,153.13
22,1424,40,7b7d9b04c2b2,B1_ReverseAlpha,1.0,1.0,0.0,0.0,0.5,153.13
22,1424,40,7b7d9b04c2b2,Rand_Marg_M2,1.0,0.5875,0.0,0.0038,0.5,306.26
22,1424,40,7b7d9b04c2b2,Rand_Marg_M3,1.0,0.725,0.0,0.0308,0.5,459.39
22,1424,40,7b7d9b04c2b2,Rand_Marg_M5,1.0,0.8093,0.0,0.0692,0.5,765.65
22,1424,40,7b7d9b04c2b2,B2_Cyclic_M2,1.0,0.9972,0.0,0.0,0.5,306.26
22,1424,40,7b7d9b04c2b2,B2_Cyclic_M3,1.0,0.9977,0.0,0.0,0.0,459.39
22,1424,40,7b7d9b04c2b2,B2_Cyclic_M5,1.0,0.9987,0.0,0.0,0.0,765.65
23,573,40,208f16e8d342,B0_Native,1.0,1.0,0.0,0.0,0.0,156.66
23,573,40,208f16e8d342,B0_Random,1.0,1.0,0.0,0.0007,0.3022,156.66
23,573,40,208f16e8d342,B1_Alpha,1.0,1.0,0.0,0.0,0.0,156.66
23,573,40,208f16e8d342,B1_ReverseAlpha,1.0,1.0,0.0,0.0,0.0,156.66
23,573,40,208f16e8d342,Rand_Marg_M2,1.0,0.9999,0.0,0.0,0.0,313.32
23,573,40,208f16e8d342,Rand_Marg_M3,1.0,0.9999,0.0,0.0,0.8,469.98
23,573,40,208f16e8d342,Rand_Marg_M5,1.0,0.9999,0.0,0.0308,0.8,783.29
23,573,40,208f16e8d342,B2_Cyclic_M2,1.0,1.0,0.0,0.0,0.0,313.32
23,573,40,208f16e8d342,B2_Cyclic_M3,1.0,1.0,0.0,0.0,0.0,469.98
23,573,40,208f16e8d342,B2_Cyclic_M5,1.0,1.0,0.0,0.0,0.0,783.29
24,3064,40,9c082cf285b6,B0_Native,1.0,0.5822,0.0,0.0,0.0,150.66
24,3064,40,9c082cf285b6,B0_Random,1.0,1.0,0.0,0.0567,0.7133,150.66
24,3064,40,9c082cf285b6,B1_Alpha,1.0,0.2735,0.0,0.0038,0.8,150.66
24,3064,40,9c082cf285b6,B1_ReverseAlpha,1.0,0.9997,0.0,0.0038,0.8,150.66
24,3064,40,9c082cf285b6,Rand_Marg_M2,1.0,0.9998,0.0,0.0577,0.8,301.32
24,3064,40,9c082cf285b6,Rand_Marg_M3,1.0,0.9997,0.0,0.1346,0.8,451.98
24,3064,40,9c082cf285b6,Rand_Marg_M5,1.0,0.9858,0.0,0.3654,0.8,753.31
24,3064,40,9c082cf285b6,B2_Cyclic_M2,1.0,0.791,0.0,0.0,0.8,301.32
24,3064,40,9c082cf285b6,B2_Cyclic_M3,1.0,0.8579,0.0,0.0179,0.0,451.98
24,3064,40,9c082cf285b6,B2_Cyclic_M5,1.0,0.8932,0.0,0.0615,0.0,753.31
25,1834,40,989aee06c119,B0_Native,1.0,0.9999,0.0,0.0,0.0,154.3
25,1834,40,989aee06c119,B0_Random,1.0,1.0,0.0,0.0,0.0,154.3
25,1834,40,989aee06c119,B1_Alpha,1.0,1.0,0.0,0.0,0.8,154.3
25,1834,40,989aee06c119,B1_ReverseAlpha,1.0,0.9907,0.0,0.0,0.8,154.3
25,1834,40,989aee06c119,Rand_Marg_M2,1.0,1.0,0.0,0.0,0.0,308.61
25,1834,40,989aee06c119,Rand_Marg_M3,1.0,1.0,0.0,0.0,0.0,462.91
25,1834,40,989aee06c119,Rand_Marg_M5,1.0,1.0,0.0,0.0,0.0,771.52
25,1834,40,989aee06c119,B2_Cyclic_M2,1.0,0.5867,0.0,0.0064,0.5,308.61
25,1834,40,989aee06c119,B2_Cyclic_M3,1.0,0.9977,0.0,0.0,0.0,462.91
25,1834,40,989aee06c119,B2_Cyclic_M5,1.0,0.9009,0.0,0.0064,0.5,771.52
26,1574,40,98a3b4fe07e4,B0_Native,1.0,0.9991,0.0,0.0,0.0,154.26
26,1574,40,98a3b4fe07e4,B0_Random,0.0,0.9758,0.3778,0.0014,0.5022,154.26
26,1574,40,98a3b4fe07e4,B1_Alpha,1.0,1.0,0.0,0.0,0.0,154.26
26,1574,40,98a3b4fe07e4,B1_ReverseAlpha,1.0,1.0,0.0,0.0,0.0,154.26
26,1574,40,98a3b4fe07e4,Rand_Marg_M2,1.0,0.5116,0.0,0.0026,0.5,308.52
26,1574,40,98a3b4fe07e4,Rand_Marg_M3,1.0,0.6644,0.0,0.0077,0.8,462.78
26,1574,40,98a3b4fe07e4,Rand_Marg_M5,1.0,0.7986,0.0,0.0051,0.5,771.29
26,1574,40,98a3b4fe07e4,B2_Cyclic_M2,1.0,0.7643,0.0,0.0051,0.0,308.52
26,1574,40,98a3b4fe07e4,B2_Cyclic_M3,1.0,0.9771,0.0,0.0449,0.0,462.78
26,1574,40,98a3b4fe07e4,B2_Cyclic_M5,1.0,0.845,0.0,0.0795,0.0,771.29
27,1717,40,7b66a613d738,B0_Native,1.0,1.0,0.0,0.0,0.0,138.96
27,1717,40,7b66a613d738,B0_Random,1.0,1.0,0.4667,0.0006,0.3911,138.96
27,1717,40,7b66a613d738,B1_Alpha,1.0,1.0,0.0,0.0,0.0,138.96
27,1717,40,7b66a613d738,B1_ReverseAlpha,1.0,1.0,0.0,0.0,0.0,138.96
27,1717,40,7b66a613d738,Rand_Marg_M2,1.0,0.5243,0.0,0.0,0.8,277.93
27,1717,40,7b66a613d738,Rand_Marg_M3,1.0,0.6828,0.0,0.0,0.8,416.89
27,1717,40,7b66a613d738,Rand_Marg_M5,1.0,0.8097,0.0,0.0,0.0,694.82
27,1717,40,7b66a613d738,B2_Cyclic_M2,1.0,0.8281,0.0,0.0,0.5,277.93
27,1717,40,7b66a613d738,B2_Cyclic_M3,1.0,0.9878,0.0,0.0013,0.5,416.89
27,1717,40,7b66a613d738,B2_Cyclic_M5,1.0,0.7492,0.0,0.0013,0.5,694.82
28,1487,40,d98ed804e6d7,B0_Native,1.0,1.0,0.0,0.0,0.0,138.94
28,1487,40,d98ed804e6d7,B0_Random,1.0,1.0,0.0,0.0,0.0,138.94
28,1487,40,d98ed804e6d7,B1_Alpha,1.0,1.0,0.0,0.0,0.0,138.94
28,1487,40,d98ed804e6d7,B1_ReverseAlpha,1.0,1.0,0.0,0.0,0.0,138.94
28,1487,40,d98ed804e6d7,Rand_Marg_M2,1.0,1.0,0.0,0.0,0.0,277.87
28,1487,40,d98ed804e6d7,Rand_Marg_M3,1.0,1.0,0.0,0.0,0.0,416.81
28,1487,40,d98ed804e6d7,Rand_Marg_M5,1.0,1.0,0.0,0.0,0.0,694.68
28,1487,40,d98ed804e6d7,B2_Cyclic_M2,1.0,1.0,0.0,0.0,0.0,277.87
28,1487,40,d98ed804e6d7,B2_Cyclic_M3,1.0,1.0,0.0,0.0,0.0,416.81
28,1487,40,d98ed804e6d7,B2_Cyclic_M5,1.0,1.0,0.0,0.0,0.0,694.68
29,1385,40,2c8fcd71fc49,B0_Native,1.0,0.999,0.0,0.0,0.0,141.86
29,1385,40,2c8fcd71fc49,B0_Random,1.0,0.9999,0.2,0.0008,0.42,141.86
29,1385,40,2c8fcd71fc49,B1_Alpha,1.0,0.9773,0.0,0.0,0.8,141.86
29,1385,40,2c8fcd71fc49,B1_ReverseAlpha,1.0,1.0,0.0,0.0,0.8,141.86
29,1385,40,2c8fcd71fc49,Rand_Marg_M2,1.0,0.9931,0.0,0.0,0.8,283.73
29,1385,40,2c8fcd71fc49,Rand_Marg_M3,1.0,0.9954,0.0,0.0,0.8,425.59
29,1385,40,2c8fcd71fc49,Rand_Marg_M5,1.0,0.9972,0.0,0.0179,0.5,709.31
29,1385,40,2c8fcd71fc49,B2_Cyclic_M2,1.0,0.9986,0.0,0.0,0.5,283.73
29,1385,40,2c8fcd71fc49,B2_Cyclic_M3,1.0,0.6664,0.0,0.0,0.5,425.59
29,1385,40,2c8fcd71fc49,B2_Cyclic_M5,1.0,0.713,0.0,0.0077,0.0,709.31
30,1139,40,39972c1da236,B0_Native,1.0,0.9977,0.0,0.0,0.0,148.28
30,1139,40,39972c1da236,B0_Random,1.0,0.9992,0.0,0.0731,0.4911,148.28
30,1139,40,39972c1da236,B1_Alpha,1.0,0.4096,0.0,0.0308,0.8,148.28
30,1139,40,39972c1da236,B1_ReverseAlpha,1.0,0.9998,0.0,0.0308,0.8,148.28
30,1139,40,39972c1da236,Rand_Marg_M2,1.0,0.9991,0.0,0.0179,0.5,296.57
30,1139,40,39972c1da236,Rand_Marg_M3,1.0,0.9904,0.0,0.1808,0.5,444.85
30,1139,40,39972c1da236,Rand_Marg_M5,1.0,0.9829,0.0,0.1513,0.0,741.42
30,1139,40,39972c1da236,B2_Cyclic_M2,1.0,0.5706,0.0,0.15,0.5,296.57
30,1139,40,39972c1da236,B2_Cyclic_M3,1.0,0.6704,0.0,0.0962,0.5,444.85
30,1139,40,39972c1da236,B2_Cyclic_M5,1.0,0.5376,0.0,0.0551,0.5,741.42
31,2773,40,362879d84f50,B0_Native,0.0,0.9997,0.0,0.0,0.0,142.31
31,2773,40,362879d84f50,B0_Random,1.0,0.4701,0.6,0.1056,0.5378,142.31
31,2773,40,362879d84f50,B1_Alpha,0.0,0.2924,0.0,0.2385,0.8,142.31
31,2773,40,362879d84f50,B1_ReverseAlpha,0.0,0.3769,0.0,0.2385,0.8,142.31
31,2773,40,362879d84f50,Rand_Marg_M2,0.0,0.4354,1.0,0.1615,0.5,284.61
31,2773,40,362879d84f50,Rand_Marg_M3,0.0,0.3948,1.0,0.1474,0.5,426.92
31,2773,40,362879d84f50,Rand_Marg_M5,0.0,0.3767,0.0,0.1038,0.5,711.53
31,2773,40,362879d84f50,B2_Cyclic_M2,0.0,0.586,0.0,0.1128,0.5,284.61
31,2773,40,362879d84f50,B2_Cyclic_M3,0.0,0.7381,0.0,0.0974,0.5,426.92
31,2773,40,362879d84f50,B2_Cyclic_M5,0.0,0.4718,0.0,0.0679,0.0,711.53
32,89,40,b52b7b161a5d,B0_Native,1.0,1.0,0.0,0.0,0.0,146.65
32,89,40,b52b7b161a5d,B0_Random,1.0,0.9997,0.0,0.0,0.1778,146.65
32,89,40,b52b7b161a5d,B1_Alpha,1.0,1.0,0.0,0.0,0.0,146.65
32,89,40,b52b7b161a5d,B1_ReverseAlpha,1.0,1.0,0.0,0.0,0.0,146.65
32,89,40,b52b7b161a5d,Rand_Marg_M2,1.0,0.9999,0.0,0.0,0.0,293.3
32,89,40,b52b7b161a5d,Rand_Marg_M3,1.0,0.9997,0.0,0.0,0.5,439.94
32,89,40,b52b7b161a5d,Rand_Marg_M5,1.0,0.9998,0.0,0.0,0.5,733.24
32,89,40,b52b7b161a5d,B2_Cyclic_M2,1.0,0.9999,0.0,0.0,0.8,293.3
32,89,40,b52b7b161a5d,B2_Cyclic_M3,1.0,1.0,0.0,0.0,0.8,439.94
32,89,40,b52b7b161a5d,B2_Cyclic_M5,1.0,0.9999,0.0,0.0,0.0,733.24
33,413,40,4d8766a1eae2,B0_Native,1.0,0.7622,0.0,0.0,0.0,126.29
33,413,40,4d8766a1eae2,B0_Random,1.0,0.9994,0.5333,0.0091,0.3489,126.29
33,413,40,4d8766a1eae2,B1_Alpha,0.0,1.0,0.0,0.0,0.0,126.29
33,413,40,4d8766a1eae2,B1_ReverseAlpha,0.0,1.0,0.0,0.0,0.0,126.29
33,413,40,4d8766a1eae2,Rand_Marg_M2,1.0,0.9997,1.0,0.0013,0.5,252.58
33,413,40,4d8766a1eae2,Rand_Marg_M3,1.0,0.774,1.0,0.2013,0.5,378.87
33,413,40,4d8766a1eae2,Rand_Marg_M5,1.0,0.4681,1.0,0.0974,0.5,631.45
33,413,40,4d8766a1eae2,B2_Cyclic_M2,1.0,0.8393,0.0,0.1167,0.5,252.58
33,413,40,4d8766a1eae2,B2_Cyclic_M3,1.0,0.5863,0.0,0.0987,0.0,378.87
33,413,40,4d8766a1eae2,B2_Cyclic_M5,1.0,0.9038,0.0,0.0846,0.5,631.45
34,181,40,e3997e16e057,B0_Native,1.0,1.0,0.0,0.0,0.0,141.7
34,181,40,e3997e16e057,B0_Random,1.0,1.0,0.0,0.0025,0.2956,141.7
34,181,40,e3997e16e057,B1_Alpha,1.0,1.0,0.0,0.0,0.0,141.7
34,181,40,e3997e16e057,B1_ReverseAlpha,1.0,1.0,0.0,0.0,0.0,141.7
34,181,40,e3997e16e057,Rand_Marg_M2,1.0,1.0,0.0,0.0,0.0,283.4
34,181,40,e3997e16e057,Rand_Marg_M3,1.0,1.0,0.0,0.0,0.0,425.09
34,181,40,e3997e16e057,Rand_Marg_M5,1.0,1.0,0.0,0.0,0.8,708.49
34,181,40,e3997e16e057,B2_Cyclic_M2,1.0,1.0,0.0,0.0,0.0,283.4
34,181,40,e3997e16e057,B2_Cyclic_M3,1.0,1.0,0.0,0.0,0.0,425.09
34,181,40,e3997e16e057,B2_Cyclic_M5,1.0,1.0,0.0,0.0,0.8,708.49
35,2282,40,bca575fccc25,B0_Native,1.0,0.9995,0.0,0.0,0.0,126.93
35,2282,40,bca575fccc25,B0_Random,1.0,0.9988,0.0,0.0075,0.5622,126.93
35,2282,40,bca575fccc25,B1_Alpha,1.0,0.4251,0.0,0.0,0.8,126.93
35,2282,40,bca575fccc25,B1_ReverseAlpha,1.0,1.0,0.0,0.0,0.8,126.93
35,2282,40,bca575fccc25,Rand_Marg_M2,1.0,0.9994,0.0,0.0,0.8,253.85
35,2282,40,bca575fccc25,Rand_Marg_M3,1.0,0.9996,0.0,0.0346,0.5,380.78
35,2282,40,bca575fccc25,Rand_Marg_M5,1.0,0.9732,0.0,0.1564,0.5,634.64
35,2282,40,bca575fccc25,B2_Cyclic_M2,1.0,0.9997,0.0,0.0115,0.5,253.85
35,2282,40,bca575fccc25,B2_Cyclic_M3,1.0,0.9905,0.0,0.0192,0.0,380.78
35,2282,40,bca575fccc25,B2_Cyclic_M5,1.0,0.9973,0.0,0.0128,0.0,634.64
36,245,40,589c6be2177f,B0_Native,0.0,1.0,0.0,0.0,0.0,135.99
36,245,40,589c6be2177f,B0_Random,0.0,0.9999,0.0,0.0,0.0,135.99
36,245,40,589c6be2177f,B1_Alpha,0.0,0.9998,0.0,0.0038,0.8,135.99
36,245,40,589c6be2177f,B1_ReverseAlpha,0.0,0.9989,0.0,0.0038,0.8,135.99
36,245,40,589c6be2177f,Rand_Marg_M2,0.0,0.9999,0.0,0.0,0.0,271.99
36,245,40,589c6be2177f,Rand_Marg_M3,0.0,0.9999,0.0,0.0,0.0,407.98
36,245,40,589c6be2177f,Rand_Marg_M5,0.0,0.9999,0.0,0.0,0.0,679.97
36,245,40,589c6be2177f,B2_Cyclic_M2,0.0,1.0,0.0,0.0,0.0,271.99
36,245,40,589c6be2177f,B2_Cyclic_M3,0.0,1.0,0.0,0.0,0.0,407.98
36,245,40,589c6be2177f,B2_Cyclic_M5,0.0,1.0,0.0,0.0,0.0,679.97
37,2620,40,982ddd9c11a5,B0_Native,1.0,0.9954,0.0,0.0,0.0,122.24
37,2620,40,982ddd9c11a5,B0_Random,1.0,0.9994,0.2,0.1129,0.6689,122.24
37,2620,40,982ddd9c11a5,B1_Alpha,1.0,0.9988,0.0,0.0256,0.5,122.24
37,2620,40,982ddd9c11a5,B1_ReverseAlpha,1.0,0.9979,0.0,0.0256,0.5,122.24
37,2620,40,982ddd9c11a5,Rand_Marg_M2,1.0,0.6771,0.0,0.3013,0.5,244.48
37,2620,40,982ddd9c11a5,Rand_Marg_M3,1.0,0.7843,0.0,0.2974,0.5,366.72
37,2620,40,982ddd9c11a5,Rand_Marg_M5,1.0,0.7161,0.0,0.2269,0.8,611.2
37,2620,40,982ddd9c11a5,B2_Cyclic_M2,1.0,0.9945,0.0,0.0321,0.5,244.48
37,2620,40,982ddd9c11a5,B2_Cyclic_M3,1.0,0.9768,0.0,0.0833,0.0,366.72
37,2620,40,982ddd9c11a5,B2_Cyclic_M5,1.0,0.9809,0.0,0.0987,0.5,611.2
38,1244,40,b41dc09fd0b3,B0_Native,0.0,1.0,0.0,0.0,0.0,136.61
38,1244,40,b41dc09fd0b3,B0_Random,0.0,1.0,0.0,0.0,0.16,136.61
38,1244,40,b41dc09fd0b3,B1_Alpha,0.0,0.9999,0.0,0.0,0.5,136.61
38,1244,40,b41dc09fd0b3,B1_ReverseAlpha,0.0,1.0,0.0,0.0,0.5,136.61
38,1244,40,b41dc09fd0b3,Rand_Marg_M2,0.0,1.0,0.0,0.0,0.8,273.22
38,1244,40,b41dc09fd0b3,Rand_Marg_M3,0.0,1.0,0.0,0.0,0.8,409.83
38,1244,40,b41dc09fd0b3,Rand_Marg_M5,0.0,0.9995,0.0,0.0,0.8,683.04
38,1244,40,b41dc09fd0b3,B2_Cyclic_M2,0.0,1.0,0.0,0.0,0.0,273.22
38,1244,40,b41dc09fd0b3,B2_Cyclic_M3,0.0,1.0,0.0,0.0,0.0,409.83
38,1244,40,b41dc09fd0b3,B2_Cyclic_M5,0.0,1.0,0.0,0.0,0.0,683.04
39,2418,40,37ff58d22e1f,B0_Native,1.0,1.0,0.0,0.0,0.0,135.42
39,2418,40,37ff58d22e1f,B0_Random,1.0,1.0,0.0,0.0,0.34,135.42
39,2418,40,37ff58d22e1f,B1_Alpha,1.0,0.996,0.0,0.0,0.8,135.42
39,2418,40,37ff58d22e1f,B1_ReverseAlpha,1.0,1.0,0.0,0.0,0.8,135.42
39,2418,40,37ff58d22e1f,Rand_Marg_M2,1.0,1.0,0.0,0.0,0.0,270.83
39,2418,40,37ff58d22e1f,Rand_Marg_M3,1.0,1.0,0.0,0.0,0.8,406.25
39,2418,40,37ff58d22e1f,Rand_Marg_M5,1.0,0.9998,0.0,0.0,0.5,677.09
39,2418,40,37ff58d22e1f,B2_Cyclic_M2,1.0,1.0,0.0,0.0,0.0,270.83
39,2418,40,37ff58d22e1f,B2_Cyclic_M3,1.0,1.0,0.0,0.0,0.0,406.25
39,2418,40,37ff58d22e1f,B2_Cyclic_M5,1.0,1.0,0.0,0.0,0.5,677.09
40,940,40,c6e557042e93,B0_Native,0.0,0.9868,0.0,0.0,0.0,125.45
40,940,40,c6e557042e93,B0_Random,1.0,1.0,0.2,0.0003,0.16,125.45
40,940,40,c6e557042e93,B1_Alpha,1.0,1.0,0.0,0.0,0.0,125.45
40,940,40,c6e557042e93,B1_ReverseAlpha,1.0,1.0,0.0,0.0,0.0,125.45
40,940,40,c6e557042e93,Rand_Marg_M2,1.0,1.0,0.0,0.0,0.0,250.91
40,940,40,c6e557042e93,Rand_Marg_M3,1.0,1.0,0.0,0.0,0.0,376.36
40,940,40,c6e557042e93,Rand_Marg_M5,1.0,1.0,0.0,0.0,0.8,627.27
40,940,40,c6e557042e93,B2_Cyclic_M2,1.0,0.5063,0.0,0.0,0.8,250.91
40,940,40,c6e557042e93,B2_Cyclic_M3,1.0,0.6708,0.0,0.0,0.8,376.36
40,940,40,c6e557042e93,B2_Cyclic_M5,1.0,0.8025,0.0,0.0,0.8,627.27
41,477,40,f8880c5b34ff,B0_Native,1.0,1.0,0.0,0.0,0.0,154.43
41,477,40,f8880c5b34ff,B0_Random,1.0,1.0,0.0,0.0,0.16,154.43
41,477,40,f8880c5b34ff,B1_Alpha,1.0,1.0,0.0,0.0,0.0,154.43
41,477,40,f8880c5b34ff,B1_ReverseAlpha,1.0,1.0,0.0,0.0,0.0,154.43
41,477,40,f8880c5b34ff,Rand_Marg_M2,1.0,1.0,0.0,0.0,0.8,308.86
41,477,40,f8880c5b34ff,Rand_Marg_M3,1.0,0.9983,0.0,0.0,0.8,463.29
41,477,40,f8880c5b34ff,Rand_Marg_M5,1.0,0.999,0.0,0.0,0.8,772.14
41,477,40,f8880c5b34ff,B2_Cyclic_M2,1.0,1.0,0.0,0.0,0.0,308.86
41,477,40,f8880c5b34ff,B2_Cyclic_M3,1.0,1.0,0.0,0.0,0.0,463.29
41,477,40,f8880c5b34ff,B2_Cyclic_M5,1.0,1.0,0.0,0.0,0.0,772.14
42,1653,40,b3ed321588d8,B0_Native,1.0,0.1993,0.0,0.0,0.0,162.47
42,1653,40,b3ed321588d8,B0_Random,1.0,0.6428,0.3778,0.3165,0.7467,162.47
42,1653,40,b3ed321588d8,B1_Alpha,0.0,0.3818,1.0,0.3167,0.5,162.47
42,1653,40,b3ed321588d8,B1_ReverseAlpha,1.0,0.942,1.0,0.3167,0.5,162.47
42,1653,40,b3ed321588d8,Rand_Marg_M2,1.0,0.7021,0.0,0.3179,0.8,324.94
42,1653,40,b3ed321588d8,Rand_Marg_M3,1.0,0.7994,0.0,0.2872,0.8,487.41
42,1653,40,b3ed321588d8,Rand_Marg_M5,1.0,0.6784,0.0,0.2923,0.8,812.35
42,1653,40,b3ed321588d8,B2_Cyclic_M2,1.0,0.5652,0.0,0.1615,0.8,324.94
42,1653,40,b3ed321588d8,B2_Cyclic_M3,1.0,0.4845,0.0,0.1538,0.8,487.41
42,1653,40,b3ed321588d8,B2_Cyclic_M5,1.0,0.7812,0.0,0.1256,0.8,812.35
43,2478,40,b8a15df98563,B0_Native,1.0,0.7538,0.0,0.0,0.0,154.84
43,2478,40,b8a15df98563,B0_Random,0.0,0.7344,0.7333,0.0445,0.0,154.84
43,2478,40,b8a15df98563,B1_Alpha,0.0,0.9463,0.0,0.0038,0.0,154.84
43,2478,40,b8a15df98563,B1_ReverseAlpha,0.0,0.996,0.0,0.0038,0.0,154.84
43,2478,40,b8a15df98563,Rand_Marg_M2,0.0,0.5109,1.0,0.0205,0.0,309.68
43,2478,40,b8a15df98563,Rand_Marg_M3,1.0,0.3492,1.0,0.0205,0.0,464.52
43,2478,40,b8a15df98563,Rand_Marg_M5,1.0,0.4454,1.0,0.1115,0.0,774.21
43,2478,40,b8a15df98563,B2_Cyclic_M2,1.0,0.8738,0.0,0.0231,0.0,309.68
43,2478,40,b8a15df98563,B2_Cyclic_M3,1.0,0.9122,0.0,0.0231,0.0,464.52
43,2478,40,b8a15df98563,B2_Cyclic_M5,1.0,0.859,0.0,0.0115,0.0,774.21
44,1546,40,ea366b4114c1,B0_Native,1.0,1.0,0.0,0.0,0.0,156.87
44,1546,40,ea366b4114c1,B0_Random,0.0,0.9993,0.3556,0.0005,0.2333,156.87
44,1546,40,ea366b4114c1,B1_Alpha,1.0,1.0,0.0,0.0,0.5,156.87
44,1546,40,ea366b4114c1,B1_ReverseAlpha,1.0,0.9993,0.0,0.0,0.5,156.87
44,1546,40,ea366b4114c1,Rand_Marg_M2,0.0,0.9997,1.0,0.0013,0.0,313.73
44,1546,40,ea366b4114c1,Rand_Marg_M3,0.0,0.6665,1.0,0.0013,0.5,470.6
44,1546,40,ea366b4114c1,Rand_Marg_M5,1.0,0.6001,0.0,0.0,0.5,784.34
44,1546,40,ea366b4114c1,B2_Cyclic_M2,1.0,1.0,0.0,0.0,0.0,313.73
44,1546,40,ea366b4114c1,B2_Cyclic_M3,1.0,1.0,0.0,0.0,0.0,470.6
44,1546,40,ea366b4114c1,B2_Cyclic_M5,1.0,1.0,0.0,0.0,0.5,784.34
45,1631,40,b570aa405cc0,B0_Native,0.0,0.4513,0.0,0.0,0.0,155.83
45,1631,40,b570aa405cc0,B0_Random,1.0,0.9641,0.2,0.186,0.3467,155.83
45,1631,40,b570aa405cc0,B1_Alpha,1.0,0.9043,0.0,0.2,0.5,155.83
45,1631,40,b570aa405cc0,B1_ReverseAlpha,1.0,0.9843,0.0,0.2,0.5,155.83
45,1631,40,b570aa405cc0,Rand_Marg_M2,1.0,0.9558,0.0,0.2192,0.8,311.65
45,1631,40,b570aa405cc0,Rand_Marg_M3,1.0,0.7194,0.0,0.2885,0.5,467.48
45,1631,40,b570aa405cc0,Rand_Marg_M5,1.0,0.7555,0.0,0.1897,0.0,779.13
45,1631,40,b570aa405cc0,B2_Cyclic_M2,0.0,0.3012,1.0,0.1449,0.0,311.65
45,1631,40,b570aa405cc0,B2_Cyclic_M3,0.0,0.3154,1.0,0.1244,0.5,467.48
45,1631,40,b570aa405cc0,B2_Cyclic_M5,1.0,0.517,0.0,0.0936,0.0,779.13
46,207,40,cb02bba3635e,B0_Native,1.0,0.9988,0.0,0.0,0.0,157.13
46,207,40,cb02bba3635e,B0_Random,1.0,1.0,0.0,0.0001,0.3022,157.13
46,207,40,cb02bba3635e,B1_Alpha,1.0,1.0,0.0,0.0,0.0,157.13
46,207,40,cb02bba3635e,B1_ReverseAlpha,1.0,1.0,0.0,0.0,0.0,157.13
46,207,40,cb02bba3635e,Rand_Marg_M2,1.0,0.9999,0.0,0.0,0.0,314.26
46,207,40,cb02bba3635e,Rand_Marg_M3,1.0,1.0,0.0,0.0,0.8,471.4
46,207,40,cb02bba3635e,Rand_Marg_M5,1.0,1.0,0.0,0.0,0.8,785.66
46,207,40,cb02bba3635e,B2_Cyclic_M2,1.0,0.9897,0.0,0.0,0.0,314.26
46,207,40,cb02bba3635e,B2_Cyclic_M3,1.0,0.9994,0.0,0.0013,0.0,471.4
46,207,40,cb02bba3635e,B2_Cyclic_M5,1.0,0.9997,0.0,0.0013,0.5,785.66
47,663,40,0863fe8ef4c5,B0_Native,1.0,0.9996,0.0,0.0,0.0,151.2
47,663,40,0863fe8ef4c5,B0_Random,1.0,1.0,0.0,0.0,0.0,151.2
47,663,40,0863fe8ef4c5,B1_Alpha,1.0,1.0,0.0,0.0,0.0,151.2
47,663,40,0863fe8ef4c5,B1_ReverseAlpha,1.0,1.0,0.0,0.0,0.0,151.2
47,663,40,0863fe8ef4c5,Rand_Marg_M2,1.0,1.0,0.0,0.0,0.0,302.4
47,663,40,0863fe8ef4c5,Rand_Marg_M3,1.0,1.0,0.0,0.0,0.0,453.59
47,663,40,0863fe8ef4c5,Rand_Marg_M5,1.0,1.0,0.0,0.0,0.0,755.99
47,663,40,0863fe8ef4c5,B2_Cyclic_M2,1.0,0.9998,0.0,0.0,0.5,302.4
47,663,40,0863fe8ef4c5,B2_Cyclic_M3,1.0,0.9999,0.0,0.0,0.5,453.59
47,663,40,0863fe8ef4c5,B2_Cyclic_M5,1.0,0.9999,0.0,0.0,0.5,755.99
48,1842,40,d58f88bbf21c,B0_Native,0.0,0.8776,0.0,0.0,0.0,133.57
48,1842,40,d58f88bbf21c,B0_Random,0.0,0.8663,0.3556,0.0318,0.3778,133.57
48,1842,40,d58f88bbf21c,B1_Alpha,1.0,0.8008,0.0,0.0038,0.0,133.57
48,1842,40,d58f88bbf21c,B1_ReverseAlpha,1.0,0.9347,0.0,0.0038,0.0,133.57
48,1842,40,d58f88bbf21c,Rand_Marg_M2,1.0,0.548,1.0,0.0641,0.5,267.13
48,1842,40,d58f88bbf21c,Rand_Marg_M3,0.0,0.5972,0.0,0.0372,0.5,400.7
48,1842,40,d58f88bbf21c,Rand_Marg_M5,0.0,0.6733,0.0,0.2256,0.5,667.84
48,1842,40,d58f88bbf21c,B2_Cyclic_M2,0.0,0.9117,0.0,0.0282,0.0,267.13
48,1842,40,d58f88bbf21c,B2_Cyclic_M3,0.0,0.6486,0.0,0.0462,0.0,400.7
48,1842,40,d58f88bbf21c,B2_Cyclic_M5,0.0,0.8393,0.0,0.0526,0.0,667.84
49,554,40,544cf7a26db1,B0_Native,0.0,0.1235,0.0,0.0,0.0,141.26
49,554,40,544cf7a26db1,B0_Random,1.0,0.3978,0.5333,0.2751,0.7444,141.26
49,554,40,544cf7a26db1,B1_Alpha,0.0,0.1997,1.0,0.2244,1.0,141.26
49,554,40,544cf7a26db1,B1_ReverseAlpha,0.0,0.3099,1.0,0.2244,1.0,141.26
49,554,40,544cf7a26db1,Rand_Marg_M2,1.0,0.4196,0.0,0.3064,0.8,282.52
49,554,40,544cf7a26db1,Rand_Marg_M3,1.0,0.4599,1.0,0.2218,0.5,423.78
49,554,40,544cf7a26db1,Rand_Marg_M5,1.0,0.3321,0.0,0.1769,0.5,706.31
49,554,40,544cf7a26db1,B2_Cyclic_M2,0.0,0.1232,1.0,0.1385,0.5,282.52
49,554,40,544cf7a26db1,B2_Cyclic_M3,1.0,0.3822,0.0,0.1269,0.5,423.78
49,554,40,544cf7a26db1,B2_Cyclic_M5,1.0,0.3327,0.0,0.0462,0.0,706.31
50,2254,40,43c1d20e8663,B0_Native,0.0,0.099,0.0,0.0,0.0,141.74
50,2254,40,43c1d20e8663,B0_Random,0.0,0.1812,0.2,0.2558,0.4222,141.74
50,2254,40,43c1d20e8663,B1_Alpha,1.0,0.3701,0.0,0.159,0.0,141.74
50,2254,40,43c1d20e8663,B1_ReverseAlpha,1.0,0.2145,0.0,0.159,0.0,141.74
50,2254,40,43c1d20e8663,Rand_Marg_M2,1.0,0.2016,0.0,0.2397,0.5,283.47
50,2254,40,43c1d20e8663,Rand_Marg_M3,1.0,0.3984,0.0,0.1833,0.5,425.21
50,2254,40,43c1d20e8663,Rand_Marg_M5,1.0,0.3899,0.0,0.1577,0.0,708.68
50,2254,40,43c1d20e8663,B2_Cyclic_M2,1.0,0.119,0.0,0.1,0.0,283.47
50,2254,40,43c1d20e8663,B2_Cyclic_M3,1.0,0.2549,0.0,0.0974,0.5,425.21
50,2254,40,43c1d20e8663,B2_Cyclic_M5,1.0,0.3786,1.0,0.0756,0.0,708.68
51,1796,40,5246d4a867bb,B0_Native,1.0,1.0,0.0,0.0,0.0,166.47
51,1796,40,5246d4a867bb,B0_Random,1.0,1.0,0.0,0.0,0.0,166.47
51,1796,40,5246d4a867bb,B1_Alpha,1.0,1.0,0.0,0.0,0.0,166.47
51,1796,40,5246d4a867bb,B1_ReverseAlpha,1.0,1.0,0.0,0.0,0.0,166.47
51,1796,40,5246d4a867bb,Rand_Marg_M2,1.0,1.0,0.0,0.0,0.0,332.94
51,1796,40,5246d4a867bb,Rand_Marg_M3,1.0,1.0,0.0,0.0,0.0,499.41
51,1796,40,5246d4a867bb,Rand_Marg_M5,1.0,1.0,0.0,0.0,0.0,832.35
51,1796,40,5246d4a867bb,B2_Cyclic_M2,1.0,1.0,0.0,0.0,0.0,332.94
51,1796,40,5246d4a867bb,B2_Cyclic_M3,1.0,1.0,0.0,0.0,0.0,499.41
51,1796,40,5246d4a867bb,B2_Cyclic_M5,1.0,1.0,0.0,0.0,0.0,832.35
52,1700,40,e456c5230a69,B0_Native,1.0,1.0,0.0,0.0,0.0,156.44
52,1700,40,e456c5230a69,B0_Random,1.0,1.0,0.0,0.0,0.16,156.44
52,1700,40,e456c5230a69,B1_Alpha,1.0,1.0,0.0,0.0,0.0,156.44
52,1700,40,e456c5230a69,B1_ReverseAlpha,1.0,1.0,0.0,0.0,0.0,156.44
52,1700,40,e456c5230a69,Rand_Marg_M2,1.0,1.0,0.0,0.0,0.0,312.88
52,1700,40,e456c5230a69,Rand_Marg_M3,1.0,1.0,0.0,0.0,0.0,469.33
52,1700,40,e456c5230a69,Rand_Marg_M5,1.0,1.0,0.0,0.0,0.8,782.21
52,1700,40,e456c5230a69,B2_Cyclic_M2,1.0,1.0,0.0,0.0,0.0,312.88
52,1700,40,e456c5230a69,B2_Cyclic_M3,1.0,1.0,0.0,0.0,0.0,469.33
52,1700,40,e456c5230a69,B2_Cyclic_M5,1.0,1.0,0.0,0.0,0.0,782.21
53,2112,40,3b8e4443fe83,B0_Native,1.0,0.9958,0.0,0.0,0.0,160.21
53,2112,40,3b8e4443fe83,B0_Random,1.0,0.999,0.2,0.0127,0.5467,160.21
53,2112,40,3b8e4443fe83,B1_Alpha,1.0,0.9872,0.0,0.0179,0.5,160.21
53,2112,40,3b8e4443fe83,B1_ReverseAlpha,1.0,0.7871,0.0,0.0179,0.5,160.21
53,2112,40,3b8e4443fe83,Rand_Marg_M2,1.0,0.9707,0.0,0.0564,0.5,320.41
53,2112,40,3b8e4443fe83,Rand_Marg_M3,1.0,0.6748,0.0,0.0679,0.0,480.62
53,2112,40,3b8e4443fe83,Rand_Marg_M5,1.0,0.7947,0.0,0.0385,0.5,801.03
53,2112,40,3b8e4443fe83,B2_Cyclic_M2,1.0,0.9972,0.0,0.0026,0.8,320.41
53,2112,40,3b8e4443fe83,B2_Cyclic_M3,1.0,0.9986,0.0,0.0179,0.8,480.62
53,2112,40,3b8e4443fe83,B2_Cyclic_M5,1.0,0.9991,0.0,0.0167,0.8,801.03
54,890,40,8ba98a6dbdfe,B0_Native,1.0,0.977,0.0,0.0,0.0,133.88
54,890,40,8ba98a6dbdfe,B0_Random,1.0,0.9998,0.0,0.1912,0.7267,133.88
54,890,40,8ba98a6dbdfe,B1_Alpha,1.0,0.9889,0.0,0.1718,0.8,133.88
54,890,40,8ba98a6dbdfe,B1_ReverseAlpha,1.0,0.9071,0.0,0.1718,0.8,133.88
54,890,40,8ba98a6dbdfe,Rand_Marg_M2,1.0,0.9987,0.0,0.0885,0.5,267.76
54,890,40,8ba98a6dbdfe,Rand_Marg_M3,1.0,0.9948,0.0,0.1897,0.8,401.64
54,890,40,8ba98a6dbdfe,Rand_Marg_M5,1.0,0.9723,0.0,0.2474,0.8,669.4
54,890,40,8ba98a6dbdfe,B2_Cyclic_M2,1.0,0.9873,0.0,0.0987,0.8,267.76
54,890,40,8ba98a6dbdfe,B2_Cyclic_M3,1.0,0.9888,0.0,0.0769,0.8,401.64
54,890,40,8ba98a6dbdfe,B2_Cyclic_M5,1.0,0.9901,0.0,0.0692,0.5,669.4
55,1880,40,25e4c5c900aa,B0_Native,1.0,1.0,0.0,0.0,0.0,165.47
55,1880,40,25e4c5c900aa,B0_Random,1.0,1.0,0.0,0.0,0.16,165.47
55,1880,40,25e4c5c900aa,B1_Alpha,1.0,1.0,0.0,0.0,0.0,165.47
55,1880,40,25e4c5c900aa,B1_ReverseAlpha,1.0,1.0,0.0,0.0,0.0,165.47
55,1880,40,25e4c5c900aa,Rand_Marg_M2,1.0,1.0,0.0,0.0,0.0,330.93
55,1880,40,25e4c5c900aa,Rand_Marg_M3,1.0,1.0,0.0,0.0,0.0,496.4
55,1880,40,25e4c5c900aa,Rand_Marg_M5,1.0,1.0,0.0,0.0,0.8,827.33
55,1880,40,25e4c5c900aa,B2_Cyclic_M2,1.0,1.0,0.0,0.0,0.0,330.93
55,1880,40,25e4c5c900aa,B2_Cyclic_M3,1.0,1.0,0.0,0.0,0.0,496.4
55,1880,40,25e4c5c900aa,B2_Cyclic_M5,1.0,1.0,0.0,0.0,0.0,827.33
56,601,40,0b80a4d92f36,B0_Native,0.0,0.6376,0.0,0.0,0.0,146.93
56,601,40,0b80a4d92f36,B0_Random,0.0,0.9865,0.3778,0.1837,0.6622,146.93
56,601,40,0b80a4d92f36,B1_Alpha,0.0,0.9945,0.0,0.0795,0.5,146.93
56,601,40,0b80a4d92f36,B1_ReverseAlpha,0.0,0.9169,0.0,0.0795,0.5,146.93
56,601,40,0b80a4d92f36,Rand_Marg_M2,0.0,0.972,0.0,0.2051,0.8,293.86
56,601,40,0b80a4d92f36,Rand_Marg_M3,0.0,0.9311,0.0,0.241,0.8,440.79
56,601,40,0b80a4d92f36,Rand_Marg_M5,0.0,0.9105,0.0,0.1821,0.8,734.65
56,601,40,0b80a4d92f36,B2_Cyclic_M2,0.0,0.7048,0.0,0.1,0.5,293.86
56,601,40,0b80a4d92f36,B2_Cyclic_M3,0.0,0.7976,0.0,0.0718,0.5,440.79
56,601,40,0b80a4d92f36,B2_Cyclic_M5,0.0,0.82,0.0,0.0526,0.0,734.65
57,2810,40,0a5b31e9c855,B0_Native,0.0,0.4275,0.0,0.0,0.0,148.77
57,2810,40,0a5b31e9c855,B0_Random,0.0,0.7272,0.7778,0.2052,0.4533,148.77
57,2810,40,0a5b31e9c855,B1_Alpha,0.0,0.8459,1.0,0.1885,0.0,148.77
57,2810,40,0a5b31e9c855,B1_ReverseAlpha,0.0,0.8068,1.0,0.1885,0.0,148.77
57,2810,40,0a5b31e9c855,Rand_Marg_M2,0.0,0.4992,0.0,0.2064,0.0,297.54
57,2810,40,0a5b31e9c855,Rand_Marg_M3,0.0,0.5782,1.0,0.1679,0.0,446.31
57,2810,40,0a5b31e9c855,Rand_Marg_M5,0.0,0.4529,0.0,0.1526,0.0,743.84
57,2810,40,0a5b31e9c855,B2_Cyclic_M2,0.0,0.4,0.0,0.1103,0.5,297.54
57,2810,40,0a5b31e9c855,B2_Cyclic_M3,0.0,0.268,0.0,0.0769,0.0,446.31
57,2810,40,0a5b31e9c855,B2_Cyclic_M5,0.0,0.3112,1.0,0.059,0.0,743.84
58,2454,40,776a40b1f151,B0_Native,1.0,0.9921,0.0,0.0,0.0,163.68
58,2454,40,776a40b1f151,B0_Random,1.0,1.0,0.0,0.0025,0.4267,163.68
58,2454,40,776a40b1f151,B1_Alpha,1.0,1.0,0.0,0.0,0.8,163.68
58,2454,40,776a40b1f151,B1_ReverseAlpha,1.0,0.9874,0.0,0.0,0.8,163.68
58,2454,40,776a40b1f151,Rand_Marg_M2,1.0,1.0,0.0,0.0,0.0,327.37
58,2454,40,776a40b1f151,Rand_Marg_M3,1.0,1.0,0.0,0.0,0.8,491.05
58,2454,40,776a40b1f151,Rand_Marg_M5,1.0,0.9999,0.0,0.0,0.0,818.42
58,2454,40,776a40b1f151,B2_Cyclic_M2,1.0,0.9961,0.0,0.0218,0.5,327.37
58,2454,40,776a40b1f151,B2_Cyclic_M3,1.0,0.9974,0.0,0.0295,0.5,491.05
58,2454,40,776a40b1f151,B2_Cyclic_M5,1.0,0.9953,0.0,0.0436,0.5,818.42
59,2641,40,9b9e2db8aeb0,B0_Native,1.0,1.0,0.0,0.0,0.0,149.64
59,2641,40,9b9e2db8aeb0,B0_Random,1.0,1.0,0.0,0.0,0.2422,149.64
59,2641,40,9b9e2db8aeb0,B1_Alpha,1.0,1.0,0.0,0.0,0.0,149.64
59,2641,40,9b9e2db8aeb0,B1_ReverseAlpha,1.0,1.0,0.0,0.0,0.0,149.64
59,2641,40,9b9e2db8aeb0,Rand_Marg_M2,1.0,1.0,0.0,0.0,0.0,299.27
59,2641,40,9b9e2db8aeb0,Rand_Marg_M3,1.0,1.0,0.0,0.0,0.8,448.91
59,2641,40,9b9e2db8aeb0,Rand_Marg_M5,1.0,0.9996,0.0,0.0,0.5,748.18
59,2641,40,9b9e2db8aeb0,B2_Cyclic_M2,1.0,1.0,0.0,0.0,0.0,299.27
59,2641,40,9b9e2db8aeb0,B2_Cyclic_M3,1.0,1.0,0.0,0.0,0.0,448.91
59,2641,40,9b9e2db8aeb0,B2_Cyclic_M5,1.0,1.0,0.0,0.0,0.0,748.18
60,733,40,c9e32293adba,B0_Native,1.0,1.0,0.0,0.0,0.0,149.19
60,733,40,c9e32293adba,B0_Random,1.0,0.9821,0.0,0.0004,0.3956,149.19
60,733,40,c9e32293adba,B1_Alpha,1.0,1.0,0.0,0.0,0.0,149.19
60,733,40,c9e32293adba,B1_ReverseAlpha,1.0,1.0,0.0,0.0,0.0,149.19
60,733,40,c9e32293adba,Rand_Marg_M2,1.0,0.9911,0.0,0.0064,0.5,298.38
60,733,40,c9e32293adba,Rand_Marg_M3,1.0,0.9938,0.0,0.0,0.8,447.57
60,733,40,c9e32293adba,Rand_Marg_M5,1.0,0.9963,0.0,0.009,0.5,745.95
60,733,40,c9e32293adba,B2_Cyclic_M2,1.0,1.0,0.0,0.0,0.0,298.38
60,733,40,c9e32293adba,B2_Cyclic_M3,1.0,1.0,0.0,0.0,0.0,447.57
60,733,40,c9e32293adba,B2_Cyclic_M5,1.0,1.0,0.0,0.0,0.0,745.95
61,1004,40,1450c11e730f,B0_Native,1.0,0.967,0.0,0.0,0.0,129.89
61,1004,40,1450c11e730f,B0_Random,0.0,0.2489,0.8444,0.0945,0.7711,129.89
61,1004,40,1450c11e730f,B1_Alpha,0.0,0.9643,1.0,0.0936,0.8,129.89
61,1004,40,1450c11e730f,B1_ReverseAlpha,1.0,0.3472,1.0,0.0936,0.8,129.89
61,1004,40,1450c11e730f,Rand_Marg_M2,1.0,0.613,1.0,0.2141,1.0,259.79
61,1004,40,1450c11e730f,Rand_Marg_M3,1.0,0.4107,1.0,0.1474,0.8,389.68
61,1004,40,1450c11e730f,Rand_Marg_M5,1.0,0.27,1.0,0.1449,0.5,649.47
61,1004,40,1450c11e730f,B2_Cyclic_M2,1.0,0.4945,0.0,0.1308,0.0,259.79
61,1004,40,1450c11e730f,B2_Cyclic_M3,1.0,0.6217,1.0,0.0615,0.0,389.68
61,1004,40,1450c11e730f,B2_Cyclic_M5,1.0,0.422,0.0,0.0808,0.0,649.47
62,1342,40,ef6256aac51c,B0_Native,0.0,1.0,0.0,0.0,0.0,143.19
62,1342,40,ef6256aac51c,B0_Random,1.0,1.0,0.3778,0.0026,0.5533,143.19
62,1342,40,ef6256aac51c,B1_Alpha,0.0,0.9997,1.0,0.0013,0.5,143.19
62,1342,40,ef6256aac51c,B1_ReverseAlpha,1.0,1.0,1.0,0.0013,0.5,143.19
62,1342,40,ef6256aac51c,Rand_Marg_M2,1.0,0.9999,0.0,0.0038,0.5,286.38
62,1342,40,ef6256aac51c,Rand_Marg_M3,1.0,0.9999,0.0,0.0026,0.5,429.57
62,1342,40,ef6256aac51c,Rand_Marg_M5,1.0,0.6703,0.0,0.0141,0.0,715.95
62,1342,40,ef6256aac51c,B2_Cyclic_M2,0.0,0.5817,1.0,0.0013,0.0,286.38
62,1342,40,ef6256aac51c,B2_Cyclic_M3,1.0,0.55,1.0,0.0013,0.0,429.57
62,1342,40,ef6256aac51c,B2_Cyclic_M5,1.0,0.5862,0.0,0.0,0.0,715.95
63,1973,40,5aa5fc41be3a,B0_Native,1.0,0.9784,0.0,0.0,0.0,149.87
63,1973,40,5aa5fc41be3a,B0_Random,1.0,1.0,0.0,0.0,0.2333,149.87
63,1973,40,5aa5fc41be3a,B1_Alpha,1.0,1.0,0.0,0.0,0.0,149.87
63,1973,40,5aa5fc41be3a,B1_ReverseAlpha,1.0,1.0,0.0,0.0,0.0,149.87
63,1973,40,5aa5fc41be3a,Rand_Marg_M2,1.0,1.0,0.0,0.0,0.5,299.73
63,1973,40,5aa5fc41be3a,Rand_Marg_M3,1.0,0.9997,0.0,0.0,0.0,449.6
63,1973,40,5aa5fc41be3a,Rand_Marg_M5,1.0,0.9996,0.0,0.0,0.0,749.34
63,1973,40,5aa5fc41be3a,B2_Cyclic_M2,1.0,0.9892,0.0,0.0,0.8,299.73
63,1973,40,5aa5fc41be3a,B2_Cyclic_M3,1.0,0.9928,0.0,0.0,0.8,449.6
63,1973,40,5aa5fc41be3a,B2_Cyclic_M5,1.0,0.9957,0.0,0.0,0.8,749.34
64,2225,40,8f3b35fdc4da,B0_Native,1.0,1.0,0.0,0.0,0.0,144.46
64,2225,40,8f3b35fdc4da,B0_Random,1.0,1.0,0.0,0.0,0.0,144.46
64,2225,40,8f3b35fdc4da,B1_Alpha,1.0,1.0,0.0,0.0,0.0,144.46
64,2225,40,8f3b35fdc4da,B1_ReverseAlpha,1.0,1.0,0.0,0.0,0.0,144.46
64,2225,40,8f3b35fdc4da,Rand_Marg_M2,1.0,1.0,0.0,0.0,0.0,288.92
64,2225,40,8f3b35fdc4da,Rand_Marg_M3,1.0,1.0,0.0,0.0,0.0,433.38
64,2225,40,8f3b35fdc4da,Rand_Marg_M5,1.0,1.0,0.0,0.0,0.0,722.3
64,2225,40,8f3b35fdc4da,B2_Cyclic_M2,1.0,1.0,0.0,0.0,0.0,288.92
64,2225,40,8f3b35fdc4da,B2_Cyclic_M3,1.0,1.0,0.0,0.0,0.0,433.38
64,2225,40,8f3b35fdc4da,B2_Cyclic_M5,1.0,1.0,0.0,0.0,0.0,722.3
65,2339,40,dd7576df0a18,B0_Native,1.0,0.9744,0.0,0.0,0.0,154.75
65,2339,40,dd7576df0a18,B0_Random,1.0,0.9575,0.2,0.1166,0.7067,154.75
65,2339,40,dd7576df0a18,B1_Alpha,1.0,0.9539,0.0,0.2064,0.5,154.75
65,2339,40,dd7576df0a18,B1_ReverseAlpha,1.0,0.5238,0.0,0.2064,0.5,154.75
65,2339,40,dd7576df0a18,Rand_Marg_M2,1.0,0.6249,0.0,0.1679,0.5,309.51
65,2339,40,dd7576df0a18,Rand_Marg_M3,1.0,0.7477,0.0,0.1474,0.5,464.26
65,2339,40,dd7576df0a18,Rand_Marg_M5,1.0,0.6832,0.0,0.1244,0.8,773.76
65,2339,40,dd7576df0a18,B2_Cyclic_M2,1.0,0.9197,0.0,0.1397,0.5,309.51
65,2339,40,dd7576df0a18,B2_Cyclic_M3,1.0,0.9733,0.0,0.15,0.5,464.26
65,2339,40,dd7576df0a18,B2_Cyclic_M5,1.0,0.9532,0.0,0.0744,0.8,773.76
66,849,40,f172fbbceef5,B0_Native,0.0,0.9977,0.0,0.0,0.0,145.5
66,849,40,f172fbbceef5,B0_Random,0.0,0.9987,0.2,0.004,0.5244,145.5
66,849,40,f172fbbceef5,B1_Alpha,0.0,0.9324,0.0,0.0077,0.5,145.5
66,849,40,f172fbbceef5,B1_ReverseAlpha,0.0,0.8835,0.0,0.0077,0.5,145.5
66,849,40,f172fbbceef5,Rand_Marg_M2,0.0,0.9994,0.0,0.0038,0.5,291.01
66,849,40,f172fbbceef5,Rand_Marg_M3,0.0,0.9968,0.0,0.0218,0.5,436.51
66,849,40,f172fbbceef5,Rand_Marg_M5,0.0,0.892,0.0,0.0449,0.5,727.52
66,849,40,f172fbbceef5,B2_Cyclic_M2,0.0,0.9957,0.0,0.0077,0.0,291.01
66,849,40,f172fbbceef5,B2_Cyclic_M3,0.0,0.9191,0.0,0.0115,0.0,436.51
66,849,40,f172fbbceef5,B2_Cyclic_M5,0.0,0.9568,0.0,0.0103,0.5,727.52
67,2059,40,1481eb9feb41,B0_Native,1.0,0.999,0.0,0.0,0.0,136.61
67,2059,40,1481eb9feb41,B0_Random,0.0,0.5644,0.2,0.0003,0.1,136.61
67,2059,40,1481eb9feb41,B1_Alpha,1.0,1.0,0.0,0.0,0.8,136.61
67,2059,40,1481eb9feb41,B1_ReverseAlpha,1.0,0.8259,0.0,0.0,0.8,136.61
67,2059,40,1481eb9feb41,Rand_Marg_M2,1.0,0.7033,0.0,0.0,0.5,273.23
67,2059,40,1481eb9feb41,Rand_Marg_M3,1.0,0.8022,0.0,0.0,0.5,409.84
67,2059,40,1481eb9feb41,Rand_Marg_M5,1.0,0.8813,0.0,0.0,0.5,683.07
67,2059,40,1481eb9feb41,B2_Cyclic_M2,1.0,0.9995,0.0,0.0,0.8,273.23
67,2059,40,1481eb9feb41,B2_Cyclic_M3,1.0,0.9992,0.0,0.0026,0.5,409.84
67,2059,40,1481eb9feb41,B2_Cyclic_M5,1.0,0.9995,0.0,0.0013,0.5,683.07
68,1220,40,87d45498b0ad,B0_Native,1.0,1.0,0.0,0.0,0.0,144.36
68,1220,40,87d45498b0ad,B0_Random,1.0,1.0,0.0,0.0,0.0,144.36
68,1220,40,87d45498b0ad,B1_Alpha,1.0,1.0,0.0,0.0,0.8,144.36
68,1220,40,87d45498b0ad,B1_ReverseAlpha,1.0,0.9972,0.0,0.0,0.8,144.36
68,1220,40,87d45498b0ad,Rand_Marg_M2,1.0,1.0,0.0,0.0,0.0,288.72
68,1220,40,87d45498b0ad,Rand_Marg_M3,1.0,1.0,0.0,0.0,0.0,433.08
68,1220,40,87d45498b0ad,Rand_Marg_M5,1.0,1.0,0.0,0.0,0.0,721.79
68,1220,40,87d45498b0ad,B2_Cyclic_M2,1.0,1.0,0.0,0.0,0.0,288.72
68,1220,40,87d45498b0ad,B2_Cyclic_M3,1.0,1.0,0.0,0.0,0.0,433.08
68,1220,40,87d45498b0ad,B2_Cyclic_M5,1.0,1.0,0.0,0.0,0.0,721.79
69,3009,40,23bc063f8d43,B0_Native,1.0,1.0,0.0,0.0,0.0,138.85
69,3009,40,23bc063f8d43,B0_Random,1.0,1.0,0.0,0.0,0.0,138.85
69,3009,40,23bc063f8d43,B1_Alpha,1.0,1.0,0.0,0.0,0.0,138.85
69,3009,40,23bc063f8d43,B1_ReverseAlpha,1.0,1.0,0.0,0.0,0.0,138.85
69,3009,40,23bc063f8d43,Rand_Marg_M2,1.0,1.0,0.0,0.0,0.0,277.69
69,3009,40,23bc063f8d43,Rand_Marg_M3,1.0,1.0,0.0,0.0,0.0,416.54
69,3009,40,23bc063f8d43,Rand_Marg_M5,1.0,1.0,0.0,0.0,0.0,694.23
69,3009,40,23bc063f8d43,B2_Cyclic_M2,1.0,1.0,0.0,0.0,0.0,277.69
69,3009,40,23bc063f8d43,B2_Cyclic_M3,1.0,1.0,0.0,0.0,0.0,416.54
69,3009,40,23bc063f8d43,B2_Cyclic_M5,1.0,1.0,0.0,0.0,0.0,694.23
70,2013,40,e2eec9886098,B0_Native,1.0,0.9554,0.0,0.0,0.0,130.17
70,2013,40,e2eec9886098,B0_Random,1.0,1.0,0.0,0.0375,0.6644,130.17
70,2013,40,e2eec9886098,B1_Alpha,1.0,1.0,0.0,0.0,0.8,130.17
70,2013,40,e2eec9886098,B1_ReverseAlpha,1.0,0.9968,0.0,0.0,0.8,130.17
70,2013,40,e2eec9886098,Rand_Marg_M2,1.0,0.9745,0.0,0.1205,0.5,260.35
70,2013,40,e2eec9886098,Rand_Marg_M3,1.0,0.9745,0.0,0.1846,0.5,390.52
70,2013,40,e2eec9886098,Rand_Marg_M5,1.0,0.9386,0.0,0.2154,0.0,650.87
70,2013,40,e2eec9886098,B2_Cyclic_M2,1.0,0.5326,0.0,0.1179,0.5,260.35
70,2013,40,e2eec9886098,B2_Cyclic_M3,1.0,0.9424,0.0,0.1321,0.5,390.52
70,2013,40,e2eec9886098,B2_Cyclic_M5,1.0,0.9207,0.0,0.0538,0.5,650.87
71,2360,40,52149ce84341,B0_Native,0.0,0.9985,0.0,0.0,0.0,123.07
71,2360,40,52149ce84341,B0_Random,0.0,0.8051,0.6,0.2149,0.5244,123.07
71,2360,40,52149ce84341,B1_Alpha,0.0,0.5114,1.0,0.1462,0.5,123.07
71,2360,40,52149ce84341,B1_ReverseAlpha,0.0,0.9841,1.0,0.1462,0.5,123.07
71,2360,40,52149ce84341,Rand_Marg_M2,0.0,0.4628,0.0,0.2474,0.5,246.14
71,2360,40,52149ce84341,Rand_Marg_M3,0.0,0.3318,0.0,0.1359,0.5,369.21
71,2360,40,52149ce84341,Rand_Marg_M5,0.0,0.4069,0.0,0.2192,0.5,615.35
71,2360,40,52149ce84341,B2_Cyclic_M2,0.0,0.999,0.0,0.0231,0.5,246.14
71,2360,40,52149ce84341,B2_Cyclic_M3,0.0,0.9386,0.0,0.0641,0.5,369.21
71,2360,40,52149ce84341,B2_Cyclic_M5,0.0,0.7887,0.0,0.0321,0.0,615.35
72,2554,40,7be6337f257f,B0_Native,1.0,0.9986,0.0,0.0,0.0,121.71
72,2554,40,7be6337f257f,B0_Random,1.0,1.0,0.0,0.0003,0.3022,121.71
72,2554,40,7be6337f257f,B1_Alpha,1.0,1.0,0.0,0.0,0.0,121.71
72,2554,40,7be6337f257f,B1_ReverseAlpha,1.0,1.0,0.0,0.0,0.0,121.71
72,2554,40,7be6337f257f,Rand_Marg_M2,1.0,1.0,0.0,0.0,0.8,243.42
72,2554,40,7be6337f257f,Rand_Marg_M3,1.0,1.0,0.0,0.0,0.8,365.14
72,2554,40,7be6337f257f,Rand_Marg_M5,1.0,0.9999,0.0,0.0115,0.8,608.56
72,2554,40,7be6337f257f,B2_Cyclic_M2,1.0,0.9993,0.0,0.0,0.8,243.42
72,2554,40,7be6337f257f,B2_Cyclic_M3,1.0,0.9995,0.0,0.0,0.8,365.14
72,2554,40,7be6337f257f,B2_Cyclic_M5,1.0,0.9997,0.0,0.0,0.8,608.56
73,1288,40,5caf8bdff2f6,B0_Native,1.0,0.9997,0.0,0.0,0.0,127.86
73,1288,40,5caf8bdff2f6,B0_Random,0.0,0.7668,0.3556,0.0096,0.5267,127.86
73,1288,40,5caf8bdff2f6,B1_Alpha,1.0,1.0,0.0,0.0,0.0,127.86
73,1288,40,5caf8bdff2f6,B1_ReverseAlpha,1.0,0.9999,0.0,0.0,0.0,127.86
73,1288,40,5caf8bdff2f6,Rand_Marg_M2,1.0,0.5912,0.0,0.0295,0.0,255.71
73,1288,40,5caf8bdff2f6,Rand_Marg_M3,1.0,0.7232,0.0,0.0,0.5,383.57
73,1288,40,5caf8bdff2f6,Rand_Marg_M5,1.0,0.8336,0.0,0.1359,0.0,639.28
73,1288,40,5caf8bdff2f6,B2_Cyclic_M2,1.0,0.9992,0.0,0.0064,0.5,255.71
73,1288,40,5caf8bdff2f6,B2_Cyclic_M3,1.0,0.9999,0.0,0.0,0.8,383.57
73,1288,40,5caf8bdff2f6,B2_Cyclic_M5,1.0,0.9989,0.0,0.0038,0.5,639.28
74,1192,40,aeaad9d3819d,B0_Native,0.0,0.7234,0.0,0.0,0.0,140.93
74,1192,40,aeaad9d3819d,B0_Random,1.0,0.9259,0.2,0.0528,0.42,140.93
74,1192,40,aeaad9d3819d,B1_Alpha,0.0,0.9967,1.0,0.0321,0.5,140.93
74,1192,40,aeaad9d3819d,B1_ReverseAlpha,1.0,0.783,1.0,0.0321,0.5,140.93
74,1192,40,aeaad9d3819d,Rand_Marg_M2,1.0,0.9618,0.0,0.1192,0.0,281.86
74,1192,40,aeaad9d3819d,Rand_Marg_M3,1.0,0.8078,0.0,0.1205,0.0,422.79
74,1192,40,aeaad9d3819d,Rand_Marg_M5,1.0,0.8047,0.0,0.0974,0.5,704.66
74,1192,40,aeaad9d3819d,B2_Cyclic_M2,1.0,0.4545,0.0,0.0513,0.0,281.86
74,1192,40,aeaad9d3819d,B2_Cyclic_M3,1.0,0.6276,0.0,0.059,0.0,422.79
74,1192,40,aeaad9d3819d,B2_Cyclic_M5,1.0,0.6861,0.0,0.0564,0.0,704.66
75,774,40,2235a9ad21ab,B0_Native,0.0,0.1976,0.0,0.0,0.0,120.94
75,774,40,2235a9ad21ab,B0_Random,0.0,1.0,0.0,0.0,0.1,120.94
75,774,40,2235a9ad21ab,B1_Alpha,0.0,1.0,0.0,0.0,0.0,120.94
75,774,40,2235a9ad21ab,B1_ReverseAlpha,0.0,1.0,0.0,0.0,0.0,120.94
75,774,40,2235a9ad21ab,Rand_Marg_M2,0.0,1.0,0.0,0.0,0.0,241.88
75,774,40,2235a9ad21ab,Rand_Marg_M3,0.0,1.0,0.0,0.0,0.0,362.82
75,774,40,2235a9ad21ab,Rand_Marg_M5,0.0,1.0,0.0,0.0,0.5,604.7
75,774,40,2235a9ad21ab,B2_Cyclic_M2,0.0,0.1869,1.0,0.091,0.8,241.88
75,774,40,2235a9ad21ab,B2_Cyclic_M3,0.0,0.3778,1.0,0.0872,0.5,362.82
75,774,40,2235a9ad21ab,B2_Cyclic_M5,0.0,0.4158,0.0,0.0462,0.5,604.7
76,2566,40,ba365a1c9757,B0_Native,0.0,1.0,0.0,0.0,0.0,123.13
76,2566,40,ba365a1c9757,B0_Random,0.0,0.9976,0.2,0.0006,0.1778,123.13
76,2566,40,ba365a1c9757,B1_Alpha,1.0,1.0,1.0,0.0013,0.5,123.13
76,2566,40,ba365a1c9757,B1_ReverseAlpha,0.0,0.9995,1.0,0.0013,0.5,123.13
76,2566,40,ba365a1c9757,Rand_Marg_M2,0.0,0.9988,0.0,0.0,0.0,246.27
76,2566,40,ba365a1c9757,Rand_Marg_M3,0.0,0.9992,0.0,0.0,0.0,369.4
76,2566,40,ba365a1c9757,Rand_Marg_M5,0.0,0.9995,0.0,0.0,0.5,615.67
76,2566,40,ba365a1c9757,B2_Cyclic_M2,0.0,0.9866,1.0,0.0167,0.5,246.27
76,2566,40,ba365a1c9757,B2_Cyclic_M3,0.0,0.6656,0.0,0.009,0.0,369.4
76,2566,40,ba365a1c9757,B2_Cyclic_M5,0.0,0.6341,0.0,0.0,0.5,615.67
77,2639,40,b081dc551c80,B0_Native,0.0,1.0,0.0,0.0,0.0,313.33
77,2639,40,b081dc551c80,B0_Random,0.0,1.0,0.4667,0.0008,0.4667,313.33
77,2639,40,b081dc551c80,B1_Alpha,1.0,0.7587,0.0,0.0026,0.5,313.33
77,2639,40,b081dc551c80,B1_ReverseAlpha,1.0,0.9993,0.0,0.0026,0.5,313.33
77,2639,40,b081dc551c80,Rand_Marg_M2,0.0,0.5019,1.0,0.0064,0.5,626.67
77,2639,40,b081dc551c80,Rand_Marg_M3,0.0,0.6518,1.0,0.0013,0.8,940.0
77,2639,40,b081dc551c80,Rand_Marg_M5,1.0,0.6087,0.0,0.0013,0.5,1566.66
77,2639,40,b081dc551c80,B2_Cyclic_M2,0.0,0.5023,1.0,0.0064,0.5,626.67
77,2639,40,b081dc551c80,B2_Cyclic_M3,1.0,0.663,1.0,0.0038,0.5,940.0
77,2639,40,b081dc551c80,B2_Cyclic_M5,1.0,0.5857,0.0,0.0026,0.5,1566.66
78,1845,40,5a1e021bd37a,B0_Native,0.0,0.9947,0.0,0.0,0.0,180.93
78,1845,40,5a1e021bd37a,B0_Random,1.0,0.9698,0.3556,0.0143,0.5289,180.93
78,1845,40,5a1e021bd37a,B1_Alpha,1.0,0.9967,0.0,0.0026,0.8,180.93
78,1845,40,5a1e021bd37a,B1_ReverseAlpha,1.0,0.9945,0.0,0.0026,0.8,180.93
78,1845,40,5a1e021bd37a,Rand_Marg_M2,1.0,0.7675,1.0,0.0321,0.5,361.86
78,1845,40,5a1e021bd37a,Rand_Marg_M3,1.0,0.7832,0.0,0.0359,0.0,542.78
78,1845,40,5a1e021bd37a,Rand_Marg_M5,1.0,0.6797,0.0,0.0231,0.0,904.64
78,1845,40,5a1e021bd37a,B2_Cyclic_M2,0.0,0.7879,1.0,0.0,0.5,361.86
78,1845,40,5a1e021bd37a,B2_Cyclic_M3,0.0,0.6649,1.0,0.0013,0.5,542.78
78,1845,40,5a1e021bd37a,B2_Cyclic_M5,0.0,0.5989,0.0,0.0,0.5,904.64
79,169,40,f10e5c5534d1,B0_Native,0.0,0.2699,0.0,0.0,0.0,189.74
79,169,40,f10e5c5534d1,B0_Random,0.0,0.6408,0.6889,0.2494,0.5689,189.74
79,169,40,f10e5c5534d1,B1_Alpha,0.0,0.8467,0.0,0.2128,0.5,189.74
79,169,40,f10e5c5534d1,B1_ReverseAlpha,0.0,0.4873,0.0,0.2128,0.5,189.74
79,169,40,f10e5c5534d1,Rand_Marg_M2,0.0,0.7792,1.0,0.2115,0.8,379.48
79,169,40,f10e5c5534d1,Rand_Marg_M3,0.0,0.7377,1.0,0.2077,0.5,569.21
79,169,40,f10e5c5534d1,Rand_Marg_M5,0.0,0.5416,1.0,0.1359,0.0,948.69
79,169,40,f10e5c5534d1,B2_Cyclic_M2,0.0,0.3437,0.0,0.0885,0.0,379.48
79,169,40,f10e5c5534d1,B2_Cyclic_M3,0.0,0.2161,0.0,0.0718,0.5,569.21
79,169,40,f10e5c5534d1,B2_Cyclic_M5,0.0,0.4025,0.0,0.0423,0.5,948.69
80,2367,40,5a5631645009,B0_Native,1.0,1.0,0.0,0.0,0.0,194.01
80,2367,40,5a5631645009,B0_Random,1.0,0.8512,0.2,0.0288,0.5133,194.01
80,2367,40,5a5631645009,B1_Alpha,1.0,1.0,0.0,0.0,0.8,194.01
80,2367,40,5a5631645009,B1_ReverseAlpha,1.0,0.958,0.0,0.0,0.8,194.01
80,2367,40,5a5631645009,Rand_Marg_M2,1.0,0.8154,0.0,0.0,0.8,388.02
80,2367,40,5a5631645009,Rand_Marg_M3,1.0,0.8769,0.0,0.1936,0.5,582.03
80,2367,40,5a5631645009,Rand_Marg_M5,1.0,0.9262,0.0,0.1679,0.5,970.05
80,2367,40,5a5631645009,B2_Cyclic_M2,1.0,1.0,0.0,0.0,0.0,388.02
80,2367,40,5a5631645009,B2_Cyclic_M3,1.0,1.0,0.0,0.0,0.0,582.03
80,2367,40,5a5631645009,B2_Cyclic_M5,1.0,1.0,0.0,0.0,0.0,970.05
81,1505,40,596136740c3e,B0_Native,1.0,1.0,0.0,0.0,0.0,173.97
81,1505,40,596136740c3e,B0_Random,1.0,1.0,0.0,0.0,0.16,173.97
81,1505,40,596136740c3e,B1_Alpha,1.0,1.0,0.0,0.0,0.0,173.97
81,1505,40,596136740c3e,B1_ReverseAlpha,1.0,1.0,0.0,0.0,0.0,173.97
81,1505,40,596136740c3e,Rand_Marg_M2,1.0,1.0,0.0,0.0,0.0,347.94
81,1505,40,596136740c3e,Rand_Marg_M3,1.0,1.0,0.0,0.0,0.0,521.91
81,1505,40,596136740c3e,Rand_Marg_M5,1.0,1.0,0.0,0.0,0.8,869.86
81,1505,40,596136740c3e,B2_Cyclic_M2,1.0,1.0,0.0,0.0,0.0,347.94
81,1505,40,596136740c3e,B2_Cyclic_M3,1.0,1.0,0.0,0.0,0.0,521.91
81,1505,40,596136740c3e,B2_Cyclic_M5,1.0,1.0,0.0,0.0,0.0,869.86
82,478,40,c149c5464277,B0_Native,1.0,1.0,0.0,0.0,0.0,163.53
82,478,40,c149c5464277,B0_Random,1.0,1.0,0.0,0.0,0.0,163.53
82,478,40,c149c5464277,B1_Alpha,1.0,1.0,0.0,0.0,0.0,163.53
82,478,40,c149c5464277,B1_ReverseAlpha,1.0,1.0,0.0,0.0,0.0,163.53
82,478,40,c149c5464277,Rand_Marg_M2,1.0,1.0,0.0,0.0,0.0,327.07
82,478,40,c149c5464277,Rand_Marg_M3,1.0,1.0,0.0,0.0,0.0,490.6
82,478,40,c149c5464277,Rand_Marg_M5,1.0,1.0,0.0,0.0,0.0,817.67
82,478,40,c149c5464277,B2_Cyclic_M2,1.0,1.0,0.0,0.0,0.0,327.07
82,478,40,c149c5464277,B2_Cyclic_M3,1.0,1.0,0.0,0.0,0.0,490.6
82,478,40,c149c5464277,B2_Cyclic_M5,1.0,1.0,0.0,0.0,0.0,817.67
83,2160,40,026f2b36e668,B0_Native,0.0,0.999,0.0,0.0,0.0,161.11
83,2160,40,026f2b36e668,B0_Random,0.0,0.9991,0.0,0.0039,0.5422,161.11
83,2160,40,026f2b36e668,B1_Alpha,0.0,1.0,0.0,0.0,0.0,161.11
83,2160,40,026f2b36e668,B1_ReverseAlpha,0.0,1.0,0.0,0.0,0.0,161.11
83,2160,40,026f2b36e668,Rand_Marg_M2,0.0,0.9994,0.0,0.0,0.5,322.22
83,2160,40,026f2b36e668,Rand_Marg_M3,0.0,0.9996,0.0,0.0628,0.5,483.33
83,2160,40,026f2b36e668,Rand_Marg_M5,0.0,0.9993,0.0,0.0808,0.5,805.56
83,2160,40,026f2b36e668,B2_Cyclic_M2,0.0,0.9994,0.0,0.0,0.8,322.22
83,2160,40,026f2b36e668,B2_Cyclic_M3,0.0,0.9997,0.0,0.0013,0.5,483.33
83,2160,40,026f2b36e668,B2_Cyclic_M5,0.0,0.9997,0.0,0.0013,0.0,805.56
84,1382,40,649443c91028,B0_Native,1.0,1.0,0.0,0.0,0.0,157.82
84,1382,40,649443c91028,B0_Random,1.0,0.9997,0.0,0.0001,0.3022,157.82
84,1382,40,649443c91028,B1_Alpha,1.0,1.0,0.0,0.0,0.0,157.82
84,1382,40,649443c91028,B1_ReverseAlpha,1.0,1.0,0.0,0.0,0.0,157.82
84,1382,40,649443c91028,Rand_Marg_M2,1.0,0.9999,0.0,0.0051,0.8,315.65
84,1382,40,649443c91028,Rand_Marg_M3,1.0,0.9999,0.0,0.0051,0.8,473.47
84,1382,40,649443c91028,Rand_Marg_M5,1.0,0.9964,0.0,0.0,0.8,789.12
84,1382,40,649443c91028,B2_Cyclic_M2,1.0,1.0,0.0,0.0,0.0,315.65
84,1382,40,649443c91028,B2_Cyclic_M3,1.0,1.0,0.0,0.0,0.0,473.47
84,1382,40,649443c91028,B2_Cyclic_M5,1.0,1.0,0.0,0.0,0.0,789.12
85,345,40,6f6d8add3236,B0_Native,1.0,0.6298,0.0,0.0,0.0,142.79
85,345,40,6f6d8add3236,B0_Random,1.0,0.3534,0.3778,0.2106,0.6667,142.79
85,345,40,6f6d8add3236,B1_Alpha,0.0,0.1785,1.0,0.1705,0.0,142.79
85,345,40,6f6d8add3236,B1_ReverseAlpha,1.0,0.666,1.0,0.1705,0.0,142.79
85,345,40,6f6d8add3236,Rand_Marg_M2,1.0,0.6682,0.0,0.2385,0.5,285.57
85,345,40,6f6d8add3236,Rand_Marg_M3,1.0,0.6344,0.0,0.2154,0.5,428.36
85,345,40,6f6d8add3236,Rand_Marg_M5,1.0,0.6069,0.0,0.241,0.8,713.93
85,345,40,6f6d8add3236,B2_Cyclic_M2,1.0,0.5085,0.0,0.0962,0.5,285.57
85,345,40,6f6d8add3236,B2_Cyclic_M3,1.0,0.6425,0.0,0.1051,0.5,428.36
85,345,40,6f6d8add3236,B2_Cyclic_M5,1.0,0.6912,0.0,0.0551,0.0,713.93
86,957,40,5db02262670d,B0_Native,0.0,0.8857,0.0,0.0,0.0,147.45
86,957,40,5db02262670d,B0_Random,0.0,0.8196,0.7111,0.0413,0.0,147.45
86,957,40,5db02262670d,B1_Alpha,1.0,1.0,0.0,0.0,0.0,147.45
86,957,40,5db02262670d,B1_ReverseAlpha,1.0,1.0,0.0,0.0,0.0,147.45
86,957,40,5db02262670d,Rand_Marg_M2,0.0,0.751,0.0,0.1,0.0,294.9
86,957,40,5db02262670d,Rand_Marg_M3,0.0,0.8133,1.0,0.1192,0.0,442.36
86,957,40,5db02262670d,Rand_Marg_M5,0.0,0.5111,1.0,0.1551,0.0,737.26
86,957,40,5db02262670d,B2_Cyclic_M2,0.0,0.9428,0.0,0.0538,0.0,294.9
86,957,40,5db02262670d,B2_Cyclic_M3,0.0,0.6544,0.0,0.0397,0.0,442.36
86,957,40,5db02262670d,B2_Cyclic_M5,0.0,0.602,0.0,0.0692,0.0,737.26
87,1786,40,3307dd5a54ae,B0_Native,1.0,0.9946,0.0,0.0,0.0,136.07
87,1786,40,3307dd5a54ae,B0_Random,1.0,1.0,0.0,0.0007,0.3022,136.07
87,1786,40,3307dd5a54ae,B1_Alpha,1.0,1.0,0.0,0.0,0.0,136.07
87,1786,40,3307dd5a54ae,B1_ReverseAlpha,1.0,1.0,0.0,0.0,0.0,136.07
87,1786,40,3307dd5a54ae,Rand_Marg_M2,1.0,0.9996,0.0,0.0,0.8,272.14
87,1786,40,3307dd5a54ae,Rand_Marg_M3,1.0,0.9997,0.0,0.0,0.8,408.21
87,1786,40,3307dd5a54ae,Rand_Marg_M5,1.0,0.9998,0.0,0.0308,0.8,680.34
87,1786,40,3307dd5a54ae,B2_Cyclic_M2,1.0,0.9972,0.0,0.0026,0.5,272.14
87,1786,40,3307dd5a54ae,B2_Cyclic_M3,1.0,0.9975,0.0,0.0103,0.0,408.21
87,1786,40,3307dd5a54ae,B2_Cyclic_M5,1.0,0.9977,0.0,0.0051,0.0,680.34
88,1191,40,9b770a731653,B0_Native,0.0,1.0,0.0,0.0,0.0,165.25
88,1191,40,9b770a731653,B0_Random,0.0,1.0,0.0,0.0,0.1,165.25
88,1191,40,9b770a731653,B1_Alpha,0.0,1.0,0.0,0.0,0.0,165.25
88,1191,40,9b770a731653,B1_ReverseAlpha,0.0,1.0,0.0,0.0,0.0,165.25
88,1191,40,9b770a731653,Rand_Marg_M2,0.0,1.0,0.0,0.0,0.0,330.49
88,1191,40,9b770a731653,Rand_Marg_M3,0.0,1.0,0.0,0.0,0.0,495.74
88,1191,40,9b770a731653,Rand_Marg_M5,0.0,1.0,0.0,0.0,0.5,826.23
88,1191,40,9b770a731653,B2_Cyclic_M2,0.0,1.0,0.0,0.0,0.0,330.49
88,1191,40,9b770a731653,B2_Cyclic_M3,0.0,1.0,0.0,0.0,0.0,495.74
88,1191,40,9b770a731653,B2_Cyclic_M5,0.0,1.0,0.0,0.0,0.0,826.23
89,696,40,b37e95a0787a,B0_Native,0.0,1.0,0.0,0.0,0.0,165.83
89,696,40,b37e95a0787a,B0_Random,0.0,1.0,0.0,0.0,0.1,165.83
89,696,40,b37e95a0787a,B1_Alpha,0.0,1.0,1.0,0.0013,0.5,165.83
89,696,40,b37e95a0787a,B1_ReverseAlpha,0.0,1.0,1.0,0.0013,0.5,165.83
89,696,40,b37e95a0787a,Rand_Marg_M2,0.0,1.0,0.0,0.0,0.0,331.67
89,696,40,b37e95a0787a,Rand_Marg_M3,0.0,1.0,0.0,0.0,0.0,497.5
89,696,40,b37e95a0787a,Rand_Marg_M5,0.0,1.0,0.0,0.0,0.5,829.17
89,696,40,b37e95a0787a,B2_Cyclic_M2,0.0,1.0,0.0,0.0,0.0,331.67
89,696,40,b37e95a0787a,B2_Cyclic_M3,0.0,1.0,0.0,0.0,0.0,497.5
89,696,40,b37e95a0787a,B2_Cyclic_M5,0.0,1.0,0.0,0.0,0.0,829.17
90,1753,40,4b1e4e9336a4,B0_Native,0.0,0.6175,0.0,0.0,0.0,137.22
90,1753,40,4b1e4e9336a4,B0_Random,1.0,0.2891,0.4667,0.1711,0.3889,137.22
90,1753,40,4b1e4e9336a4,B1_Alpha,1.0,0.3585,0.0,0.2359,0.5,137.22
90,1753,40,4b1e4e9336a4,B1_ReverseAlpha,1.0,0.2252,0.0,0.2359,0.5,137.22
90,1753,40,4b1e4e9336a4,Rand_Marg_M2,0.0,0.4429,0.0,0.1987,0.5,274.43
90,1753,40,4b1e4e9336a4,Rand_Marg_M3,0.0,0.4802,0.0,0.1577,0.5,411.65
90,1753,40,4b1e4e9336a4,Rand_Marg_M5,0.0,0.4577,0.0,0.1397,0.5,686.08
90,1753,40,4b1e4e9336a4,B2_Cyclic_M2,0.0,0.6654,1.0,0.0731,0.5,274.43
90,1753,40,4b1e4e9336a4,B2_Cyclic_M3,0.0,0.4673,1.0,0.0628,0.0,411.65
90,1753,40,4b1e4e9336a4,B2_Cyclic_M5,0.0,0.4631,0.0,0.0564,0.5,686.08
91,2436,40,fdfdaa85e29d,B0_Native,1.0,0.9999,0.0,0.0,0.0,145.32
91,2436,40,fdfdaa85e29d,B0_Random,1.0,0.9999,0.0,0.0039,0.4622,145.32
91,2436,40,fdfdaa85e29d,B1_Alpha,1.0,1.0,0.0,0.0,0.0,145.32
91,2436,40,fdfdaa85e29d,B1_ReverseAlpha,1.0,1.0,0.0,0.0,0.0,145.32
91,2436,40,fdfdaa85e29d,Rand_Marg_M2,1.0,0.9999,0.0,0.0,0.5,290.64
91,2436,40,fdfdaa85e29d,Rand_Marg_M3,1.0,0.9999,0.0,0.0013,0.5,435.97
91,2436,40,fdfdaa85e29d,Rand_Marg_M5,1.0,0.9885,0.0,0.1103,0.0,726.61
91,2436,40,fdfdaa85e29d,B2_Cyclic_M2,1.0,0.9999,0.0,0.0,0.5,290.64
91,2436,40,fdfdaa85e29d,B2_Cyclic_M3,1.0,1.0,0.0,0.0,0.5,435.97
91,2436,40,fdfdaa85e29d,B2_Cyclic_M5,1.0,0.9981,0.0,0.0718,0.5,726.61
92,726,40,8f23de02b3e2,B0_Native,1.0,1.0,0.0,0.0,0.0,137.15
92,726,40,8f23de02b3e2,B0_Random,1.0,1.0,0.2,0.0007,0.4311,137.15
92,726,40,8f23de02b3e2,B1_Alpha,0.0,1.0,1.0,0.0013,0.5,137.15
92,726,40,8f23de02b3e2,B1_ReverseAlpha,1.0,1.0,1.0,0.0013,0.5,137.15
92,726,40,8f23de02b3e2,Rand_Marg_M2,1.0,1.0,0.0,0.0,0.0,274.3
92,726,40,8f23de02b3e2,Rand_Marg_M3,1.0,1.0,0.0,0.0,0.8,411.45
92,726,40,8f23de02b3e2,Rand_Marg_M5,1.0,1.0,0.0,0.0,0.8,685.75
92,726,40,8f23de02b3e2,B2_Cyclic_M2,1.0,0.5,0.0,0.0,0.8,274.3
92,726,40,8f23de02b3e2,B2_Cyclic_M3,1.0,1.0,0.0,0.0,0.8,411.45
92,726,40,8f23de02b3e2,B2_Cyclic_M5,1.0,0.8,0.0,0.0,0.0,685.75
93,275,40,d98049b3ec15,B0_Native,1.0,0.7405,0.0,0.0,0.0,127.77
93,275,40,d98049b3ec15,B0_Random,1.0,0.6095,0.5556,0.2024,0.4867,127.77
93,275,40,d98049b3ec15,B1_Alpha,1.0,0.5729,0.0,0.1,0.8,127.77
93,275,40,d98049b3ec15,B1_ReverseAlpha,1.0,0.9969,0.0,0.1,0.8,127.77
93,275,40,d98049b3ec15,Rand_Marg_M2,1.0,0.5033,1.0,0.2538,0.5,255.53
93,275,40,d98049b3ec15,Rand_Marg_M3,0.0,0.5236,0.0,0.2205,0.0,383.3
93,275,40,d98049b3ec15,Rand_Marg_M5,0.0,0.5586,1.0,0.2679,0.5,638.84
93,275,40,d98049b3ec15,B2_Cyclic_M2,1.0,0.6826,1.0,0.0872,0.0,255.53
93,275,40,d98049b3ec15,B2_Cyclic_M3,0.0,0.6246,0.0,0.0692,0.0,383.3
93,275,40,d98049b3ec15,B2_Cyclic_M5,1.0,0.5087,1.0,0.0577,0.0,638.84
94,617,40,e6256e8b3078,B0_Native,0.0,0.2239,0.0,0.0,0.0,123.83
94,617,40,e6256e8b3078,B0_Random,0.0,0.3697,0.5111,0.0708,0.6089,123.83
94,617,40,e6256e8b3078,B1_Alpha,0.0,0.4226,1.0,0.0449,0.5,123.83
94,617,40,e6256e8b3078,B1_ReverseAlpha,0.0,0.9,1.0,0.0449,0.5,123.83
94,617,40,e6256e8b3078,Rand_Marg_M2,0.0,0.5556,0.0,0.1103,0.8,247.65
94,617,40,e6256e8b3078,Rand_Marg_M3,0.0,0.4557,0.0,0.1692,0.5,371.48
94,617,40,e6256e8b3078,Rand_Marg_M5,0.0,0.3959,0.0,0.1333,0.8,619.14
94,617,40,e6256e8b3078,B2_Cyclic_M2,0.0,0.2882,0.0,0.059,0.0,247.65
94,617,40,e6256e8b3078,B2_Cyclic_M3,0.0,0.5065,1.0,0.0641,0.8,371.48
94,617,40,e6256e8b3078,B2_Cyclic_M5,0.0,0.246,0.0,0.0487,0.5,619.14
95,1618,40,0f507ebab29c,B0_Native,1.0,0.9943,0.0,0.0,0.0,153.42
95,1618,40,0f507ebab29c,B0_Random,1.0,0.9999,0.0,0.0032,0.52,153.42
95,1618,40,0f507ebab29c,B1_Alpha,1.0,1.0,0.0,0.0,0.8,153.42
95,1618,40,0f507ebab29c,B1_ReverseAlpha,1.0,0.9972,0.0,0.0,0.8,153.42
95,1618,40,0f507ebab29c,Rand_Marg_M2,1.0,0.9999,0.0,0.0,0.8,306.85
95,1618,40,0f507ebab29c,Rand_Marg_M3,1.0,1.0,0.0,0.0,0.8,460.27
95,1618,40,0f507ebab29c,Rand_Marg_M5,1.0,0.9896,0.0,0.0667,0.8,767.12
95,1618,40,0f507ebab29c,B2_Cyclic_M2,1.0,0.9971,0.0,0.0397,0.5,306.85
95,1618,40,0f507ebab29c,B2_Cyclic_M3,1.0,0.9979,0.0,0.0218,0.0,460.27
95,1618,40,0f507ebab29c,B2_Cyclic_M5,1.0,0.998,0.0,0.0372,0.0,767.12
96,2723,40,d2d864200c34,B0_Native,1.0,0.9975,0.0,0.0,0.0,152.57
96,2723,40,d2d864200c34,B0_Random,0.0,0.9975,0.5333,0.0183,0.6933,152.57
96,2723,40,d2d864200c34,B1_Alpha,1.0,0.3287,0.0,0.009,0.8,152.57
96,2723,40,d2d864200c34,B1_ReverseAlpha,1.0,0.9365,0.0,0.009,0.8,152.57
96,2723,40,d2d864200c34,Rand_Marg_M2,0.0,0.5184,1.0,0.0987,0.5,305.13
96,2723,40,d2d864200c34,Rand_Marg_M3,1.0,0.6459,0.0,0.0756,0.5,457.7
96,2723,40,d2d864200c34,Rand_Marg_M5,1.0,0.6037,0.0,0.1064,0.5,762.84
96,2723,40,d2d864200c34,B2_Cyclic_M2,1.0,0.851,0.0,0.0128,0.5,305.13
96,2723,40,d2d864200c34,B2_Cyclic_M3,1.0,0.999,0.0,0.0064,0.5,457.7
96,2723,40,d2d864200c34,B2_Cyclic_M5,1.0,0.7296,0.0,0.0538,0.0,762.84
97,59,40,4092890c3c23,B0_Native,0.0,0.5379,0.0,0.0,0.0,148.42
97,59,40,4092890c3c23,B0_Random,0.0,0.9021,0.2,0.0293,0.5044,148.42
97,59,40,4092890c3c23,B1_Alpha,0.0,0.6674,1.0,0.041,0.0,148.42
97,59,40,4092890c3c23,B1_ReverseAlpha,0.0,0.8128,1.0,0.041,0.0,148.42
97,59,40,4092890c3c23,Rand_Marg_M2,0.0,0.8184,1.0,0.0859,0.5,296.83
97,59,40,4092890c3c23,Rand_Marg_M3,0.0,0.5573,0.0,0.0936,0.0,445.25
97,59,40,4092890c3c23,Rand_Marg_M5,0.0,0.724,0.0,0.1256,0.5,742.08
97,59,40,4092890c3c23,B2_Cyclic_M2,0.0,0.631,0.0,0.0474,0.0,296.83
97,59,40,4092890c3c23,B2_Cyclic_M3,0.0,0.5104,0.0,0.0462,0.0,445.25
97,59,40,4092890c3c23,B2_Cyclic_M5,0.0,0.5465,1.0,0.0462,0.0,742.08
98,1306,40,ee608dd5138b,B0_Native,1.0,1.0,0.0,0.0,0.0,152.43
98,1306,40,ee608dd5138b,B0_Random,1.0,1.0,0.0,0.0,0.0,152.43
98,1306,40,ee608dd5138b,B1_Alpha,1.0,1.0,0.0,0.0,0.0,152.43
98,1306,40,ee608dd5138b,B1_ReverseAlpha,1.0,1.0,0.0,0.0,0.0,152.43
98,1306,40,ee608dd5138b,Rand_Marg_M2,1.0,1.0,0.0,0.0,0.0,304.87
98,1306,40,ee608dd5138b,Rand_Marg_M3,1.0,1.0,0.0,0.0,0.0,457.3
98,1306,40,ee608dd5138b,Rand_Marg_M5,1.0,1.0,0.0,0.0,0.0,762.17
98,1306,40,ee608dd5138b,B2_Cyclic_M2,1.0,1.0,0.0,0.0,0.0,304.87
98,1306,40,ee608dd5138b,B2_Cyclic_M3,1.0,1.0,0.0,0.0,0.0,457.3
98,1306,40,ee608dd5138b,B2_Cyclic_M5,1.0,1.0,0.0,0.0,0.0,762.17
99,2766,40,1461b0a334cb,B0_Native,0.0,0.9635,0.0,0.0,0.0,162.73
99,2766,40,1461b0a334cb,B0_Random,1.0,0.6931,0.3556,0.1338,0.52,162.73
99,2766,40,1461b0a334cb,B1_Alpha,1.0,0.9628,1.0,0.1423,0.5,162.73
99,2766,40,1461b0a334cb,B1_ReverseAlpha,0.0,0.5329,1.0,0.1423,0.5,162.73
99,2766,40,1461b0a334cb,Rand_Marg_M2,1.0,0.8452,0.0,0.2128,0.5,325.47
99,2766,40,1461b0a334cb,Rand_Marg_M3,1.0,0.7912,0.0,0.1974,0.5,488.2
99,2766,40,1461b0a334cb,Rand_Marg_M5,1.0,0.6557,0.0,0.1667,0.0,813.67
99,2766,40,1461b0a334cb,B2_Cyclic_M2,0.0,0.8842,0.0,0.0987,0.0,325.47
99,2766,40,1461b0a334cb,B2_Cyclic_M3,0.0,0.5781,0.0,0.0628,0.5,488.2
99,2766,40,1461b0a334cb,B2_Cyclic_M5,0.0,0.528,0.0,0.0449,0.0,813.67
100,1826,40,6909c457cc71,B0_Native,1.0,1.0,0.0,0.0,0.0,144.79
100,1826,40,6909c457cc71,B0_Random,1.0,1.0,0.0,0.0,0.0,144.79
100,1826,40,6909c457cc71,B1_Alpha,1.0,1.0,0.0,0.0,0.0,144.79
100,1826,40,6909c457cc71,B1_ReverseAlpha,1.0,1.0,0.0,0.0,0.0,144.79
100,1826,40,6909c457cc71,Rand_Marg_M2,1.0,1.0,0.0,0.0,0.0,289.58
100,1826,40,6909c457cc71,Rand_Marg_M3,1.0,1.0,0.0,0.0,0.0,434.36
100,1826,40,6909c457cc71,Rand_Marg_M5,1.0,1.0,0.0,0.0,0.0,723.94
100,1826,40,6909c457cc71,B2_Cyclic_M2,1.0,1.0,0.0,0.0,0.0,289.58
100,1826,40,6909c457cc71,B2_Cyclic_M3,1.0,1.0,0.0,0.0,0.0,434.36
100,1826,40,6909c457cc71,B2_Cyclic_M5,1.0,1.0,0.0,0.0,0.0,723.94
101,1876,40,17ceef4ece21,B0_Native,1.0,1.0,0.0,0.0,0.0,137.04
101,1876,40,17ceef4ece21,B0_Random,1.0,1.0,0.0,0.0,0.0,137.04
101,1876,40,17ceef4ece21,B1_Alpha,1.0,1.0,0.0,0.0,0.0,137.04
101,1876,40,17ceef4ece21,B1_ReverseAlpha,1.0,1.0,0.0,0.0,0.0,137.04
101,1876,40,17ceef4ece21,Rand_Marg_M2,1.0,1.0,0.0,0.0,0.0,274.07
101,1876,40,17ceef4ece21,Rand_Marg_M3,1.0,1.0,0.0,0.0,0.0,411.11
101,1876,40,17ceef4ece21,Rand_Marg_M5,1.0,1.0,0.0,0.0,0.0,685.18
101,1876,40,17ceef4ece21,B2_Cyclic_M2,1.0,1.0,0.0,0.0,0.0,274.07
101,1876,40,17ceef4ece21,B2_Cyclic_M3,1.0,1.0,0.0,0.0,0.8,411.11
101,1876,40,17ceef4ece21,B2_Cyclic_M5,1.0,1.0,0.0,0.0,0.0,685.18
102,3013,40,9176d4637472,B0_Native,1.0,0.6402,0.0,0.0,0.0,156.44
102,3013,40,9176d4637472,B0_Random,1.0,0.9843,0.2,0.0003,0.1778,156.44
102,3013,40,9176d4637472,B1_Alpha,1.0,1.0,0.0,0.0,0.0,156.44
102,3013,40,9176d4637472,B1_ReverseAlpha,1.0,1.0,0.0,0.0,0.0,156.44
102,3013,40,9176d4637472,Rand_Marg_M2,1.0,0.9922,0.0,0.0,0.5,312.88
102,3013,40,9176d4637472,Rand_Marg_M3,1.0,0.9948,0.0,0.0,0.5,469.32
102,3013,40,9176d4637472,Rand_Marg_M5,1.0,0.9969,0.0,0.0,0.0,782.2
102,3013,40,9176d4637472,B2_Cyclic_M2,1.0,0.8201,0.0,0.0,0.8,312.88
102,3013,40,9176d4637472,B2_Cyclic_M3,1.0,0.8801,0.0,0.0,0.8,469.32
102,3013,40,9176d4637472,B2_Cyclic_M5,1.0,0.928,0.0,0.0192,0.0,782.2
103,2948,40,7db9a57dbc50,B0_Native,1.0,0.8059,0.0,0.0,0.0,139.03
103,2948,40,7db9a57dbc50,B0_Random,0.0,0.9994,0.7333,0.084,0.4844,139.03
103,2948,40,7db9a57dbc50,B1_Alpha,1.0,0.9751,0.0,0.0564,0.8,139.03
103,2948,40,7db9a57dbc50,B1_ReverseAlpha,1.0,0.9958,0.0,0.0564,0.8,139.03
103,2948,40,7db9a57dbc50,Rand_Marg_M2,1.0,0.4999,1.0,0.0051,0.5,278.05
103,2948,40,7db9a57dbc50,Rand_Marg_M3,0.0,0.5365,1.0,0.2449,0.5,417.08
103,2948,40,7db9a57dbc50,Rand_Marg_M5,0.0,0.3281,0.0,0.25,0.5,695.13
103,2948,40,7db9a57dbc50,B2_Cyclic_M2,1.0,0.8824,0.0,0.0256,0.0,278.05
103,2948,40,7db9a57dbc50,B2_Cyclic_M3,1.0,0.8678,0.0,0.0308,0.0,417.08
103,2948,40,7db9a57dbc50,B2_Cyclic_M5,1.0,0.9452,0.0,0.0462,0.0,695.13
104,1089,40,4ea588846410,B0_Native,0.0,0.7034,0.0,0.0,0.0,153.91
104,1089,40,4ea588846410,B0_Random,0.0,0.7661,0.4667,0.0926,0.3667,153.91
104,1089,40,4ea588846410,B1_Alpha,0.0,0.4199,0.0,0.0718,0.0,153.91
104,1089,40,4ea588846410,B1_ReverseAlpha,0.0,0.9569,0.0,0.0718,0.0,153.91
104,1089,40,4ea588846410,Rand_Marg_M2,0.0,0.6348,0.0,0.1872,0.5,307.82
104,1089,40,4ea588846410,Rand_Marg_M3,0.0,0.7106,0.0,0.1795,0.5,461.73
104,1089,40,4ea588846410,Rand_Marg_M5,0.0,0.7702,0.0,0.1167,0.5,769.55
104,1089,40,4ea588846410,B2_Cyclic_M2,0.0,0.8302,0.0,0.0526,0.5,307.82
104,1089,40,4ea588846410,B2_Cyclic_M3,0.0,0.7105,0.0,0.0474,0.5,461.73
104,1089,40,4ea588846410,B2_Cyclic_M5,0.0,0.7666,0.0,0.05,0.0,769.55
105,2229,40,02f626e6df50,B0_Native,0.0,0.7402,0.0,0.0,0.0,143.47
105,2229,40,02f626e6df50,B0_Random,0.0,0.9922,0.0,0.0388,0.5889,143.47
105,2229,40,02f626e6df50,B1_Alpha,0.0,0.8891,0.0,0.0372,0.0,143.47
105,2229,40,02f626e6df50,B1_ReverseAlpha,0.0,0.9959,0.0,0.0372,0.0,143.47
105,2229,40,02f626e6df50,Rand_Marg_M2,0.0,0.9838,0.0,0.1205,0.5,286.94
105,2229,40,02f626e6df50,Rand_Marg_M3,0.0,0.9826,0.0,0.1308,0.5,430.41
105,2229,40,02f626e6df50,Rand_Marg_M5,0.0,0.8931,0.0,0.091,0.5,717.36
105,2229,40,02f626e6df50,B2_Cyclic_M2,0.0,0.8248,0.0,0.1256,0.5,286.94
105,2229,40,02f626e6df50,B2_Cyclic_M3,0.0,0.8835,0.0,0.0833,0.0,430.41
105,2229,40,02f626e6df50,B2_Cyclic_M5,0.0,0.9221,0.0,0.0603,0.0,717.36
106,805,40,e947c275d3ee,B0_Native,1.0,0.9971,0.0,0.0,0.0,148.32
106,805,40,e947c275d3ee,B0_Random,1.0,0.8834,0.0,0.0056,0.4667,148.32
106,805,40,e947c275d3ee,B1_Alpha,1.0,0.9976,0.0,0.0038,0.0,148.32
106,805,40,e947c275d3ee,B1_ReverseAlpha,1.0,0.9962,0.0,0.0038,0.0,148.32
106,805,40,e947c275d3ee,Rand_Marg_M2,1.0,0.9395,0.0,0.0128,0.5,296.65
106,805,40,e947c275d3ee,Rand_Marg_M3,1.0,0.9596,0.0,0.0103,0.0,444.97
106,805,40,e947c275d3ee,Rand_Marg_M5,1.0,0.9688,0.0,0.0115,0.0,741.62
106,805,40,e947c275d3ee,B2_Cyclic_M2,1.0,0.997,0.0,0.0,0.5,296.65
106,805,40,e947c275d3ee,B2_Cyclic_M3,1.0,0.9965,0.0,0.0,0.0,444.97
106,805,40,e947c275d3ee,B2_Cyclic_M5,1.0,0.995,0.0,0.0038,0.0,741.62
107,2296,40,8aaca3e849d6,B0_Native,0.0,0.6164,0.0,0.0,0.0,136.6
107,2296,40,8aaca3e849d6,B0_Random,0.0,0.3791,0.5333,0.1874,0.4222,136.6
107,2296,40,8aaca3e849d6,B1_Alpha,0.0,0.2756,0.0,0.1949,0.0,136.6
107,2296,40,8aaca3e849d6,B1_ReverseAlpha,0.0,0.8569,0.0,0.1949,0.0,136.6
107,2296,40,8aaca3e849d6,Rand_Marg_M2,0.0,0.6544,1.0,0.1154,0.0,273.19
107,2296,40,8aaca3e849d6,Rand_Marg_M3,0.0,0.6031,1.0,0.1179,0.5,409.79
107,2296,40,8aaca3e849d6,Rand_Marg_M5,0.0,0.4527,1.0,0.1282,0.5,682.98
107,2296,40,8aaca3e849d6,B2_Cyclic_M2,0.0,0.4981,1.0,0.1013,0.5,273.19
107,2296,40,8aaca3e849d6,B2_Cyclic_M3,0.0,0.5654,0.0,0.05,0.0,409.79
107,2296,40,8aaca3e849d6,B2_Cyclic_M5,0.0,0.439,0.0,0.0628,0.5,682.98
108,2349,40,140b6b928f9b,B0_Native,0.0,0.2663,0.0,0.0,0.0,136.81
108,2349,40,140b6b928f9b,B0_Random,0.0,0.4424,0.6444,0.0904,0.6844,136.81
108,2349,40,140b6b928f9b,B1_Alpha,1.0,0.9839,0.0,0.1359,0.5,136.81
108,2349,40,140b6b928f9b,B1_ReverseAlpha,1.0,0.6953,0.0,0.1359,0.5,136.81
108,2349,40,140b6b928f9b,Rand_Marg_M2,0.0,0.47,1.0,0.2462,0.0,273.61
108,2349,40,140b6b928f9b,Rand_Marg_M3,1.0,0.4198,1.0,0.2128,0.0,410.42
108,2349,40,140b6b928f9b,Rand_Marg_M5,0.0,0.4416,1.0,0.1833,0.0,684.04
108,2349,40,140b6b928f9b,B2_Cyclic_M2,1.0,0.4855,0.0,0.1526,0.0,273.61
108,2349,40,140b6b928f9b,B2_Cyclic_M3,1.0,0.6011,0.0,0.1551,0.0,410.42
108,2349,40,140b6b928f9b,B2_Cyclic_M5,1.0,0.6362,0.0,0.0872,0.0,684.04
109,558,40,3a21d2ec42a9,B0_Native,0.0,0.8634,0.0,0.0,0.0,134.32
109,558,40,3a21d2ec42a9,B0_Random,0.0,0.9998,0.2,0.0003,0.2844,134.32
109,558,40,3a21d2ec42a9,B1_Alpha,1.0,1.0,1.0,0.0013,0.8,134.32
109,558,40,3a21d2ec42a9,B1_ReverseAlpha,0.0,0.9984,1.0,0.0013,0.8,134.32
109,558,40,3a21d2ec42a9,Rand_Marg_M2,1.0,0.5001,0.0,0.0,0.8,268.65
109,558,40,3a21d2ec42a9,Rand_Marg_M3,1.0,0.6667,0.0,0.0,0.8,402.97
109,558,40,3a21d2ec42a9,Rand_Marg_M5,1.0,0.8,0.0,0.0,0.0,671.62
109,558,40,3a21d2ec42a9,B2_Cyclic_M2,1.0,0.5683,1.0,0.0013,0.0,268.65
109,558,40,3a21d2ec42a9,B2_Cyclic_M3,1.0,0.7118,0.0,0.0,0.0,402.97
109,558,40,3a21d2ec42a9,B2_Cyclic_M5,1.0,0.6278,0.0,0.0,0.0,671.62
110,2608,40,cc8ce0ec21f5,B0_Native,1.0,0.809,0.0,0.0,0.0,179.25
110,2608,40,cc8ce0ec21f5,B0_Random,1.0,1.0,0.0,0.0074,0.5578,179.25
110,2608,40,cc8ce0ec21f5,B1_Alpha,1.0,1.0,0.0,0.0,0.0,179.25
110,2608,40,cc8ce0ec21f5,B1_ReverseAlpha,1.0,1.0,0.0,0.0,0.0,179.25
110,2608,40,cc8ce0ec21f5,Rand_Marg_M2,1.0,0.9999,0.0,0.0,0.5,358.51
110,2608,40,cc8ce0ec21f5,Rand_Marg_M3,1.0,0.9998,0.0,0.0,0.0,537.76
110,2608,40,cc8ce0ec21f5,Rand_Marg_M5,1.0,0.9992,0.0,0.0526,0.8,896.26
110,2608,40,cc8ce0ec21f5,B2_Cyclic_M2,1.0,0.9045,0.0,0.0103,0.5,358.51
110,2608,40,cc8ce0ec21f5,B2_Cyclic_M3,1.0,0.9363,0.0,0.0769,0.5,537.76
110,2608,40,cc8ce0ec21f5,B2_Cyclic_M5,1.0,0.941,0.0,0.0667,0.5,896.26
111,1965,40,520fc405bca4,B0_Native,1.0,0.9969,0.0,0.0,0.0,176.82
111,1965,40,520fc405bca4,B0_Random,1.0,1.0,0.0,0.0048,0.2956,176.82
111,1965,40,520fc405bca4,B1_Alpha,1.0,1.0,0.0,0.0,0.0,176.82
111,1965,40,520fc405bca4,B1_ReverseAlpha,1.0,1.0,0.0,0.0,0.0,176.82
111,1965,40,520fc405bca4,Rand_Marg_M2,1.0,1.0,0.0,0.0,0.8,353.64
111,1965,40,520fc405bca4,Rand_Marg_M3,1.0,0.7701,0.0,0.0,0.8,530.45
111,1965,40,520fc405bca4,Rand_Marg_M5,1.0,0.8621,0.0,0.2141,0.5,884.09
111,1965,40,520fc405bca4,B2_Cyclic_M2,1.0,0.9985,0.0,0.0,0.8,353.64
111,1965,40,520fc405bca4,B2_Cyclic_M3,1.0,0.999,0.0,0.0321,0.5,530.45
111,1965,40,520fc405bca4,B2_Cyclic_M5,1.0,0.9914,0.0,0.0756,0.5,884.09
112,2500,40,3890cef8a426,B0_Native,1.0,1.0,0.0,0.0,0.0,166.74
112,2500,40,3890cef8a426,B0_Random,1.0,1.0,0.0,0.0,0.0,166.74
112,2500,40,3890cef8a426,B1_Alpha,1.0,1.0,0.0,0.0,0.0,166.74
112,2500,40,3890cef8a426,B1_ReverseAlpha,1.0,1.0,0.0,0.0,0.0,166.74
112,2500,40,3890cef8a426,Rand_Marg_M2,1.0,1.0,0.0,0.0,0.0,333.47
112,2500,40,3890cef8a426,Rand_Marg_M3,1.0,1.0,0.0,0.0,0.0,500.21
112,2500,40,3890cef8a426,Rand_Marg_M5,1.0,1.0,0.0,0.0,0.0,833.68
112,2500,40,3890cef8a426,B2_Cyclic_M2,1.0,1.0,0.0,0.0,0.0,333.47
112,2500,40,3890cef8a426,B2_Cyclic_M3,1.0,1.0,0.0,0.0,0.0,500.21
112,2500,40,3890cef8a426,B2_Cyclic_M5,1.0,1.0,0.0,0.0,0.0,833.68
113,2086,40,ba346f1afeb3,B0_Native,0.0,0.9664,0.0,0.0,0.0,141.25
113,2086,40,ba346f1afeb3,B0_Random,0.0,1.0,0.0,0.0301,0.7067,141.25
113,2086,40,ba346f1afeb3,B1_Alpha,0.0,0.926,0.0,0.109,0.5,141.25
113,2086,40,ba346f1afeb3,B1_ReverseAlpha,0.0,0.997,0.0,0.109,0.5,141.25
113,2086,40,ba346f1afeb3,Rand_Marg_M2,0.0,0.9977,0.0,0.0577,0.5,282.5
113,2086,40,ba346f1afeb3,Rand_Marg_M3,0.0,0.9983,0.0,0.1064,0.5,423.75
113,2086,40,ba346f1afeb3,Rand_Marg_M5,0.0,0.9983,0.0,0.091,0.5,706.25
113,2086,40,ba346f1afeb3,B2_Cyclic_M2,0.0,0.8698,0.0,0.1051,0.5,282.5
113,2086,40,ba346f1afeb3,B2_Cyclic_M3,0.0,0.9065,0.0,0.0667,0.0,423.75
113,2086,40,ba346f1afeb3,B2_Cyclic_M5,0.0,0.8431,0.0,0.0615,0.5,706.25
114,594,40,9ac9c7384ede,B0_Native,1.0,1.0,0.0,0.0,0.0,135.04
114,594,40,9ac9c7384ede,B0_Random,1.0,1.0,0.0,0.0,0.16,135.04
114,594,40,9ac9c7384ede,B1_Alpha,1.0,0.9989,0.0,0.0,0.8,135.04
114,594,40,9ac9c7384ede,B1_ReverseAlpha,1.0,1.0,0.0,0.0,0.8,135.04
114,594,40,9ac9c7384ede,Rand_Marg_M2,1.0,0.9999,0.0,0.0,0.8,270.07
114,594,40,9ac9c7384ede,Rand_Marg_M3,1.0,0.9999,0.0,0.0,0.8,405.11
114,594,40,9ac9c7384ede,Rand_Marg_M5,1.0,0.9998,0.0,0.0,0.8,675.18
114,594,40,9ac9c7384ede,B2_Cyclic_M2,1.0,1.0,0.0,0.0,0.0,270.07
114,594,40,9ac9c7384ede,B2_Cyclic_M3,1.0,1.0,0.0,0.0,0.0,405.11
114,594,40,9ac9c7384ede,B2_Cyclic_M5,1.0,1.0,0.0,0.0,0.0,675.18
115,394,40,a91e43277b05,B0_Native,1.0,0.9981,0.0,0.0,0.0,125.49
115,394,40,a91e43277b05,B0_Random,1.0,1.0,0.0,0.0056,0.6178,125.49
115,394,40,a91e43277b05,B1_Alpha,1.0,0.9989,0.0,0.0,0.8,125.49
115,394,40,a91e43277b05,B1_ReverseAlpha,1.0,1.0,0.0,0.0,0.8,125.49
115,394,40,a91e43277b05,Rand_Marg_M2,1.0,0.9786,0.0,0.0615,0.8,250.98
115,394,40,a91e43277b05,Rand_Marg_M3,1.0,0.9855,0.0,0.0615,0.8,376.47
115,394,40,a91e43277b05,Rand_Marg_M5,1.0,0.9907,0.0,0.0821,0.5,627.45
115,394,40,a91e43277b05,B2_Cyclic_M2,1.0,0.999,0.0,0.0,0.8,250.98
115,394,40,a91e43277b05,B2_Cyclic_M3,1.0,0.9994,0.0,0.0,0.8,376.47
115,394,40,a91e43277b05,B2_Cyclic_M5,1.0,0.9996,0.0,0.0,0.0,627.45
116,759,40,a689aa08b752,B0_Native,0.0,1.0,0.0,0.0,0.0,179.07
116,759,40,a689aa08b752,B0_Random,0.0,1.0,0.2,0.0021,0.5489,179.07
116,759,40,a689aa08b752,B1_Alpha,0.0,0.9998,0.0,0.0,0.0,179.07
116,759,40,a689aa08b752,B1_ReverseAlpha,0.0,1.0,0.0,0.0,0.0,179.07
116,759,40,a689aa08b752,Rand_Marg_M2,0.0,1.0,0.0,0.0,0.5,358.15
116,759,40,a689aa08b752,Rand_Marg_M3,0.0,0.9995,0.0,0.0051,0.5,537.22
116,759,40,a689aa08b752,Rand_Marg_M5,0.0,0.9993,0.0,0.0128,0.8,895.37
116,759,40,a689aa08b752,B2_Cyclic_M2,0.0,1.0,0.0,0.0,0.0,358.15
116,759,40,a689aa08b752,B2_Cyclic_M3,0.0,1.0,0.0,0.0,0.0,537.22
116,759,40,a689aa08b752,B2_Cyclic_M5,0.0,1.0,0.0,0.0,0.5,895.37
117,119,40,5ccf4b15edb7,B0_Native,1.0,1.0,0.0,0.0,0.0,144.69
117,119,40,5ccf4b15edb7,B0_Random,1.0,1.0,0.0,0.0,0.0,144.69
117,119,40,5ccf4b15edb7,B1_Alpha,1.0,1.0,0.0,0.0,0.0,144.69
117,119,40,5ccf4b15edb7,B1_ReverseAlpha,1.0,1.0,0.0,0.0,0.0,144.69
117,119,40,5ccf4b15edb7,Rand_Marg_M2,1.0,1.0,0.0,0.0,0.0,289.38
117,119,40,5ccf4b15edb7,Rand_Marg_M3,1.0,1.0,0.0,0.0,0.0,434.07
117,119,40,5ccf4b15edb7,Rand_Marg_M5,1.0,1.0,0.0,0.0,0.0,723.46
117,119,40,5ccf4b15edb7,B2_Cyclic_M2,1.0,1.0,0.0,0.0,0.0,289.38
117,119,40,5ccf4b15edb7,B2_Cyclic_M3,1.0,1.0,0.0,0.0,0.0,434.07
117,119,40,5ccf4b15edb7,B2_Cyclic_M5,1.0,1.0,0.0,0.0,0.0,723.46
118,899,40,33c374790c5a,B0_Native,1.0,0.9972,0.0,0.0,0.0,126.37
118,899,40,33c374790c5a,B0_Random,0.0,0.9963,0.3556,0.0014,0.5111,126.37
118,899,40,33c374790c5a,B1_Alpha,1.0,0.9759,1.0,0.0013,0.5,126.37
118,899,40,33c374790c5a,B1_ReverseAlpha,0.0,0.9856,1.0,0.0013,0.5,126.37
118,899,40,33c374790c5a,Rand_Marg_M2,0.0,0.5947,1.0,0.0051,0.5,252.74
118,899,40,33c374790c5a,Rand_Marg_M3,1.0,0.6029,0.0,0.0026,0.5,379.11
118,899,40,33c374790c5a,Rand_Marg_M5,1.0,0.5621,0.0,0.0167,0.5,631.85
118,899,40,33c374790c5a,B2_Cyclic_M2,1.0,0.9941,0.0,0.0141,0.5,252.74
118,899,40,33c374790c5a,B2_Cyclic_M3,1.0,0.9935,0.0,0.0295,0.5,379.11
118,899,40,33c374790c5a,B2_Cyclic_M5,1.0,0.9343,0.0,0.0205,0.0,631.85
119,2708,40,4d0c28e9ed06,B0_Native,1.0,0.8301,0.0,0.0,0.0,157.05
119,2708,40,4d0c28e9ed06,B0_Random,1.0,0.7672,0.3556,0.136,0.4178,157.05
119,2708,40,4d0c28e9ed06,B1_Alpha,1.0,0.6854,0.0,0.0974,0.0,157.05
119,2708,40,4d0c28e9ed06,B1_ReverseAlpha,1.0,0.4916,0.0,0.0974,0.0,157.05
119,2708,40,4d0c28e9ed06,Rand_Marg_M2,1.0,0.5247,0.0,0.1436,0.0,314.1
119,2708,40,4d0c28e9ed06,Rand_Marg_M3,1.0,0.5208,0.0,0.0897,0.5,471.14
119,2708,40,4d0c28e9ed06,Rand_Marg_M5,1.0,0.4252,0.0,0.1038,0.0,785.24
119,2708,40,4d0c28e9ed06,B2_Cyclic_M2,1.0,0.8245,0.0,0.0718,0.0,314.1
119,2708,40,4d0c28e9ed06,B2_Cyclic_M3,1.0,0.6145,0.0,0.0692,0.0,471.14
119,2708,40,4d0c28e9ed06,B2_Cyclic_M5,1.0,0.6421,0.0,0.0397,0.0,785.24
0,2843,77,3c0dd6be83cb,B0_Native,1.0,1.0,0.0,0.0,0.0,210.79
0,2843,77,3c0dd6be83cb,B0_Random,1.0,1.0,0.0667,0.0024,0.237,210.79
0,2843,77,3c0dd6be83cb,B1_Alpha,1.0,0.9999,0.0,0.0,0.0,210.79
0,2843,77,3c0dd6be83cb,B1_ReverseAlpha,1.0,1.0,0.0,0.0,0.0,210.79
0,2843,77,3c0dd6be83cb,Rand_Marg_M2,1.0,1.0,0.0,0.0,0.0,421.58
0,2843,77,3c0dd6be83cb,Rand_Marg_M3,1.0,1.0,0.0,0.0,0.2667,632.37
0,2843,77,3c0dd6be83cb,Rand_Marg_M5,1.0,1.0,0.0,0.0,0.8,1053.94
0,2843,77,3c0dd6be83cb,B2_Cyclic_M2,1.0,1.0,0.0,0.0,0.0,421.58
0,2843,77,3c0dd6be83cb,B2_Cyclic_M3,1.0,1.0,0.0,0.0,0.0,632.37
0,2843,77,3c0dd6be83cb,B2_Cyclic_M5,1.0,1.0,0.0,0.0,0.0,1053.94
1,480,77,3c0dd6be83cb,B0_Native,1.0,0.9979,0.0,0.0,0.0,245.55
1,480,77,3c0dd6be83cb,B0_Random,1.0,0.9933,0.0,0.0096,0.5985,245.55
1,480,77,3c0dd6be83cb,B1_Alpha,1.0,0.9976,0.0,0.0,0.8,245.55
1,480,77,3c0dd6be83cb,B1_ReverseAlpha,1.0,1.0,0.0,0.0,0.8,245.55
1,480,77,3c0dd6be83cb,Rand_Marg_M2,1.0,0.9963,0.0,0.0129,0.7,491.1
1,480,77,3c0dd6be83cb,Rand_Marg_M3,1.0,0.9975,0.0,0.0616,0.6,736.66
1,480,77,3c0dd6be83cb,Rand_Marg_M5,1.0,0.9954,0.0,0.1208,0.7,1227.76
1,480,77,3c0dd6be83cb,B2_Cyclic_M2,1.0,0.9984,0.0,0.0022,0.6,491.1
1,480,77,3c0dd6be83cb,B2_Cyclic_M3,1.0,0.999,0.0,0.0114,0.6,736.66
1,480,77,3c0dd6be83cb,B2_Cyclic_M5,1.0,0.9989,0.0,0.0035,0.4333,1227.76
2,2973,77,3c0dd6be83cb,B0_Native,0.6666666666666666,0.7758,0.0,0.0,0.0,294.32
2,2973,77,3c0dd6be83cb,B0_Random,1.0,0.8579,0.3778,0.0823,0.58,294.32
2,2973,77,3c0dd6be83cb,B1_Alpha,1.0,0.9987,0.0,0.0072,0.3333,294.32
2,2973,77,3c0dd6be83cb,B1_ReverseAlpha,1.0,0.9923,0.0,0.0072,0.3333,294.32
2,2973,77,3c0dd6be83cb,Rand_Marg_M2,1.0,0.8923,0.3333,0.1037,0.5,588.65
2,2973,77,3c0dd6be83cb,Rand_Marg_M3,1.0,0.8211,0.3333,0.1725,0.6,882.97
2,2973,77,3c0dd6be83cb,Rand_Marg_M5,1.0,0.7083,0.0,0.181,0.6,1471.62
2,2973,77,3c0dd6be83cb,B2_Cyclic_M2,1.0,0.6691,0.3333,0.0802,0.5,588.65
2,2973,77,3c0dd6be83cb,B2_Cyclic_M3,1.0,0.662,0.0,0.0614,0.1667,882.97
2,2973,77,3c0dd6be83cb,B2_Cyclic_M5,1.0,0.7328,0.3333,0.0652,0.0,1471.62
3,1453,77,3c0dd6be83cb,B0_Native,0.6666666666666666,0.6979,0.0,0.0,0.0,347.97
3,1453,77,3c0dd6be83cb,B0_Random,1.0,0.9859,0.0,0.0173,0.6015,347.97
3,1453,77,3c0dd6be83cb,B1_Alpha,1.0,0.2298,0.0,0.0,0.8,347.97
3,1453,77,3c0dd6be83cb,B1_ReverseAlpha,1.0,1.0,0.0,0.0,0.8,347.97
3,1453,77,3c0dd6be83cb,Rand_Marg_M2,1.0,0.9116,0.0,0.1218,0.7,695.93
3,1453,77,3c0dd6be83cb,Rand_Marg_M3,1.0,0.8588,0.0,0.0629,0.8,1043.9
3,1453,77,3c0dd6be83cb,Rand_Marg_M5,1.0,0.9141,0.0,0.1605,0.7,1739.83
3,1453,77,3c0dd6be83cb,B2_Cyclic_M2,1.0,0.7677,0.0,0.0876,0.7,695.93
3,1453,77,3c0dd6be83cb,B2_Cyclic_M3,1.0,0.869,0.0,0.0836,0.6,1043.9
3,1453,77,3c0dd6be83cb,B2_Cyclic_M5,1.0,0.8274,0.0,0.0821,0.6,1739.83
4,334,77,3c0dd6be83cb,B0_Native,1.0,0.7422,0.0,0.0,0.0,341.21
4,334,77,3c0dd6be83cb,B0_Random,0.3333333333333333,0.938,0.4296,0.0059,0.4963,341.21
4,334,77,3c0dd6be83cb,B1_Alpha,1.0,0.9996,0.0,0.0,0.5,341.21
4,334,77,3c0dd6be83cb,B1_ReverseAlpha,1.0,1.0,0.0,0.0,0.5,341.21
4,334,77,3c0dd6be83cb,Rand_Marg_M2,0.3333333333333333,0.5131,0.6667,0.0002,0.6,682.42
4,334,77,3c0dd6be83cb,Rand_Marg_M3,1.0,0.5504,0.3333,0.027,0.5,1023.63
4,334,77,3c0dd6be83cb,Rand_Marg_M5,1.0,0.6632,0.0,0.1197,0.3333,1706.06
4,334,77,3c0dd6be83cb,B2_Cyclic_M2,0.6666666666666666,0.7071,0.3333,0.0001,0.1667,682.42
4,334,77,3c0dd6be83cb,B2_Cyclic_M3,1.0,0.8047,0.0,0.029,0.1667,1023.63
4,334,77,3c0dd6be83cb,B2_Cyclic_M5,1.0,0.9207,0.0,0.0203,0.3333,1706.06
5,2684,77,3c0dd6be83cb,B0_Native,0.0,0.9963,0.0,0.0,0.0,331.69
5,2684,77,3c0dd6be83cb,B0_Random,0.0,0.803,0.6296,0.0157,0.6363,331.69
5,2684,77,3c0dd6be83cb,B1_Alpha,0.0,1.0,1.0,0.0007,0.8667,331.69
5,2684,77,3c0dd6be83cb,B1_ReverseAlpha,0.0,0.9983,1.0,0.0007,0.8667,331.69
5,2684,77,3c0dd6be83cb,Rand_Marg_M2,0.0,0.7348,0.6667,0.0695,0.6667,663.37
5,2684,77,3c0dd6be83cb,Rand_Marg_M3,0.0,0.4908,1.0,0.0083,0.3333,995.06
5,2684,77,3c0dd6be83cb,Rand_Marg_M5,0.0,0.4946,1.0,0.1333,0.1667,1658.43
5,2684,77,3c0dd6be83cb,B2_Cyclic_M2,0.0,0.666,0.0,0.01,0.5,663.37
5,2684,77,3c0dd6be83cb,B2_Cyclic_M3,0.0,0.5658,0.3333,0.0195,0.5,995.06
5,2684,77,3c0dd6be83cb,B2_Cyclic_M5,0.0,0.5954,0.0,0.0254,0.1667,1658.43
6,1044,77,3c0dd6be83cb,B0_Native,0.0,0.5201,0.0,0.0,0.0,280.15
6,1044,77,3c0dd6be83cb,B0_Random,0.0,0.5101,0.8074,0.2078,0.6704,280.15
6,1044,77,3c0dd6be83cb,B1_Alpha,0.0,0.1211,1.0,0.1032,1.0,280.15
6,1044,77,3c0dd6be83cb,B1_ReverseAlpha,0.0,0.9879,1.0,0.1032,1.0,280.15
6,1044,77,3c0dd6be83cb,Rand_Marg_M2,0.0,0.3022,1.0,0.1936,0.7,560.31
6,1044,77,3c0dd6be83cb,Rand_Marg_M3,0.0,0.293,0.6667,0.1771,0.5333,840.46
6,1044,77,3c0dd6be83cb,Rand_Marg_M5,0.0,0.258,0.3333,0.148,0.3333,1400.77
6,1044,77,3c0dd6be83cb,B2_Cyclic_M2,0.0,0.4266,0.6667,0.1156,0.3333,560.31
6,1044,77,3c0dd6be83cb,B2_Cyclic_M3,0.0,0.2759,0.6667,0.1075,0.5,840.46
6,1044,77,3c0dd6be83cb,B2_Cyclic_M5,0.0,0.3798,0.3333,0.0772,0.1667,1400.77
7,2190,77,3c0dd6be83cb,B0_Native,0.0,0.5759,0.0,0.0,0.0,232.68
7,2190,77,3c0dd6be83cb,B0_Random,0.0,0.5956,0.7481,0.177,0.6941,232.68
7,2190,77,3c0dd6be83cb,B1_Alpha,0.0,0.7791,1.0,0.1056,0.5,232.68
7,2190,77,3c0dd6be83cb,B1_ReverseAlpha,1.0,0.9701,1.0,0.1056,0.5,232.68
7,2190,77,3c0dd6be83cb,Rand_Marg_M2,0.0,0.4695,1.0,0.1954,0.5333,465.36
7,2190,77,3c0dd6be83cb,Rand_Marg_M3,0.3333333333333333,0.4695,0.6667,0.1823,0.6,698.04
7,2190,77,3c0dd6be83cb,Rand_Marg_M5,0.6666666666666666,0.3498,0.3333,0.1692,0.6,1163.4
7,2190,77,3c0dd6be83cb,B2_Cyclic_M2,0.3333333333333333,0.533,0.3333,0.1028,0.1667,465.36
7,2190,77,3c0dd6be83cb,B2_Cyclic_M3,0.3333333333333333,0.437,0.3333,0.0764,0.3333,698.04
7,2190,77,3c0dd6be83cb,B2_Cyclic_M5,0.6666666666666666,0.4572,0.3333,0.0507,0.1667,1163.4
8,684,77,3c0dd6be83cb,B0_Native,1.0,1.0,0.0,0.0,0.0,239.45
8,684,77,3c0dd6be83cb,B0_Random,1.0,0.8524,0.1259,0.0208,0.3822,239.45
8,684,77,3c0dd6be83cb,B1_Alpha,0.0,0.3017,1.0,0.0089,0.8667,239.45
8,684,77,3c0dd6be83cb,B1_ReverseAlpha,1.0,0.9996,1.0,0.0089,0.8667,239.45
8,684,77,3c0dd6be83cb,Rand_Marg_M2,1.0,0.9262,0.0,0.0833,0.8,478.9
8,684,77,3c0dd6be83cb,Rand_Marg_M3,1.0,0.7593,0.0,0.077,0.7,718.35
8,684,77,3c0dd6be83cb,Rand_Marg_M5,1.0,0.8556,0.0,0.1937,0.7,1197.25
8,684,77,3c0dd6be83cb,B2_Cyclic_M2,1.0,1.0,0.0,0.0,0.0,478.9
8,684,77,3c0dd6be83cb,B2_Cyclic_M3,1.0,1.0,0.0,0.0,0.1667,718.35
8,684,77,3c0dd6be83cb,B2_Cyclic_M5,1.0,1.0,0.0,0.0,0.0,1197.25
9,2953,77,3c0dd6be83cb,B0_Native,0.0,0.9047,0.0,0.0,0.0,264.02
9,2953,77,3c0dd6be83cb,B0_Random,0.0,0.8321,0.4963,0.0379,0.6541,264.02
9,2953,77,3c0dd6be83cb,B1_Alpha,0.0,0.5244,1.0,0.0003,0.8,264.02
9,2953,77,3c0dd6be83cb,B1_ReverseAlpha,1.0,0.9999,1.0,0.0003,0.8,264.02
9,2953,77,3c0dd6be83cb,Rand_Marg_M2,0.0,0.9156,0.3333,0.1756,0.6,528.04
9,2953,77,3c0dd6be83cb,Rand_Marg_M3,0.0,0.7614,0.3333,0.1708,0.3333,792.07
9,2953,77,3c0dd6be83cb,Rand_Marg_M5,0.0,0.7372,0.3333,0.2299,0.3333,1320.11
9,2953,77,3c0dd6be83cb,B2_Cyclic_M2,0.0,0.725,0.3333,0.0767,0.3333,528.04
9,2953,77,3c0dd6be83cb,B2_Cyclic_M3,0.3333333333333333,0.6277,0.0,0.0425,0.1667,792.07
9,2953,77,3c0dd6be83cb,B2_Cyclic_M5,0.3333333333333333,0.7228,0.3333,0.0775,0.5,1320.11
10,985,77,3c0dd6be83cb,B0_Native,0.0,0.9865,0.0,0.0,0.0,380.95
10,985,77,3c0dd6be83cb,B0_Random,0.0,0.9949,0.2593,0.0536,0.5444,380.95
10,985,77,3c0dd6be83cb,B1_Alpha,0.0,0.9997,0.0,0.0,0.0,380.95
10,985,77,3c0dd6be83cb,B1_ReverseAlpha,0.0,0.9999,0.0,0.0,0.0,380.95
10,985,77,3c0dd6be83cb,Rand_Marg_M2,0.0,0.9673,0.0,0.0645,0.3333,761.9
10,985,77,3c0dd6be83cb,Rand_Marg_M3,0.0,0.8124,0.0,0.2191,0.3333,1142.86
10,985,77,3c0dd6be83cb,Rand_Marg_M5,0.0,0.8812,0.0,0.2235,0.3333,1904.76
10,985,77,3c0dd6be83cb,B2_Cyclic_M2,0.0,0.8836,0.0,0.0142,0.1667,761.9
10,985,77,3c0dd6be83cb,B2_Cyclic_M3,0.0,0.8546,0.3333,0.0399,0.0,1142.86
10,985,77,3c0dd6be83cb,B2_Cyclic_M5,0.0,0.7835,0.0,0.0332,0.3333,1904.76
11,2,77,3c0dd6be83cb,B0_Native,0.3333333333333333,0.4587,0.0,0.0,0.0,294.09
11,2,77,3c0dd6be83cb,B0_Random,0.0,0.7374,0.6296,0.128,0.6578,294.09
11,2,77,3c0dd6be83cb,B1_Alpha,0.0,0.9668,0.0,0.0202,0.5,294.09
11,2,77,3c0dd6be83cb,B1_ReverseAlpha,0.0,0.8434,0.0,0.0202,0.5,294.09
11,2,77,3c0dd6be83cb,Rand_Marg_M2,0.6666666666666666,0.5146,0.0,0.1507,0.5,588.19
11,2,77,3c0dd6be83cb,Rand_Marg_M3,0.6666666666666666,0.6611,0.6667,0.1957,0.3333,882.28
11,2,77,3c0dd6be83cb,Rand_Marg_M5,0.6666666666666666,0.5688,0.3333,0.2077,0.5,1470.47
11,2,77,3c0dd6be83cb,B2_Cyclic_M2,0.3333333333333333,0.5625,0.6667,0.1088,0.7667,588.19
11,2,77,3c0dd6be83cb,B2_Cyclic_M3,0.0,0.5648,0.0,0.0793,0.5,882.28
11,2,77,3c0dd6be83cb,B2_Cyclic_M5,0.0,0.4611,0.3333,0.0611,0.3333,1470.47
12,281,77,3c0dd6be83cb,B0_Native,0.0,0.1684,0.0,0.0,0.0,266.85
12,281,77,3c0dd6be83cb,B0_Random,0.0,0.4731,0.9333,0.2586,0.8296,266.85
12,281,77,3c0dd6be83cb,B1_Alpha,0.0,0.3433,1.0,0.2259,0.8,266.85
12,281,77,3c0dd6be83cb,B1_ReverseAlpha,0.0,0.6359,1.0,0.2259,0.8,266.85
12,281,77,3c0dd6be83cb,Rand_Marg_M2,0.0,0.3091,0.3333,0.2303,0.6,533.7
12,281,77,3c0dd6be83cb,Rand_Marg_M3,0.0,0.264,0.6667,0.1934,0.6,800.55
12,281,77,3c0dd6be83cb,Rand_Marg_M5,0.0,0.2215,1.0,0.1679,0.8,1334.24
12,281,77,3c0dd6be83cb,B2_Cyclic_M2,0.0,0.2022,0.3333,0.1195,0.6,533.7
12,281,77,3c0dd6be83cb,B2_Cyclic_M3,0.0,0.3283,0.3333,0.101,0.4333,800.55
12,281,77,3c0dd6be83cb,B2_Cyclic_M5,0.0,0.4003,0.3333,0.0748,0.3333,1334.24
13,45,77,3c0dd6be83cb,B0_Native,0.0,0.2857,0.0,0.0,0.0,290.58
13,45,77,3c0dd6be83cb,B0_Random,0.0,0.3402,0.7111,0.249,0.7281,290.58
13,45,77,3c0dd6be83cb,B1_Alpha,0.0,0.4319,1.0,0.1876,0.8,290.58
13,45,77,3c0dd6be83cb,B1_ReverseAlpha,0.0,0.3212,1.0,0.1876,0.8,290.58
13,45,77,3c0dd6be83cb,Rand_Marg_M2,0.0,0.4632,1.0,0.2798,0.8,581.15
13,45,77,3c0dd6be83cb,Rand_Marg_M3,0.0,0.368,0.6667,0.225,0.8,871.73
13,45,77,3c0dd6be83cb,Rand_Marg_M5,0.0,0.303,0.3333,0.1961,0.7,1452.88
13,45,77,3c0dd6be83cb,B2_Cyclic_M2,0.0,0.4344,0.6667,0.1468,0.6,581.15
13,45,77,3c0dd6be83cb,B2_Cyclic_M3,0.0,0.2536,0.0,0.1213,0.7,871.73
13,45,77,3c0dd6be83cb,B2_Cyclic_M5,0.0,0.457,0.3333,0.0848,0.3333,1452.88
14,373,77,3c0dd6be83cb,B0_Native,1.0,0.9763,0.0,0.0,0.0,239.04
14,373,77,3c0dd6be83cb,B0_Random,0.3333333333333333,0.7235,0.4593,0.044,0.5793,239.04
14,373,77,3c0dd6be83cb,B1_Alpha,0.0,0.7229,1.0,0.0003,0.8,239.04
14,373,77,3c0dd6be83cb,B1_ReverseAlpha,1.0,1.0,1.0,0.0003,0.8,239.04
14,373,77,3c0dd6be83cb,Rand_Marg_M2,0.6666666666666666,0.687,0.3333,0.1604,0.4333,478.07
14,373,77,3c0dd6be83cb,Rand_Marg_M3,0.6666666666666666,0.7191,1.0,0.1332,0.6,717.11
14,373,77,3c0dd6be83cb,Rand_Marg_M5,1.0,0.6661,0.0,0.1684,0.1667,1195.18
14,373,77,3c0dd6be83cb,B2_Cyclic_M2,1.0,0.7513,0.3333,0.045,0.5,478.07
14,373,77,3c0dd6be83cb,B2_Cyclic_M3,1.0,0.7529,0.6667,0.018,0.1667,717.11
14,373,77,3c0dd6be83cb,B2_Cyclic_M5,1.0,0.6276,0.3333,0.049,0.3333,1195.18
15,813,77,3c0dd6be83cb,B0_Native,0.3333333333333333,0.929,0.0,0.0,0.0,238.42
15,813,77,3c0dd6be83cb,B0_Random,0.3333333333333333,0.9526,0.5111,0.0134,0.5193,238.42
15,813,77,3c0dd6be83cb,B1_Alpha,0.0,0.9567,1.0,0.0003,0.7,238.42
15,813,77,3c0dd6be83cb,B1_ReverseAlpha,1.0,1.0,1.0,0.0003,0.7,238.42
15,813,77,3c0dd6be83cb,Rand_Marg_M2,0.6666666666666666,0.8368,0.6667,0.0166,0.5,476.83
15,813,77,3c0dd6be83cb,Rand_Marg_M3,0.6666666666666666,0.8591,0.3333,0.0973,0.5,715.25
15,813,77,3c0dd6be83cb,Rand_Marg_M5,0.6666666666666666,0.7068,0.6667,0.1532,0.5,1192.08
15,813,77,3c0dd6be83cb,B2_Cyclic_M2,0.3333333333333333,0.6678,0.3333,0.0313,0.3333,476.83
15,813,77,3c0dd6be83cb,B2_Cyclic_M3,0.3333333333333333,0.6558,0.0,0.0327,0.5,715.25
15,813,77,3c0dd6be83cb,B2_Cyclic_M5,0.3333333333333333,0.8089,0.0,0.0344,0.3333,1192.08
16,1110,77,3c0dd6be83cb,B0_Native,0.0,0.9515,0.0,0.0,0.0,218.66
16,1110,77,3c0dd6be83cb,B0_Random,0.0,0.8174,0.4148,0.0583,0.6333,218.66
16,1110,77,3c0dd6be83cb,B1_Alpha,0.0,0.7845,1.0,0.0003,0.5,218.66
16,1110,77,3c0dd6be83cb,B1_ReverseAlpha,0.0,0.9995,1.0,0.0003,0.5,218.66
16,1110,77,3c0dd6be83cb,Rand_Marg_M2,0.0,0.7172,0.0,0.1095,0.6,437.31
16,1110,77,3c0dd6be83cb,Rand_Marg_M3,0.0,0.76,0.0,0.1399,0.6,655.97
16,1110,77,3c0dd6be83cb,Rand_Marg_M5,0.0,0.8295,0.0,0.1784,0.6,1093.28
16,1110,77,3c0dd6be83cb,B2_Cyclic_M2,0.0,0.8049,0.0,0.0801,0.5,437.31
16,1110,77,3c0dd6be83cb,B2_Cyclic_M3,0.0,0.738,0.0,0.1015,0.4333,655.97
16,1110,77,3c0dd6be83cb,B2_Cyclic_M5,0.0,0.7414,0.0,0.0767,0.1667,1093.28
17,158,77,3c0dd6be83cb,B0_Native,0.0,0.9296,0.0,0.0,0.0,250.48
17,158,77,3c0dd6be83cb,B0_Random,0.0,0.8514,0.5778,0.0391,0.5941,250.48
17,158,77,3c0dd6be83cb,B1_Alpha,0.0,0.9482,1.0,0.0783,0.5,250.48
17,158,77,3c0dd6be83cb,B1_ReverseAlpha,0.0,0.7916,1.0,0.0783,0.5,250.48
17,158,77,3c0dd6be83cb,Rand_Marg_M2,0.0,0.5559,0.3333,0.1556,0.5,500.96
17,158,77,3c0dd6be83cb,Rand_Marg_M3,0.0,0.4817,0.3333,0.1213,0.3333,751.44
17,158,77,3c0dd6be83cb,Rand_Marg_M5,0.0,0.5333,0.0,0.1916,0.4333,1252.4
17,158,77,3c0dd6be83cb,B2_Cyclic_M2,0.6666666666666666,0.664,0.3333,0.0133,0.3333,500.96
17,158,77,3c0dd6be83cb,B2_Cyclic_M3,0.0,0.5636,0.3333,0.0613,0.1667,751.44
17,158,77,3c0dd6be83cb,B2_Cyclic_M5,0.3333333333333333,0.5893,0.0,0.0408,0.1667,1252.4
18,1917,77,3c0dd6be83cb,B0_Native,0.0,0.6567,0.0,0.0,0.0,258.5
18,1917,77,3c0dd6be83cb,B0_Random,0.0,0.3712,0.9333,0.3128,0.8904,258.5
18,1917,77,3c0dd6be83cb,B1_Alpha,0.0,0.117,1.0,0.2823,1.0,258.5
18,1917,77,3c0dd6be83cb,B1_ReverseAlpha,0.0,0.3762,1.0,0.2823,1.0,258.5
18,1917,77,3c0dd6be83cb,Rand_Marg_M2,0.0,0.2069,1.0,0.2818,0.7,517.0
18,1917,77,3c0dd6be83cb,Rand_Marg_M3,0.0,0.1674,1.0,0.2354,0.9333,775.51
18,1917,77,3c0dd6be83cb,Rand_Marg_M5,0.0,0.154,1.0,0.1859,0.7,1292.51
18,1917,77,3c0dd6be83cb,B2_Cyclic_M2,0.0,0.3551,0.6667,0.1172,0.5333,517.0
18,1917,77,3c0dd6be83cb,B2_Cyclic_M3,0.0,0.2761,1.0,0.1224,0.5333,775.51
18,1917,77,3c0dd6be83cb,B2_Cyclic_M5,0.0,0.2806,0.6667,0.09,0.6,1292.51
19,2911,77,3c0dd6be83cb,B0_Native,0.0,0.774,0.0,0.0,0.0,396.3
19,2911,77,3c0dd6be83cb,B0_Random,0.0,0.9387,0.837,0.0508,0.5704,396.3
19,2911,77,3c0dd6be83cb,B1_Alpha,0.0,0.9011,1.0,0.0933,0.8,396.3
19,2911,77,3c0dd6be83cb,B1_ReverseAlpha,0.0,0.6872,1.0,0.0933,0.8,396.3
19,2911,77,3c0dd6be83cb,Rand_Marg_M2,0.0,0.511,1.0,0.1157,0.5,792.6
19,2911,77,3c0dd6be83cb,Rand_Marg_M3,0.3333333333333333,0.4078,0.3333,0.1309,0.5,1188.89
19,2911,77,3c0dd6be83cb,Rand_Marg_M5,0.6666666666666666,0.4091,0.3333,0.1679,0.4333,1981.49
19,2911,77,3c0dd6be83cb,B2_Cyclic_M2,0.0,0.5097,0.6667,0.0562,0.5333,792.6
19,2911,77,3c0dd6be83cb,B2_Cyclic_M3,0.3333333333333333,0.3511,0.3333,0.0576,0.4333,1188.89
19,2911,77,3c0dd6be83cb,B2_Cyclic_M5,0.3333333333333333,0.3799,0.3333,0.0459,0.3333,1981.49
20,2728,77,3c0dd6be83cb,B0_Native,0.0,0.8565,0.0,0.0,0.0,311.31
20,2728,77,3c0dd6be83cb,B0_Random,0.0,0.831,0.7037,0.0826,0.5637,311.31
20,2728,77,3c0dd6be83cb,B1_Alpha,0.0,0.6023,1.0,0.0007,0.8,311.31
20,2728,77,3c0dd6be83cb,B1_ReverseAlpha,1.0,1.0,1.0,0.0007,0.8,311.31
20,2728,77,3c0dd6be83cb,Rand_Marg_M2,0.0,0.6004,1.0,0.1988,0.6,622.62
20,2728,77,3c0dd6be83cb,Rand_Marg_M3,0.3333333333333333,0.4853,0.6667,0.163,0.5,933.93
20,2728,77,3c0dd6be83cb,Rand_Marg_M5,0.3333333333333333,0.4584,0.6667,0.1992,0.1667,1556.54
20,2728,77,3c0dd6be83cb,B2_Cyclic_M2,0.0,0.5888,0.3333,0.0754,0.1667,622.62
20,2728,77,3c0dd6be83cb,B2_Cyclic_M3,0.0,0.6403,0.3333,0.0502,0.3333,933.93
20,2728,77,3c0dd6be83cb,B2_Cyclic_M5,0.3333333333333333,0.7245,0.6667,0.0666,0.3333,1556.54
21,2150,77,3c0dd6be83cb,B0_Native,0.3333333333333333,0.9964,0.0,0.0,0.0,265.59
21,2150,77,3c0dd6be83cb,B0_Random,1.0,1.0,0.5407,0.0003,0.4681,265.59
21,2150,77,3c0dd6be83cb,B1_Alpha,0.0,0.9784,1.0,0.0003,0.8,265.59
21,2150,77,3c0dd6be83cb,B1_ReverseAlpha,1.0,1.0,1.0,0.0003,0.8,265.59
21,2150,77,3c0dd6be83cb,Rand_Marg_M2,1.0,0.6668,0.0,0.0,0.6,531.17
21,2150,77,3c0dd6be83cb,Rand_Marg_M3,0.6666666666666666,0.776,0.3333,0.0001,0.5,796.76
21,2150,77,3c0dd6be83cb,Rand_Marg_M5,0.6666666666666666,0.7989,0.6667,0.0002,0.3333,1327.93
21,2150,77,3c0dd6be83cb,B2_Cyclic_M2,0.6666666666666666,0.8311,0.6667,0.0003,0.5,531.17
21,2150,77,3c0dd6be83cb,B2_Cyclic_M3,0.3333333333333333,0.5972,0.3333,0.0008,0.5,796.76
21,2150,77,3c0dd6be83cb,B2_Cyclic_M5,0.3333333333333333,0.5415,0.0,0.0023,0.5,1327.93
22,1424,77,3c0dd6be83cb,B0_Native,1.0,0.9965,0.0,0.0,0.0,303.35
22,1424,77,3c0dd6be83cb,B0_Random,1.0,0.9965,0.0667,0.0029,0.5519,303.35
22,1424,77,3c0dd6be83cb,B1_Alpha,0.0,0.5556,1.0,0.0007,0.5,303.35
22,1424,77,3c0dd6be83cb,B1_ReverseAlpha,1.0,0.9999,1.0,0.0007,0.5,303.35
22,1424,77,3c0dd6be83cb,Rand_Marg_M2,1.0,0.998,0.0,0.0098,0.4333,606.71
22,1424,77,3c0dd6be83cb,Rand_Marg_M3,1.0,0.9953,0.0,0.0017,0.7,910.06
22,1424,77,3c0dd6be83cb,Rand_Marg_M5,1.0,0.9093,0.0,0.0737,0.1667,1516.76
22,1424,77,3c0dd6be83cb,B2_Cyclic_M2,1.0,0.9677,0.0,0.0362,0.3333,606.71
22,1424,77,3c0dd6be83cb,B2_Cyclic_M3,1.0,0.9857,0.0,0.0425,0.1667,910.06
22,1424,77,3c0dd6be83cb,B2_Cyclic_M5,1.0,0.9832,0.0,0.0352,0.3333,1516.76
23,573,77,3c0dd6be83cb,B0_Native,1.0,0.9978,0.0,0.0,0.0,267.16
23,573,77,3c0dd6be83cb,B0_Random,1.0,0.9999,0.0,0.0021,0.4741,267.16
23,573,77,3c0dd6be83cb,B1_Alpha,1.0,0.8902,0.0,0.0,0.8,267.16
23,573,77,3c0dd6be83cb,B1_ReverseAlpha,1.0,1.0,0.0,0.0,0.8,267.16
23,573,77,3c0dd6be83cb,Rand_Marg_M2,1.0,0.9986,0.0,0.0139,0.8,534.31
23,573,77,3c0dd6be83cb,Rand_Marg_M3,1.0,0.9987,0.0,0.0088,0.8,801.47
23,573,77,3c0dd6be83cb,Rand_Marg_M5,1.0,0.9991,0.0,0.0581,0.8,1335.78
23,573,77,3c0dd6be83cb,B2_Cyclic_M2,1.0,0.9989,0.0,0.003,0.2667,534.31
23,573,77,3c0dd6be83cb,B2_Cyclic_M3,1.0,0.9989,0.0,0.0019,0.8,801.47
23,573,77,3c0dd6be83cb,B2_Cyclic_M5,1.0,0.9991,0.0,0.0007,0.8,1335.78
24,3064,77,3c0dd6be83cb,B0_Native,0.3333333333333333,0.4437,0.0,0.0,0.0,267.17
24,3064,77,3c0dd6be83cb,B0_Random,1.0,0.8742,0.2593,0.1231,0.7622,267.17
24,3064,77,3c0dd6be83cb,B1_Alpha,0.0,0.1029,1.0,0.1986,1.0,267.17
24,3064,77,3c0dd6be83cb,B1_ReverseAlpha,1.0,0.9857,1.0,0.1986,1.0,267.17
24,3064,77,3c0dd6be83cb,Rand_Marg_M2,1.0,0.693,0.0,0.1442,0.7,534.35
24,3064,77,3c0dd6be83cb,Rand_Marg_M3,1.0,0.7725,0.0,0.3057,0.8,801.52
24,3064,77,3c0dd6be83cb,Rand_Marg_M5,1.0,0.6415,0.0,0.2608,0.6,1335.87
24,3064,77,3c0dd6be83cb,B2_Cyclic_M2,1.0,0.5199,0.0,0.0858,0.2667,534.35
24,3064,77,3c0dd6be83cb,B2_Cyclic_M3,1.0,0.6068,0.0,0.0859,0.4333,801.52
24,3064,77,3c0dd6be83cb,B2_Cyclic_M5,1.0,0.7144,0.0,0.1044,0.2667,1335.87
25,1834,77,3c0dd6be83cb,B0_Native,0.6666666666666666,0.8771,0.0,0.0,0.0,266.19
25,1834,77,3c0dd6be83cb,B0_Random,1.0,0.9456,0.4593,0.0541,0.6156,266.19
25,1834,77,3c0dd6be83cb,B1_Alpha,1.0,0.9999,1.0,0.0003,0.8,266.19
25,1834,77,3c0dd6be83cb,B1_ReverseAlpha,0.0,0.2764,1.0,0.0003,0.8,266.19
25,1834,77,3c0dd6be83cb,Rand_Marg_M2,1.0,0.7686,0.0,0.1309,0.5,532.38
25,1834,77,3c0dd6be83cb,Rand_Marg_M3,1.0,0.828,0.0,0.1668,0.5,798.56
25,1834,77,3c0dd6be83cb,Rand_Marg_M5,1.0,0.6549,0.0,0.2259,0.1667,1330.94
25,1834,77,3c0dd6be83cb,B2_Cyclic_M2,1.0,0.7384,0.3333,0.0685,0.6,532.38
25,1834,77,3c0dd6be83cb,B2_Cyclic_M3,1.0,0.535,0.0,0.0722,0.3333,798.56
25,1834,77,3c0dd6be83cb,B2_Cyclic_M5,1.0,0.6166,0.3333,0.0625,0.5,1330.94
26,1574,77,3c0dd6be83cb,B0_Native,0.0,0.9228,0.0,0.0,0.0,295.64
26,1574,77,3c0dd6be83cb,B0_Random,0.3333333333333333,0.8123,0.6444,0.0218,0.5111,295.64
26,1574,77,3c0dd6be83cb,B1_Alpha,1.0,0.966,1.0,0.0793,0.8,295.64
26,1574,77,3c0dd6be83cb,B1_ReverseAlpha,0.0,0.9667,1.0,0.0793,0.8,295.64
26,1574,77,3c0dd6be83cb,Rand_Marg_M2,1.0,0.5314,0.0,0.0611,0.5,591.27
26,1574,77,3c0dd6be83cb,Rand_Marg_M3,0.3333333333333333,0.6039,1.0,0.1474,0.1667,886.91
26,1574,77,3c0dd6be83cb,Rand_Marg_M5,1.0,0.4845,0.3333,0.1538,0.5,1478.18
26,1574,77,3c0dd6be83cb,B2_Cyclic_M2,0.0,0.7556,0.6667,0.0449,0.2667,591.27
26,1574,77,3c0dd6be83cb,B2_Cyclic_M3,0.0,0.6944,0.6667,0.0436,0.3333,886.91
26,1574,77,3c0dd6be83cb,B2_Cyclic_M5,0.3333333333333333,0.5029,0.0,0.0533,0.1667,1478.18
27,1717,77,3c0dd6be83cb,B0_Native,0.6666666666666666,0.9797,0.0,0.0,0.0,272.41
27,1717,77,3c0dd6be83cb,B0_Random,0.3333333333333333,0.9895,0.6,0.0149,0.6193,272.41
27,1717,77,3c0dd6be83cb,B1_Alpha,0.0,0.3556,0.0,0.1945,0.8,272.41
27,1717,77,3c0dd6be83cb,B1_ReverseAlpha,0.0,0.3378,0.0,0.1945,0.8,272.41
27,1717,77,3c0dd6be83cb,Rand_Marg_M2,0.6666666666666666,0.7225,0.6667,0.0527,0.1667,544.83
27,1717,77,3c0dd6be83cb,Rand_Marg_M3,0.6666666666666666,0.7043,0.3333,0.0738,0.3333,817.24
27,1717,77,3c0dd6be83cb,Rand_Marg_M5,0.6666666666666666,0.6172,0.6667,0.0964,0.3333,1362.07
27,1717,77,3c0dd6be83cb,B2_Cyclic_M2,0.6666666666666666,0.6425,0.3333,0.0334,0.1667,544.83
27,1717,77,3c0dd6be83cb,B2_Cyclic_M3,0.3333333333333333,0.6574,0.3333,0.0579,0.1667,817.24
27,1717,77,3c0dd6be83cb,B2_Cyclic_M5,0.6666666666666666,0.6175,0.3333,0.0478,0.3333,1362.07
28,1487,77,3c0dd6be83cb,B0_Native,1.0,1.0,0.0,0.0,0.0,285.33
28,1487,77,3c0dd6be83cb,B0_Random,1.0,0.9989,0.0,0.0013,0.1837,285.33
28,1487,77,3c0dd6be83cb,B1_Alpha,1.0,1.0,0.0,0.0,0.0,285.33
28,1487,77,3c0dd6be83cb,B1_ReverseAlpha,1.0,1.0,0.0,0.0,0.0,285.33
28,1487,77,3c0dd6be83cb,Rand_Marg_M2,1.0,0.9478,0.0,0.0603,0.5333,570.66
28,1487,77,3c0dd6be83cb,Rand_Marg_M3,1.0,0.9652,0.0,0.0603,0.5333,855.99
28,1487,77,3c0dd6be83cb,Rand_Marg_M5,1.0,0.937,0.0,0.0002,0.5333,1426.64
28,1487,77,3c0dd6be83cb,B2_Cyclic_M2,1.0,0.999,0.0,0.0003,0.3333,570.66
28,1487,77,3c0dd6be83cb,B2_Cyclic_M3,1.0,0.9883,0.0,0.0123,0.1667,855.99
28,1487,77,3c0dd6be83cb,B2_Cyclic_M5,1.0,0.9572,0.0,0.0113,0.1667,1426.64
29,1385,77,3c0dd6be83cb,B0_Native,0.3333333333333333,0.9427,0.0,0.0,0.0,271.61
29,1385,77,3c0dd6be83cb,B0_Random,1.0,0.9691,0.2519,0.0209,0.5385,271.61
29,1385,77,3c0dd6be83cb,B1_Alpha,1.0,0.9964,0.0,0.0,0.8,271.61
29,1385,77,3c0dd6be83cb,B1_ReverseAlpha,1.0,1.0,0.0,0.0,0.8,271.61
29,1385,77,3c0dd6be83cb,Rand_Marg_M2,0.6666666666666666,0.8382,0.6667,0.0388,0.8,543.21
29,1385,77,3c0dd6be83cb,Rand_Marg_M3,1.0,0.6928,0.0,0.0808,0.5,814.82
29,1385,77,3c0dd6be83cb,Rand_Marg_M5,1.0,0.8137,0.0,0.2121,0.6,1358.03
29,1385,77,3c0dd6be83cb,B2_Cyclic_M2,0.6666666666666666,0.7929,0.0,0.0044,0.5,543.21
29,1385,77,3c0dd6be83cb,B2_Cyclic_M3,0.6666666666666666,0.6479,0.3333,0.0065,0.5,814.82
29,1385,77,3c0dd6be83cb,B2_Cyclic_M5,0.6666666666666666,0.7209,0.0,0.0214,0.5,1358.03
30,1139,77,3c0dd6be83cb,B0_Native,0.6666666666666666,0.6209,0.0,0.0,0.0,273.84
30,1139,77,3c0dd6be83cb,B0_Random,0.6666666666666666,0.691,0.5556,0.2624,0.7415,273.84
30,1139,77,3c0dd6be83cb,B1_Alpha,1.0,0.9472,0.0,0.2389,0.8,273.84
30,1139,77,3c0dd6be83cb,B1_ReverseAlpha,1.0,0.8942,0.0,0.2389,0.8,273.84
30,1139,77,3c0dd6be83cb,Rand_Marg_M2,0.6666666666666666,0.5124,0.3333,0.3406,0.7667,547.67
30,1139,77,3c0dd6be83cb,Rand_Marg_M3,0.6666666666666666,0.5923,0.3333,0.2854,0.6,821.51
30,1139,77,3c0dd6be83cb,Rand_Marg_M5,1.0,0.5531,0.0,0.2351,0.5333,1369.18
30,1139,77,3c0dd6be83cb,B2_Cyclic_M2,0.6666666666666666,0.4878,0.6667,0.1989,0.7,547.67
30,1139,77,3c0dd6be83cb,B2_Cyclic_M3,0.6666666666666666,0.4009,0.3333,0.148,0.4333,821.51
30,1139,77,3c0dd6be83cb,B2_Cyclic_M5,0.6666666666666666,0.3567,0.3333,0.0833,0.3333,1369.18
31,2773,77,3c0dd6be83cb,B0_Native,0.0,0.7912,0.0,0.0,0.0,270.44
31,2773,77,3c0dd6be83cb,B0_Random,0.0,0.3404,0.2148,0.1837,0.5696,270.44
31,2773,77,3c0dd6be83cb,B1_Alpha,0.0,0.858,0.0,0.1996,0.5,270.44
31,2773,77,3c0dd6be83cb,B1_ReverseAlpha,0.0,0.1819,0.0,0.1996,0.5,270.44
31,2773,77,3c0dd6be83cb,Rand_Marg_M2,0.0,0.5019,0.0,0.2247,0.6,540.88
31,2773,77,3c0dd6be83cb,Rand_Marg_M3,0.3333333333333333,0.4443,0.3333,0.2378,0.1667,811.31
31,2773,77,3c0dd6be83cb,Rand_Marg_M5,0.0,0.5714,0.0,0.2045,0.3333,1352.19
31,2773,77,3c0dd6be83cb,B2_Cyclic_M2,0.0,0.7283,0.0,0.1152,0.4333,540.88
31,2773,77,3c0dd6be83cb,B2_Cyclic_M3,0.0,0.7011,0.0,0.1267,0.6,811.31
31,2773,77,3c0dd6be83cb,B2_Cyclic_M5,0.0,0.7124,0.0,0.0779,0.4333,1352.19
32,89,77,3c0dd6be83cb,B0_Native,1.0,1.0,0.0,0.0,0.0,264.7
32,89,77,3c0dd6be83cb,B0_Random,1.0,0.9326,0.2,0.0088,0.46,264.7
32,89,77,3c0dd6be83cb,B1_Alpha,1.0,0.9999,0.0,0.0,0.8,264.7
32,89,77,3c0dd6be83cb,B1_ReverseAlpha,1.0,0.5485,0.0,0.0,0.8,264.7
32,89,77,3c0dd6be83cb,Rand_Marg_M2,1.0,0.8615,0.0,0.1818,0.5,529.4
32,89,77,3c0dd6be83cb,Rand_Marg_M3,1.0,0.6941,0.0,0.0006,0.8,794.09
32,89,77,3c0dd6be83cb,Rand_Marg_M5,1.0,0.8122,0.0,0.0354,0.7,1323.49
32,89,77,3c0dd6be83cb,B2_Cyclic_M2,1.0,0.8609,0.0,0.0236,0.7,529.4
32,89,77,3c0dd6be83cb,B2_Cyclic_M3,1.0,0.7644,0.0,0.0559,0.5,794.09
32,89,77,3c0dd6be83cb,B2_Cyclic_M5,1.0,0.6757,0.0,0.0777,0.3333,1323.49
33,413,77,3c0dd6be83cb,B0_Native,0.0,0.9958,0.0,0.0,0.0,269.98
33,413,77,3c0dd6be83cb,B0_Random,0.6666666666666666,0.8168,0.6593,0.0671,0.6837,269.98
33,413,77,3c0dd6be83cb,B1_Alpha,1.0,0.6632,1.0,0.0007,0.7,269.98
33,413,77,3c0dd6be83cb,B1_ReverseAlpha,0.0,1.0,1.0,0.0007,0.7,269.98
33,413,77,3c0dd6be83cb,Rand_Marg_M2,0.3333333333333333,0.4807,0.3333,0.0755,0.3333,539.97
33,413,77,3c0dd6be83cb,Rand_Marg_M3,0.3333333333333333,0.4753,0.6667,0.2131,0.5,809.95
33,413,77,3c0dd6be83cb,Rand_Marg_M5,0.6666666666666666,0.4535,0.3333,0.2224,0.5,1349.92
33,413,77,3c0dd6be83cb,B2_Cyclic_M2,0.0,0.6249,1.0,0.0926,0.4333,539.97
33,413,77,3c0dd6be83cb,B2_Cyclic_M3,0.3333333333333333,0.4689,1.0,0.0701,0.1667,809.95
33,413,77,3c0dd6be83cb,B2_Cyclic_M5,0.3333333333333333,0.4854,0.3333,0.0772,0.2667,1349.92
34,181,77,3c0dd6be83cb,B0_Native,0.6666666666666666,0.9758,0.0,0.0,0.0,227.83
34,181,77,3c0dd6be83cb,B0_Random,0.3333333333333333,0.9549,0.4148,0.0161,0.5941,227.83
34,181,77,3c0dd6be83cb,B1_Alpha,1.0,0.9598,1.0,0.0007,0.6,227.83
34,181,77,3c0dd6be83cb,B1_ReverseAlpha,0.0,1.0,1.0,0.0007,0.6,227.83
34,181,77,3c0dd6be83cb,Rand_Marg_M2,0.0,0.829,0.3333,0.021,0.5,455.66
34,181,77,3c0dd6be83cb,Rand_Marg_M3,0.3333333333333333,0.8734,0.3333,0.0771,0.6,683.49
34,181,77,3c0dd6be83cb,Rand_Marg_M5,0.3333333333333333,0.741,0.3333,0.1144,0.3333,1139.15
34,181,77,3c0dd6be83cb,B2_Cyclic_M2,0.3333333333333333,0.8215,0.0,0.0328,0.6,455.66
34,181,77,3c0dd6be83cb,B2_Cyclic_M3,0.6666666666666666,0.7404,0.0,0.0786,0.1667,683.49
34,181,77,3c0dd6be83cb,B2_Cyclic_M5,0.6666666666666666,0.8501,0.3333,0.0537,0.1667,1139.15
35,2282,77,3c0dd6be83cb,B0_Native,0.3333333333333333,0.6526,0.0,0.0,0.0,216.64
35,2282,77,3c0dd6be83cb,B0_Random,0.3333333333333333,0.763,0.6889,0.0326,0.6852,216.64
35,2282,77,3c0dd6be83cb,B1_Alpha,0.0,0.7528,1.0,0.1152,0.5,216.64
35,2282,77,3c0dd6be83cb,B1_ReverseAlpha,0.0,0.3851,1.0,0.1152,0.5,216.64
35,2282,77,3c0dd6be83cb,Rand_Marg_M2,0.0,0.6842,1.0,0.0669,0.3333,433.28
35,2282,77,3c0dd6be83cb,Rand_Marg_M3,0.3333333333333333,0.6107,0.3333,0.0967,0.3333,649.91
35,2282,77,3c0dd6be83cb,Rand_Marg_M5,0.6666666666666666,0.5305,0.3333,0.1349,0.5,1083.19
35,2282,77,3c0dd6be83cb,B2_Cyclic_M2,0.0,0.5347,0.6667,0.0289,0.5,433.28
35,2282,77,3c0dd6be83cb,B2_Cyclic_M3,0.0,0.5095,0.3333,0.0655,0.5,649.91
35,2282,77,3c0dd6be83cb,B2_Cyclic_M5,0.0,0.5429,0.3333,0.0733,0.1667,1083.19
36,245,77,3c0dd6be83cb,B0_Native,0.0,0.8009,0.0,0.0,0.0,210.43
36,245,77,3c0dd6be83cb,B0_Random,0.6666666666666666,0.7686,0.6593,0.0979,0.5659,210.43
36,245,77,3c0dd6be83cb,B1_Alpha,1.0,0.6269,1.0,0.1569,0.8,210.43
36,245,77,3c0dd6be83cb,B1_ReverseAlpha,0.0,0.4405,1.0,0.1569,0.8,210.43
36,245,77,3c0dd6be83cb,Rand_Marg_M2,0.6666666666666666,0.501,0.6667,0.1375,0.3333,420.86
36,245,77,3c0dd6be83cb,Rand_Marg_M3,0.3333333333333333,0.4494,0.6667,0.1893,0.4333,631.3
36,245,77,3c0dd6be83cb,Rand_Marg_M5,1.0,0.4318,0.6667,0.1966,0.3333,1052.16
36,245,77,3c0dd6be83cb,B2_Cyclic_M2,0.3333333333333333,0.4562,0.6667,0.0521,0.5,420.86
36,245,77,3c0dd6be83cb,B2_Cyclic_M3,0.3333333333333333,0.4184,0.3333,0.0598,0.4333,631.3
36,245,77,3c0dd6be83cb,B2_Cyclic_M5,0.6666666666666666,0.5898,0.6667,0.0799,0.2667,1052.16
37,2620,77,3c0dd6be83cb,B0_Native,1.0,0.5993,0.0,0.0,0.0,211.72
37,2620,77,3c0dd6be83cb,B0_Random,0.0,0.355,0.637,0.2547,0.6652,211.72
37,2620,77,3c0dd6be83cb,B1_Alpha,1.0,0.5931,0.0,0.1928,0.8,211.72
37,2620,77,3c0dd6be83cb,B1_ReverseAlpha,1.0,0.2747,0.0,0.1928,0.8,211.72
37,2620,77,3c0dd6be83cb,Rand_Marg_M2,0.6666666666666666,0.3351,1.0,0.2974,0.6,423.45
37,2620,77,3c0dd6be83cb,Rand_Marg_M3,0.3333333333333333,0.2453,0.6667,0.2627,0.5,635.17
37,2620,77,3c0dd6be83cb,Rand_Marg_M5,1.0,0.2841,0.0,0.193,0.5,1058.62
37,2620,77,3c0dd6be83cb,B2_Cyclic_M2,1.0,0.6991,0.0,0.1262,0.6,423.45
37,2620,77,3c0dd6be83cb,B2_Cyclic_M3,1.0,0.6342,0.0,0.0835,0.6,635.17
37,2620,77,3c0dd6be83cb,B2_Cyclic_M5,1.0,0.6105,0.0,0.0768,0.3333,1058.62
38,1244,77,3c0dd6be83cb,B0_Native,0.0,0.9088,0.0,0.0,0.0,216.94
38,1244,77,3c0dd6be83cb,B0_Random,0.0,0.8742,0.5926,0.009,0.6341,216.94
38,1244,77,3c0dd6be83cb,B1_Alpha,0.0,0.9742,1.0,0.0003,0.8,216.94
38,1244,77,3c0dd6be83cb,B1_ReverseAlpha,0.0,1.0,1.0,0.0003,0.8,216.94
38,1244,77,3c0dd6be83cb,Rand_Marg_M2,0.0,0.5494,0.3333,0.0071,0.3333,433.87
38,1244,77,3c0dd6be83cb,Rand_Marg_M3,0.0,0.6123,0.3333,0.0866,0.3333,650.81
38,1244,77,3c0dd6be83cb,Rand_Marg_M5,0.0,0.6107,0.3333,0.1553,0.1667,1084.68
38,1244,77,3c0dd6be83cb,B2_Cyclic_M2,0.0,0.5124,0.3333,0.0006,0.1667,433.87
38,1244,77,3c0dd6be83cb,B2_Cyclic_M3,0.0,0.4529,0.6667,0.0005,0.0,650.81
38,1244,77,3c0dd6be83cb,B2_Cyclic_M5,0.0,0.5826,0.3333,0.0221,0.0,1084.68
39,2418,77,3c0dd6be83cb,B0_Native,0.6666666666666666,0.8597,0.0,0.0,0.0,213.21
39,2418,77,3c0dd6be83cb,B0_Random,0.6666666666666666,0.9857,0.5185,0.0249,0.5437,213.21
39,2418,77,3c0dd6be83cb,B1_Alpha,1.0,0.9999,0.0,0.0,0.8,213.21
39,2418,77,3c0dd6be83cb,B1_ReverseAlpha,1.0,0.9996,0.0,0.0,0.8,213.21
39,2418,77,3c0dd6be83cb,Rand_Marg_M2,0.3333333333333333,0.6664,0.6667,0.1013,0.7667,426.41
39,2418,77,3c0dd6be83cb,Rand_Marg_M3,0.6666666666666666,0.4706,0.3333,0.0837,0.6,639.62
39,2418,77,3c0dd6be83cb,Rand_Marg_M5,1.0,0.5535,0.0,0.1398,0.6,1066.03
39,2418,77,3c0dd6be83cb,B2_Cyclic_M2,0.6666666666666666,0.493,0.3333,0.0576,0.3333,426.41
39,2418,77,3c0dd6be83cb,B2_Cyclic_M3,1.0,0.6093,0.3333,0.0482,0.4333,639.62
39,2418,77,3c0dd6be83cb,B2_Cyclic_M5,0.6666666666666666,0.6247,0.0,0.0489,0.1667,1066.03
40,940,77,3c0dd6be83cb,B0_Native,0.3333333333333333,0.5584,0.0,0.0,0.0,225.07
40,940,77,3c0dd6be83cb,B0_Random,0.0,0.9217,0.7556,0.0938,0.5926,225.07
40,940,77,3c0dd6be83cb,B1_Alpha,0.0,0.2995,1.0,0.1364,0.8,225.07
40,940,77,3c0dd6be83cb,B1_ReverseAlpha,1.0,0.9632,1.0,0.1364,0.8,225.07
40,940,77,3c0dd6be83cb,Rand_Marg_M2,0.0,0.582,1.0,0.1887,0.4333,450.14
40,940,77,3c0dd6be83cb,Rand_Marg_M3,0.3333333333333333,0.4481,0.6667,0.2095,0.4333,675.21
40,940,77,3c0dd6be83cb,Rand_Marg_M5,0.3333333333333333,0.3913,0.6667,0.2636,0.3333,1125.35
40,940,77,3c0dd6be83cb,B2_Cyclic_M2,0.3333333333333333,0.5352,0.6667,0.1004,0.3333,450.14
40,940,77,3c0dd6be83cb,B2_Cyclic_M3,0.6666666666666666,0.4721,0.3333,0.0777,0.1667,675.21
40,940,77,3c0dd6be83cb,B2_Cyclic_M5,0.3333333333333333,0.406,0.3333,0.098,0.1667,1125.35
41,477,77,3c0dd6be83cb,B0_Native,0.3333333333333333,0.9715,0.0,0.0,0.0,226.19
41,477,77,3c0dd6be83cb,B0_Random,0.6666666666666666,0.9567,0.6741,0.0004,0.4615,226.19
41,477,77,3c0dd6be83cb,B1_Alpha,1.0,0.9999,1.0,0.001,0.7,226.19
41,477,77,3c0dd6be83cb,B1_ReverseAlpha,0.0,0.9918,1.0,0.001,0.7,226.19
41,477,77,3c0dd6be83cb,Rand_Marg_M2,0.3333333333333333,0.6477,1.0,0.0003,0.6,452.39
41,477,77,3c0dd6be83cb,Rand_Marg_M3,1.0,0.6237,0.6667,0.0006,0.1667,678.58
41,477,77,3c0dd6be83cb,Rand_Marg_M5,0.6666666666666666,0.5605,0.6667,0.0003,0.0,1130.96
41,477,77,3c0dd6be83cb,B2_Cyclic_M2,0.6666666666666666,0.5109,0.6667,0.0002,0.0,452.39
41,477,77,3c0dd6be83cb,B2_Cyclic_M3,0.6666666666666666,0.5568,0.6667,0.0002,0.1667,678.58
41,477,77,3c0dd6be83cb,B2_Cyclic_M5,1.0,0.5352,0.3333,0.0001,0.0,1130.96
42,1653,77,3c0dd6be83cb,B0_Native,0.0,0.2864,0.0,0.0,0.0,219.81
42,1653,77,3c0dd6be83cb,B0_Random,0.3333333333333333,0.3856,0.9111,0.3137,0.8748,219.81
42,1653,77,3c0dd6be83cb,B1_Alpha,1.0,0.2901,1.0,0.2802,0.8,219.81
42,1653,77,3c0dd6be83cb,B1_ReverseAlpha,0.0,0.513,1.0,0.2802,0.8,219.81
42,1653,77,3c0dd6be83cb,Rand_Marg_M2,0.0,0.2186,1.0,0.2585,0.8,439.63
42,1653,77,3c0dd6be83cb,Rand_Marg_M3,0.0,0.1644,1.0,0.2594,0.5,659.44
42,1653,77,3c0dd6be83cb,Rand_Marg_M5,0.0,0.168,0.3333,0.2634,0.8,1099.06
42,1653,77,3c0dd6be83cb,B2_Cyclic_M2,0.6666666666666666,0.2153,0.6667,0.1455,0.7667,439.63
42,1653,77,3c0dd6be83cb,B2_Cyclic_M3,0.6666666666666666,0.1666,0.6667,0.116,0.8,659.44
42,1653,77,3c0dd6be83cb,B2_Cyclic_M5,0.6666666666666666,0.2189,0.3333,0.0767,0.7,1099.06
43,2478,77,3c0dd6be83cb,B0_Native,0.0,0.4528,0.0,0.0,0.0,224.56
43,2478,77,3c0dd6be83cb,B0_Random,1.0,0.7502,0.7407,0.1538,0.5452,224.56
43,2478,77,3c0dd6be83cb,B1_Alpha,0.0,0.9824,1.0,0.1271,0.8,224.56
43,2478,77,3c0dd6be83cb,B1_ReverseAlpha,0.0,0.5867,1.0,0.1271,0.8,224.56
43,2478,77,3c0dd6be83cb,Rand_Marg_M2,0.6666666666666666,0.6404,0.3333,0.226,0.1667,449.12
43,2478,77,3c0dd6be83cb,Rand_Marg_M3,0.6666666666666666,0.4881,0.3333,0.217,0.1667,673.69
43,2478,77,3c0dd6be83cb,Rand_Marg_M5,0.6666666666666666,0.4834,0.3333,0.235,0.1667,1122.81
43,2478,77,3c0dd6be83cb,B2_Cyclic_M2,0.3333333333333333,0.5035,0.3333,0.1037,0.5,449.12
43,2478,77,3c0dd6be83cb,B2_Cyclic_M3,0.6666666666666666,0.5005,0.0,0.1128,0.3333,673.69
43,2478,77,3c0dd6be83cb,B2_Cyclic_M5,0.6666666666666666,0.5392,0.0,0.0843,0.3333,1122.81
44,1546,77,3c0dd6be83cb,B0_Native,0.3333333333333333,0.9998,0.0,0.0,0.0,211.79
44,1546,77,3c0dd6be83cb,B0_Random,0.6666666666666666,1.0,0.4963,0.0002,0.4222,211.79
44,1546,77,3c0dd6be83cb,B1_Alpha,1.0,1.0,1.0,0.0003,0.6,211.79
44,1546,77,3c0dd6be83cb,B1_ReverseAlpha,0.0,0.7905,1.0,0.0003,0.6,211.79
44,1546,77,3c0dd6be83cb,Rand_Marg_M2,0.6666666666666666,0.9999,0.3333,0.0001,0.7,423.58
44,1546,77,3c0dd6be83cb,Rand_Marg_M3,0.6666666666666666,0.6666,0.6667,0.0002,0.1667,635.37
44,1546,77,3c0dd6be83cb,Rand_Marg_M5,1.0,0.6534,0.3333,0.0001,0.3333,1058.94
44,1546,77,3c0dd6be83cb,B2_Cyclic_M2,0.6666666666666666,0.5019,0.0,0.001,0.1667,423.58
44,1546,77,3c0dd6be83cb,B2_Cyclic_M3,0.6666666666666666,0.681,0.6667,0.0003,0.3333,635.37
44,1546,77,3c0dd6be83cb,B2_Cyclic_M5,0.6666666666666666,0.7197,0.3333,0.0002,0.1667,1058.94
45,1631,77,3c0dd6be83cb,B0_Native,0.3333333333333333,0.7058,0.0,0.0,0.0,215.53
45,1631,77,3c0dd6be83cb,B0_Random,0.3333333333333333,0.6536,0.5185,0.1501,0.4622,215.53
45,1631,77,3c0dd6be83cb,B1_Alpha,1.0,0.9925,0.0,0.0263,0.5,215.53
45,1631,77,3c0dd6be83cb,B1_ReverseAlpha,1.0,0.994,0.0,0.0263,0.5,215.53
45,1631,77,3c0dd6be83cb,Rand_Marg_M2,0.3333333333333333,0.449,1.0,0.2381,0.3333,431.05
45,1631,77,3c0dd6be83cb,Rand_Marg_M3,0.6666666666666666,0.3959,0.6667,0.2201,0.3333,646.58
45,1631,77,3c0dd6be83cb,Rand_Marg_M5,0.3333333333333333,0.4176,0.6667,0.2078,0.1667,1077.63
45,1631,77,3c0dd6be83cb,B2_Cyclic_M2,0.6666666666666666,0.5611,0.3333,0.1167,0.5,431.05
45,1631,77,3c0dd6be83cb,B2_Cyclic_M3,0.6666666666666666,0.5372,0.3333,0.1097,0.4333,646.58
45,1631,77,3c0dd6be83cb,B2_Cyclic_M5,1.0,0.5469,0.0,0.0884,0.6,1077.63
46,207,77,3c0dd6be83cb,B0_Native,0.6666666666666666,0.8125,0.0,0.0,0.0,238.5
46,207,77,3c0dd6be83cb,B0_Random,0.6666666666666666,0.7226,0.4815,0.0703,0.6807,238.5
46,207,77,3c0dd6be83cb,B1_Alpha,1.0,0.975,1.0,0.1131,0.8,238.5
46,207,77,3c0dd6be83cb,B1_ReverseAlpha,0.0,0.4741,1.0,0.1131,0.8,238.5
46,207,77,3c0dd6be83cb,Rand_Marg_M2,1.0,0.8077,0.3333,0.1269,0.5,476.99
46,207,77,3c0dd6be83cb,Rand_Marg_M3,1.0,0.7329,0.0,0.2363,0.8,715.49
46,207,77,3c0dd6be83cb,Rand_Marg_M5,1.0,0.7641,0.0,0.2065,0.8,1192.48
46,207,77,3c0dd6be83cb,B2_Cyclic_M2,0.6666666666666666,0.5038,0.3333,0.128,0.5,476.99
46,207,77,3c0dd6be83cb,B2_Cyclic_M3,0.6666666666666666,0.5151,0.3333,0.1257,0.3333,715.49
46,207,77,3c0dd6be83cb,B2_Cyclic_M5,0.6666666666666666,0.4731,0.3333,0.083,0.5,1192.48
47,663,77,3c0dd6be83cb,B0_Native,0.6666666666666666,0.674,0.0,0.0,0.0,227.32
47,663,77,3c0dd6be83cb,B0_Random,0.3333333333333333,0.4862,0.5556,0.0228,0.6933,227.32
47,663,77,3c0dd6be83cb,B1_Alpha,0.0,0.4139,1.0,0.1449,1.0,227.32
47,663,77,3c0dd6be83cb,B1_ReverseAlpha,0.0,0.2879,1.0,0.1449,1.0,227.32
47,663,77,3c0dd6be83cb,Rand_Marg_M2,0.6666666666666666,0.5157,0.6667,0.0426,0.6,454.63
47,663,77,3c0dd6be83cb,Rand_Marg_M3,1.0,0.5454,0.0,0.0705,0.6,681.95
47,663,77,3c0dd6be83cb,Rand_Marg_M5,1.0,0.6199,0.3333,0.1711,0.5,1136.58
47,663,77,3c0dd6be83cb,B2_Cyclic_M2,0.6666666666666666,0.4407,0.6667,0.0406,0.7,454.63
47,663,77,3c0dd6be83cb,B2_Cyclic_M3,0.3333333333333333,0.3645,0.6667,0.0427,0.3333,681.95
47,663,77,3c0dd6be83cb,B2_Cyclic_M5,0.3333333333333333,0.4458,0.3333,0.0781,0.3333,1136.58
48,1842,77,3c0dd6be83cb,B0_Native,0.0,0.4147,0.0,0.0,0.0,212.14
48,1842,77,3c0dd6be83cb,B0_Random,0.3333333333333333,0.966,0.6519,0.1009,0.6533,212.14
48,1842,77,3c0dd6be83cb,B1_Alpha,0.0,0.7583,0.0,0.1217,0.0,212.14
48,1842,77,3c0dd6be83cb,B1_ReverseAlpha,0.0,0.7651,0.0,0.1217,0.0,212.14
48,1842,77,3c0dd6be83cb,Rand_Marg_M2,0.3333333333333333,0.5523,1.0,0.1866,0.5,424.29
48,1842,77,3c0dd6be83cb,Rand_Marg_M3,0.6666666666666666,0.3861,0.6667,0.1855,0.3333,636.43
48,1842,77,3c0dd6be83cb,Rand_Marg_M5,0.3333333333333333,0.3718,0.6667,0.1676,0.5,1060.72
48,1842,77,3c0dd6be83cb,B2_Cyclic_M2,0.3333333333333333,0.4283,0.3333,0.1139,0.6,424.29
48,1842,77,3c0dd6be83cb,B2_Cyclic_M3,0.3333333333333333,0.3828,0.3333,0.1149,0.8,636.43
48,1842,77,3c0dd6be83cb,B2_Cyclic_M5,0.3333333333333333,0.3528,0.3333,0.0656,0.5,1060.72
49,554,77,3c0dd6be83cb,B0_Native,0.0,0.779,0.0,0.0,0.0,233.7
49,554,77,3c0dd6be83cb,B0_Random,0.3333333333333333,0.451,0.3704,0.2561,0.677,233.7
49,554,77,3c0dd6be83cb,B1_Alpha,0.0,0.1515,0.0,0.0362,0.7,233.7
49,554,77,3c0dd6be83cb,B1_ReverseAlpha,0.0,0.9991,0.0,0.0362,0.7,233.7
49,554,77,3c0dd6be83cb,Rand_Marg_M2,0.0,0.504,0.0,0.3026,0.8,467.4
49,554,77,3c0dd6be83cb,Rand_Marg_M3,0.0,0.6336,0.0,0.2837,0.6,701.1
49,554,77,3c0dd6be83cb,Rand_Marg_M5,0.0,0.6035,0.0,0.2332,0.6,1168.49
49,554,77,3c0dd6be83cb,B2_Cyclic_M2,0.3333333333333333,0.6699,0.3333,0.1869,0.7,467.4
49,554,77,3c0dd6be83cb,B2_Cyclic_M3,0.0,0.6353,0.0,0.121,0.1667,701.1
49,554,77,3c0dd6be83cb,B2_Cyclic_M5,0.0,0.5836,0.0,0.0803,0.4333,1168.49
50,2254,77,3c0dd6be83cb,B0_Native,0.0,0.813,0.0,0.0,0.0,224.56
50,2254,77,3c0dd6be83cb,B0_Random,0.6666666666666666,0.5616,0.7037,0.1536,0.7252,224.56
50,2254,77,3c0dd6be83cb,B1_Alpha,0.0,0.9925,1.0,0.1059,0.8,224.56
50,2254,77,3c0dd6be83cb,B1_ReverseAlpha,0.0,0.181,1.0,0.1059,0.8,224.56
50,2254,77,3c0dd6be83cb,Rand_Marg_M2,0.0,0.7201,0.0,0.2339,0.5333,449.11
50,2254,77,3c0dd6be83cb,Rand_Marg_M3,0.0,0.4959,0.3333,0.24,0.2667,673.67
50,2254,77,3c0dd6be83cb,Rand_Marg_M5,0.0,0.5119,0.6667,0.1966,0.3333,1122.79
50,2254,77,3c0dd6be83cb,B2_Cyclic_M2,0.0,0.5592,0.3333,0.1704,0.3333,449.11
50,2254,77,3c0dd6be83cb,B2_Cyclic_M3,0.0,0.6769,0.0,0.1367,0.3333,673.67
50,2254,77,3c0dd6be83cb,B2_Cyclic_M5,0.0,0.5376,0.0,0.0763,0.3333,1122.79
51,1796,77,3c0dd6be83cb,B0_Native,0.0,0.9768,0.0,0.0,0.0,239.37
51,1796,77,3c0dd6be83cb,B0_Random,0.0,0.8838,0.4667,0.0002,0.297,239.37
51,1796,77,3c0dd6be83cb,B1_Alpha,0.0,1.0,1.0,0.0003,0.3333,239.37
51,1796,77,3c0dd6be83cb,B1_ReverseAlpha,1.0,0.9999,1.0,0.0003,0.3333,239.37
51,1796,77,3c0dd6be83cb,Rand_Marg_M2,0.0,0.6036,0.6667,0.0001,0.3333,478.74
51,1796,77,3c0dd6be83cb,Rand_Marg_M3,0.3333333333333333,0.6234,0.3333,0.0001,0.3333,718.1
51,1796,77,3c0dd6be83cb,Rand_Marg_M5,0.0,0.6119,0.0,0.0,0.3333,1196.84
51,1796,77,3c0dd6be83cb,B2_Cyclic_M2,0.3333333333333333,0.8357,0.0,0.0,0.0,478.74
51,1796,77,3c0dd6be83cb,B2_Cyclic_M3,0.6666666666666666,0.7324,0.3333,0.0001,0.0,718.1
51,1796,77,3c0dd6be83cb,B2_Cyclic_M5,0.3333333333333333,0.7109,0.0,0.0,0.1667,1196.84
52,1700,77,3c0dd6be83cb,B0_Native,0.6666666666666666,0.7176,0.0,0.0,0.0,242.3
52,1700,77,3c0dd6be83cb,B0_Random,1.0,0.8391,0.1185,0.0083,0.3793,242.3
52,1700,77,3c0dd6be83cb,B1_Alpha,1.0,1.0,0.0,0.0,0.6,242.3
52,1700,77,3c0dd6be83cb,B1_ReverseAlpha,1.0,0.9987,0.0,0.0,0.6,242.3
52,1700,77,3c0dd6be83cb,Rand_Marg_M2,1.0,0.7529,0.0,0.0844,0.5333,484.6
52,1700,77,3c0dd6be83cb,Rand_Marg_M3,1.0,0.7663,0.0,0.0,0.5333,726.9
52,1700,77,3c0dd6be83cb,Rand_Marg_M5,1.0,0.8598,0.0,0.0,0.7,1211.5
52,1700,77,3c0dd6be83cb,B2_Cyclic_M2,0.6666666666666666,0.5829,0.6667,0.0543,0.4333,484.6
52,1700,77,3c0dd6be83cb,B2_Cyclic_M3,0.6666666666666666,0.733,0.3333,0.0442,0.3333,726.9
52,1700,77,3c0dd6be83cb,B2_Cyclic_M5,1.0,0.7476,0.0,0.0239,0.3333,1211.5
53,2112,77,3c0dd6be83cb,B0_Native,0.0,0.392,0.0,0.0,0.0,248.03
53,2112,77,3c0dd6be83cb,B0_Random,0.0,0.5054,0.7259,0.1715,0.6459,248.03
53,2112,77,3c0dd6be83cb,B1_Alpha,0.0,0.6805,1.0,0.1237,0.0,248.03
53,2112,77,3c0dd6be83cb,B1_ReverseAlpha,0.0,0.978,1.0,0.1237,0.0,248.03
53,2112,77,3c0dd6be83cb,Rand_Marg_M2,0.0,0.3706,0.6667,0.1885,0.6667,496.07
53,2112,77,3c0dd6be83cb,Rand_Marg_M3,0.0,0.2929,0.6667,0.1488,0.5,744.1
53,2112,77,3c0dd6be83cb,Rand_Marg_M5,0.6666666666666666,0.3974,0.6667,0.1576,0.4333,1240.17
53,2112,77,3c0dd6be83cb,B2_Cyclic_M2,0.3333333333333333,0.4901,1.0,0.0975,0.7,496.07
53,2112,77,3c0dd6be83cb,B2_Cyclic_M3,0.0,0.3663,0.6667,0.085,0.3333,744.1
53,2112,77,3c0dd6be83cb,B2_Cyclic_M5,0.3333333333333333,0.4078,0.3333,0.0684,0.5,1240.17
54,890,77,3c0dd6be83cb,B0_Native,0.6666666666666666,0.7968,0.0,0.0,0.0,216.27
54,890,77,3c0dd6be83cb,B0_Random,0.3333333333333333,0.8496,0.4815,0.1022,0.4741,216.27
54,890,77,3c0dd6be83cb,B1_Alpha,1.0,0.2684,1.0,0.0232,0.5,216.27
54,890,77,3c0dd6be83cb,B1_ReverseAlpha,0.0,0.6715,1.0,0.0232,0.5,216.27
54,890,77,3c0dd6be83cb,Rand_Marg_M2,0.3333333333333333,0.673,0.6667,0.1626,0.5,432.54
54,890,77,3c0dd6be83cb,Rand_Marg_M3,0.3333333333333333,0.7381,0.3333,0.1983,0.5,648.81
54,890,77,3c0dd6be83cb,Rand_Marg_M5,0.3333333333333333,0.6742,0.6667,0.2244,0.3333,1081.35
54,890,77,3c0dd6be83cb,B2_Cyclic_M2,0.3333333333333333,0.6982,0.6667,0.0576,0.3333,432.54
54,890,77,3c0dd6be83cb,B2_Cyclic_M3,0.3333333333333333,0.7192,0.6667,0.0628,0.1667,648.81
54,890,77,3c0dd6be83cb,B2_Cyclic_M5,0.6666666666666666,0.7309,0.0,0.0447,0.0,1081.35
55,1880,77,3c0dd6be83cb,B0_Native,1.0,1.0,0.0,0.0,0.0,212.31
55,1880,77,3c0dd6be83cb,B0_Random,1.0,1.0,0.0,0.0,0.0533,212.31
55,1880,77,3c0dd6be83cb,B1_Alpha,1.0,1.0,0.0,0.0,0.0,212.31
55,1880,77,3c0dd6be83cb,B1_ReverseAlpha,1.0,1.0,0.0,0.0,0.0,212.31
55,1880,77,3c0dd6be83cb,Rand_Marg_M2,1.0,1.0,0.0,0.0,0.0,424.61
55,1880,77,3c0dd6be83cb,Rand_Marg_M3,1.0,1.0,0.0,0.0,0.2667,636.92
55,1880,77,3c0dd6be83cb,Rand_Marg_M5,1.0,1.0,0.0,0.0,0.2667,1061.53
55,1880,77,3c0dd6be83cb,B2_Cyclic_M2,1.0,1.0,0.0,0.0,0.0,424.61
55,1880,77,3c0dd6be83cb,B2_Cyclic_M3,1.0,1.0,0.0,0.0,0.0,636.92
55,1880,77,3c0dd6be83cb,B2_Cyclic_M5,1.0,1.0,0.0,0.0,0.0,1061.53
56,601,77,3c0dd6be83cb,B0_Native,0.0,0.9415,0.0,0.0,0.0,215.4
56,601,77,3c0dd6be83cb,B0_Random,0.0,0.9919,0.4593,0.0084,0.5541,215.4
56,601,77,3c0dd6be83cb,B1_Alpha,0.0,1.0,1.0,0.0003,0.7,215.4
56,601,77,3c0dd6be83cb,B1_ReverseAlpha,0.0,1.0,1.0,0.0003,0.7,215.4
56,601,77,3c0dd6be83cb,Rand_Marg_M2,0.0,0.9959,0.3333,0.0039,0.6,430.8
56,601,77,3c0dd6be83cb,Rand_Marg_M3,0.0,0.7894,0.6667,0.0755,0.5,646.2
56,601,77,3c0dd6be83cb,Rand_Marg_M5,0.0,0.6617,0.0,0.0952,0.5,1076.99
56,601,77,3c0dd6be83cb,B2_Cyclic_M2,0.0,0.8042,0.3333,0.0067,0.5,430.8
56,601,77,3c0dd6be83cb,B2_Cyclic_M3,0.0,0.6321,0.6667,0.0344,0.3333,646.2
56,601,77,3c0dd6be83cb,B2_Cyclic_M5,0.0,0.8419,0.0,0.0303,0.3333,1076.99
57,2810,77,3c0dd6be83cb,B0_Native,0.0,0.6304,0.0,0.0,0.0,234.63
57,2810,77,3c0dd6be83cb,B0_Random,0.0,0.7041,0.6815,0.1318,0.6504,234.63
57,2810,77,3c0dd6be83cb,B1_Alpha,0.0,0.3501,1.0,0.0277,0.8,234.63
57,2810,77,3c0dd6be83cb,B1_ReverseAlpha,0.0,0.9934,1.0,0.0277,0.8,234.63
57,2810,77,3c0dd6be83cb,Rand_Marg_M2,0.0,0.6078,0.3333,0.1773,0.3333,469.26
57,2810,77,3c0dd6be83cb,Rand_Marg_M3,0.0,0.5154,0.3333,0.1623,0.5,703.89
57,2810,77,3c0dd6be83cb,Rand_Marg_M5,0.0,0.4937,0.6667,0.1597,0.6,1173.15
57,2810,77,3c0dd6be83cb,B2_Cyclic_M2,0.0,0.5724,0.3333,0.085,0.5,469.26
57,2810,77,3c0dd6be83cb,B2_Cyclic_M3,0.0,0.6515,0.3333,0.0777,0.6,703.89
57,2810,77,3c0dd6be83cb,B2_Cyclic_M5,0.0,0.5297,0.0,0.0515,0.4333,1173.15
58,2454,77,3c0dd6be83cb,B0_Native,0.0,0.2115,0.0,0.0,0.0,224.07
58,2454,77,3c0dd6be83cb,B0_Random,0.0,0.3067,0.7481,0.2002,0.7281,224.07
58,2454,77,3c0dd6be83cb,B1_Alpha,0.0,0.2241,1.0,0.1736,1.0,224.07
58,2454,77,3c0dd6be83cb,B1_ReverseAlpha,0.0,0.8815,1.0,0.1736,1.0,224.07
58,2454,77,3c0dd6be83cb,Rand_Marg_M2,0.3333333333333333,0.4144,0.6667,0.1989,0.7,448.15
58,2454,77,3c0dd6be83cb,Rand_Marg_M3,0.3333333333333333,0.2964,0.6667,0.1838,0.7,672.22
58,2454,77,3c0dd6be83cb,Rand_Marg_M5,0.0,0.276,0.6667,0.1652,0.6,1120.37
58,2454,77,3c0dd6be83cb,B2_Cyclic_M2,0.0,0.3515,0.3333,0.0854,0.7,448.15
58,2454,77,3c0dd6be83cb,B2_Cyclic_M3,0.3333333333333333,0.2191,0.6667,0.0731,0.5,672.22
58,2454,77,3c0dd6be83cb,B2_Cyclic_M5,0.0,0.287,0.0,0.0534,0.3333,1120.37
59,2641,77,3c0dd6be83cb,B0_Native,0.6666666666666666,0.8028,0.0,0.0,0.0,215.62
59,2641,77,3c0dd6be83cb,B0_Random,0.3333333333333333,0.5538,0.6444,0.0549,0.6659,215.62
59,2641,77,3c0dd6be83cb,B1_Alpha,0.0,0.568,1.0,0.001,1.0,215.62
59,2641,77,3c0dd6be83cb,B1_ReverseAlpha,1.0,0.9999,1.0,0.001,1.0,215.62
59,2641,77,3c0dd6be83cb,Rand_Marg_M2,1.0,0.6928,0.0,0.1636,0.8,431.25
59,2641,77,3c0dd6be83cb,Rand_Marg_M3,1.0,0.6846,0.3333,0.2055,0.7,646.87
59,2641,77,3c0dd6be83cb,Rand_Marg_M5,1.0,0.5354,0.0,0.2243,0.6,1078.12
59,2641,77,3c0dd6be83cb,B2_Cyclic_M2,1.0,0.6888,0.0,0.062,0.6,431.25
59,2641,77,3c0dd6be83cb,B2_Cyclic_M3,1.0,0.5754,0.0,0.0425,0.6,646.87
59,2641,77,3c0dd6be83cb,B2_Cyclic_M5,0.6666666666666666,0.5337,0.3333,0.0444,0.4333,1078.12
60,733,77,3c0dd6be83cb,B0_Native,1.0,0.9999,0.0,0.0,0.0,230.45
60,733,77,3c0dd6be83cb,B0_Random,1.0,1.0,0.1259,0.0012,0.3156,230.45
60,733,77,3c0dd6be83cb,B1_Alpha,1.0,0.9999,0.0,0.0003,0.5,230.45
60,733,77,3c0dd6be83cb,B1_ReverseAlpha,1.0,0.9985,0.0,0.0003,0.5,230.45
60,733,77,3c0dd6be83cb,Rand_Marg_M2,1.0,0.8432,0.0,0.048,0.8,460.91
60,733,77,3c0dd6be83cb,Rand_Marg_M3,1.0,0.8375,0.0,0.048,0.8,691.36
60,733,77,3c0dd6be83cb,Rand_Marg_M5,1.0,0.847,0.0,0.0017,0.7,1152.27
60,733,77,3c0dd6be83cb,B2_Cyclic_M2,1.0,0.9252,0.0,0.0298,0.4333,460.91
60,733,77,3c0dd6be83cb,B2_Cyclic_M3,1.0,0.9353,0.0,0.0267,0.3333,691.36
60,733,77,3c0dd6be83cb,B2_Cyclic_M5,1.0,0.9057,0.0,0.0187,0.4333,1152.27
61,1004,77,3c0dd6be83cb,B0_Native,0.0,0.7769,0.0,0.0,0.0,218.92
61,1004,77,3c0dd6be83cb,B0_Random,0.3333333333333333,0.9436,0.563,0.121,0.6859,218.92
61,1004,77,3c0dd6be83cb,B1_Alpha,1.0,0.3486,1.0,0.1418,0.5,218.92
61,1004,77,3c0dd6be83cb,B1_ReverseAlpha,0.0,0.2676,1.0,0.1418,0.5,218.92
61,1004,77,3c0dd6be83cb,Rand_Marg_M2,0.3333333333333333,0.544,0.3333,0.1879,0.7,437.83
61,1004,77,3c0dd6be83cb,Rand_Marg_M3,0.3333333333333333,0.4872,0.3333,0.1827,0.7,656.75
61,1004,77,3c0dd6be83cb,Rand_Marg_M5,0.0,0.4723,0.0,0.1785,0.6,1094.58
61,1004,77,3c0dd6be83cb,B2_Cyclic_M2,0.0,0.6844,0.3333,0.0509,0.6,437.83
61,1004,77,3c0dd6be83cb,B2_Cyclic_M3,0.0,0.6332,0.0,0.0612,0.6,656.75
61,1004,77,3c0dd6be83cb,B2_Cyclic_M5,0.0,0.6838,0.0,0.0531,0.3333,1094.58
62,1342,77,3c0dd6be83cb,B0_Native,0.0,0.7045,0.0,0.0,0.0,231.47
62,1342,77,3c0dd6be83cb,B0_Random,0.3333333333333333,0.8429,0.8,0.1115,0.7985,231.47
62,1342,77,3c0dd6be83cb,B1_Alpha,0.0,0.4579,1.0,0.1008,0.8,231.47
62,1342,77,3c0dd6be83cb,B1_ReverseAlpha,0.0,0.7794,1.0,0.1008,0.8,231.47
62,1342,77,3c0dd6be83cb,Rand_Marg_M2,0.3333333333333333,0.5433,1.0,0.1213,0.7,462.95
62,1342,77,3c0dd6be83cb,Rand_Marg_M3,0.3333333333333333,0.5624,0.6667,0.156,0.6667,694.42
62,1342,77,3c0dd6be83cb,Rand_Marg_M5,0.3333333333333333,0.3786,0.6667,0.1638,0.7,1157.36
62,1342,77,3c0dd6be83cb,B2_Cyclic_M2,0.0,0.517,0.6667,0.0821,0.5333,462.95
62,1342,77,3c0dd6be83cb,B2_Cyclic_M3,0.0,0.6177,0.0,0.0897,0.7,694.42
62,1342,77,3c0dd6be83cb,B2_Cyclic_M5,0.0,0.5943,0.0,0.0563,0.4333,1157.36
63,1973,77,3c0dd6be83cb,B0_Native,1.0,0.9924,0.0,0.0,0.0,224.26
63,1973,77,3c0dd6be83cb,B0_Random,0.6666666666666666,0.779,0.1333,0.0022,0.3652,224.26
63,1973,77,3c0dd6be83cb,B1_Alpha,1.0,1.0,0.0,0.0,0.8,224.26
63,1973,77,3c0dd6be83cb,B1_ReverseAlpha,1.0,0.9971,0.0,0.0,0.8,224.26
63,1973,77,3c0dd6be83cb,Rand_Marg_M2,1.0,0.7207,0.0,0.0,0.7,448.51
63,1973,77,3c0dd6be83cb,Rand_Marg_M3,1.0,0.8138,0.0,0.0799,0.6,672.77
63,1973,77,3c0dd6be83cb,Rand_Marg_M5,1.0,0.888,0.0,0.0889,0.4333,1121.29
63,1973,77,3c0dd6be83cb,B2_Cyclic_M2,1.0,0.9962,0.0,0.0042,0.4333,448.51
63,1973,77,3c0dd6be83cb,B2_Cyclic_M3,1.0,0.9946,0.0,0.0,0.5333,672.77
63,1973,77,3c0dd6be83cb,B2_Cyclic_M5,1.0,0.9979,0.0,0.0,0.5333,1121.29
64,2225,77,3c0dd6be83cb,B0_Native,0.6666666666666666,0.976,0.0,0.0,0.0,210.23
64,2225,77,3c0dd6be83cb,B0_Random,0.6666666666666666,0.8807,0.2444,0.0028,0.4852,210.23
64,2225,77,3c0dd6be83cb,B1_Alpha,1.0,1.0,0.0,0.0,0.0,210.23
64,2225,77,3c0dd6be83cb,B1_ReverseAlpha,1.0,1.0,0.0,0.0,0.0,210.23
64,2225,77,3c0dd6be83cb,Rand_Marg_M2,1.0,0.8657,0.0,0.0179,0.6,420.46
64,2225,77,3c0dd6be83cb,Rand_Marg_M3,1.0,0.9104,0.3333,0.018,0.6,630.69
64,2225,77,3c0dd6be83cb,Rand_Marg_M5,1.0,0.8462,0.0,0.0466,0.6,1051.14
64,2225,77,3c0dd6be83cb,B2_Cyclic_M2,0.6666666666666666,0.8217,0.0,0.0177,0.5333,420.46
64,2225,77,3c0dd6be83cb,B2_Cyclic_M3,1.0,0.8821,0.0,0.0021,0.6,630.69
64,2225,77,3c0dd6be83cb,B2_Cyclic_M5,1.0,0.8682,0.0,0.0286,0.2667,1051.14
65,2339,77,3c0dd6be83cb,B0_Native,0.3333333333333333,0.4087,0.0,0.0,0.0,237.74
65,2339,77,3c0dd6be83cb,B0_Random,0.6666666666666666,0.5275,0.6148,0.2322,0.6119,237.74
65,2339,77,3c0dd6be83cb,B1_Alpha,1.0,0.1502,1.0,0.1712,0.8,237.74
65,2339,77,3c0dd6be83cb,B1_ReverseAlpha,0.0,0.2905,1.0,0.1712,0.8,237.74
65,2339,77,3c0dd6be83cb,Rand_Marg_M2,0.6666666666666666,0.4088,0.3333,0.2292,0.3333,475.48
65,2339,77,3c0dd6be83cb,Rand_Marg_M3,0.3333333333333333,0.3588,0.0,0.21,0.1667,713.22
65,2339,77,3c0dd6be83cb,Rand_Marg_M5,0.3333333333333333,0.3713,0.3333,0.1888,0.3333,1188.7
65,2339,77,3c0dd6be83cb,B2_Cyclic_M2,0.3333333333333333,0.3852,0.3333,0.1025,0.5,475.48
65,2339,77,3c0dd6be83cb,B2_Cyclic_M3,0.3333333333333333,0.3221,0.0,0.0744,0.1667,713.22
65,2339,77,3c0dd6be83cb,B2_Cyclic_M5,0.3333333333333333,0.3092,0.0,0.0493,0.1667,1188.7
66,849,77,3c0dd6be83cb,B0_Native,0.6666666666666666,0.8206,0.0,0.0,0.0,218.69
66,849,77,3c0dd6be83cb,B0_Random,0.3333333333333333,0.9802,0.6296,0.0022,0.6111,218.69
66,849,77,3c0dd6be83cb,B1_Alpha,1.0,1.0,0.0,0.0,0.8,218.69
66,849,77,3c0dd6be83cb,B1_ReverseAlpha,1.0,0.535,0.0,0.0,0.8,218.69
66,849,77,3c0dd6be83cb,Rand_Marg_M2,0.3333333333333333,0.8313,0.3333,0.0011,0.6,437.38
66,849,77,3c0dd6be83cb,Rand_Marg_M3,0.3333333333333333,0.8797,0.6667,0.012,0.5,656.07
66,849,77,3c0dd6be83cb,Rand_Marg_M5,0.6666666666666666,0.6666,1.0,0.0493,0.3333,1093.46
66,849,77,3c0dd6be83cb,B2_Cyclic_M2,0.3333333333333333,0.4467,0.6667,0.0373,0.4333,437.38
66,849,77,3c0dd6be83cb,B2_Cyclic_M3,0.6666666666666666,0.6564,0.6667,0.0395,0.6,656.07
66,849,77,3c0dd6be83cb,B2_Cyclic_M5,0.0,0.5269,0.6667,0.0396,0.7,1093.46
67,2059,77,3c0dd6be83cb,B0_Native,1.0,0.8704,0.0,0.0,0.0,207.94
67,2059,77,3c0dd6be83cb,B0_Random,1.0,0.6885,0.437,0.0667,0.6585,207.94
67,2059,77,3c0dd6be83cb,B1_Alpha,1.0,0.9999,0.0,0.0031,0.8,207.94
67,2059,77,3c0dd6be83cb,B1_ReverseAlpha,1.0,0.878,0.0,0.0031,0.8,207.94
67,2059,77,3c0dd6be83cb,Rand_Marg_M2,0.6666666666666666,0.8152,0.3333,0.0973,0.5,415.89
67,2059,77,3c0dd6be83cb,Rand_Marg_M3,0.6666666666666666,0.8709,0.6667,0.1825,0.5,623.83
67,2059,77,3c0dd6be83cb,Rand_Marg_M5,1.0,0.6702,0.0,0.2322,0.6,1039.72
67,2059,77,3c0dd6be83cb,B2_Cyclic_M2,1.0,0.7908,0.0,0.0934,0.6,415.89
67,2059,77,3c0dd6be83cb,B2_Cyclic_M3,1.0,0.8507,0.0,0.1188,0.3333,623.83
67,2059,77,3c0dd6be83cb,B2_Cyclic_M5,1.0,0.8089,0.0,0.0802,0.1667,1039.72
68,1220,77,3c0dd6be83cb,B0_Native,0.0,0.9456,0.0,0.0,0.0,216.03
68,1220,77,3c0dd6be83cb,B0_Random,0.0,0.9293,0.1852,0.0001,0.1741,216.03
68,1220,77,3c0dd6be83cb,B1_Alpha,0.0,1.0,0.0,0.0,0.0,216.03
68,1220,77,3c0dd6be83cb,B1_ReverseAlpha,0.0,1.0,0.0,0.0,0.0,216.03
68,1220,77,3c0dd6be83cb,Rand_Marg_M2,0.0,0.9646,0.0,0.0,0.4333,432.06
68,1220,77,3c0dd6be83cb,Rand_Marg_M3,0.0,0.8703,0.0,0.0001,0.4333,648.09
68,1220,77,3c0dd6be83cb,Rand_Marg_M5,0.0,0.8555,0.0,0.0001,0.1667,1080.15
68,1220,77,3c0dd6be83cb,B2_Cyclic_M2,0.0,0.9728,0.0,0.0038,0.1667,432.06
68,1220,77,3c0dd6be83cb,B2_Cyclic_M3,0.0,0.9819,0.0,0.003,0.1667,648.09
68,1220,77,3c0dd6be83cb,B2_Cyclic_M5,0.0,0.9402,0.0,0.0149,0.0,1080.15
69,3009,77,3c0dd6be83cb,B0_Native,1.0,1.0,0.0,0.0,0.0,210.12
69,3009,77,3c0dd6be83cb,B0_Random,1.0,1.0,0.0667,0.0014,0.1481,210.12
69,3009,77,3c0dd6be83cb,B1_Alpha,1.0,1.0,0.0,0.0,0.0,210.12
69,3009,77,3c0dd6be83cb,B1_ReverseAlpha,1.0,1.0,0.0,0.0,0.0,210.12
69,3009,77,3c0dd6be83cb,Rand_Marg_M2,1.0,1.0,0.0,0.0,0.0,420.24
69,3009,77,3c0dd6be83cb,Rand_Marg_M3,1.0,1.0,0.0,0.0,0.2667,630.36
69,3009,77,3c0dd6be83cb,Rand_Marg_M5,1.0,1.0,0.0,0.0,0.5333,1050.59
69,3009,77,3c0dd6be83cb,B2_Cyclic_M2,1.0,0.8958,0.0,0.0,0.1667,420.24
69,3009,77,3c0dd6be83cb,B2_Cyclic_M3,1.0,1.0,0.0,0.0,0.3333,630.36
69,3009,77,3c0dd6be83cb,B2_Cyclic_M5,1.0,0.8885,0.0,0.0,0.1667,1050.59
70,2013,77,3c0dd6be83cb,B0_Native,0.0,0.4292,0.0,0.0,0.0,212.67
70,2013,77,3c0dd6be83cb,B0_Random,1.0,0.9813,0.6074,0.1157,0.6207,212.67
70,2013,77,3c0dd6be83cb,B1_Alpha,1.0,0.9966,1.0,0.0198,0.5,212.67
70,2013,77,3c0dd6be83cb,B1_ReverseAlpha,0.0,0.9074,1.0,0.0198,0.5,212.67
70,2013,77,3c0dd6be83cb,Rand_Marg_M2,0.6666666666666666,0.5132,0.0,0.1507,0.5,425.33
70,2013,77,3c0dd6be83cb,Rand_Marg_M3,1.0,0.4936,0.6667,0.1893,0.5,638.0
70,2013,77,3c0dd6be83cb,Rand_Marg_M5,0.6666666666666666,0.4637,0.3333,0.1751,0.5,1063.33
70,2013,77,3c0dd6be83cb,B2_Cyclic_M2,0.0,0.2736,0.3333,0.1292,0.5,425.33
70,2013,77,3c0dd6be83cb,B2_Cyclic_M3,0.0,0.3347,0.3333,0.1017,0.7,638.0
70,2013,77,3c0dd6be83cb,B2_Cyclic_M5,0.0,0.2623,1.0,0.0722,0.3333,1063.33
71,2360,77,3c0dd6be83cb,B0_Native,0.0,0.5963,0.0,0.0,0.0,220.66
71,2360,77,3c0dd6be83cb,B0_Random,0.0,0.9634,0.5778,0.0963,0.6015,220.66
71,2360,77,3c0dd6be83cb,B1_Alpha,0.0,0.9994,1.0,0.0007,0.6,220.66
71,2360,77,3c0dd6be83cb,B1_ReverseAlpha,0.0,0.9999,1.0,0.0007,0.6,220.66
71,2360,77,3c0dd6be83cb,Rand_Marg_M2,0.0,0.5554,0.6667,0.1967,0.2667,441.33
71,2360,77,3c0dd6be83cb,Rand_Marg_M3,0.0,0.5526,0.3333,0.2659,0.1667,661.99
71,2360,77,3c0dd6be83cb,Rand_Marg_M5,0.0,0.4895,0.0,0.243,0.3333,1103.32
71,2360,77,3c0dd6be83cb,B2_Cyclic_M2,0.0,0.5988,0.6667,0.1597,0.0,441.33
71,2360,77,3c0dd6be83cb,B2_Cyclic_M3,0.0,0.5122,0.3333,0.0897,0.0,661.99
71,2360,77,3c0dd6be83cb,B2_Cyclic_M5,0.0,0.4957,1.0,0.1022,0.1667,1103.32
72,2554,77,3c0dd6be83cb,B0_Native,0.3333333333333333,0.7248,0.0,0.0,0.0,211.49
72,2554,77,3c0dd6be83cb,B0_Random,0.0,0.589,0.6667,0.0984,0.7452,211.49
72,2554,77,3c0dd6be83cb,B1_Alpha,1.0,0.985,1.0,0.0878,0.8,211.49
72,2554,77,3c0dd6be83cb,B1_ReverseAlpha,0.0,0.8796,1.0,0.0878,0.8,211.49
72,2554,77,3c0dd6be83cb,Rand_Marg_M2,0.3333333333333333,0.6252,0.6667,0.1466,0.8,422.98
72,2554,77,3c0dd6be83cb,Rand_Marg_M3,0.3333333333333333,0.5294,0.6667,0.2225,0.5333,634.47
72,2554,77,3c0dd6be83cb,Rand_Marg_M5,0.6666666666666666,0.5499,0.0,0.1904,0.2667,1057.46
72,2554,77,3c0dd6be83cb,B2_Cyclic_M2,0.6666666666666666,0.6444,0.0,0.1056,0.5333,422.98
72,2554,77,3c0dd6be83cb,B2_Cyclic_M3,0.6666666666666666,0.6625,0.0,0.0902,0.1667,634.47
72,2554,77,3c0dd6be83cb,B2_Cyclic_M5,0.6666666666666666,0.6144,0.0,0.0891,0.1667,1057.46
73,1288,77,3c0dd6be83cb,B0_Native,1.0,0.9943,0.0,0.0,0.0,221.73
73,1288,77,3c0dd6be83cb,B0_Random,0.6666666666666666,0.8549,0.3704,0.0329,0.6096,221.73
73,1288,77,3c0dd6be83cb,B1_Alpha,1.0,1.0,0.0,0.0,0.8,221.73
73,1288,77,3c0dd6be83cb,B1_ReverseAlpha,1.0,0.9928,0.0,0.0,0.8,221.73
73,1288,77,3c0dd6be83cb,Rand_Marg_M2,1.0,0.8158,0.0,0.1393,0.5,443.46
73,1288,77,3c0dd6be83cb,Rand_Marg_M3,1.0,0.7019,0.0,0.1484,0.7,665.19
73,1288,77,3c0dd6be83cb,Rand_Marg_M5,1.0,0.7536,0.0,0.1908,0.7,1108.66
73,1288,77,3c0dd6be83cb,B2_Cyclic_M2,1.0,0.8219,0.0,0.0624,0.4333,443.46
73,1288,77,3c0dd6be83cb,B2_Cyclic_M3,1.0,0.7756,0.0,0.0239,0.0,665.19
73,1288,77,3c0dd6be83cb,B2_Cyclic_M5,1.0,0.8751,0.0,0.1015,0.3333,1108.66
74,1192,77,3c0dd6be83cb,B0_Native,0.0,0.7844,0.0,0.0,0.0,225.01
74,1192,77,3c0dd6be83cb,B0_Random,0.0,1.0,0.1852,0.0199,0.4548,225.01
74,1192,77,3c0dd6be83cb,B1_Alpha,0.0,1.0,0.0,0.0,0.8,225.01
74,1192,77,3c0dd6be83cb,B1_ReverseAlpha,0.0,0.9692,0.0,0.0,0.8,225.01
74,1192,77,3c0dd6be83cb,Rand_Marg_M2,0.0,1.0,0.0,0.0,0.5333,450.02
74,1192,77,3c0dd6be83cb,Rand_Marg_M3,0.0,0.9944,0.0,0.0582,0.4333,675.03
74,1192,77,3c0dd6be83cb,Rand_Marg_M5,0.0,0.9033,0.0,0.1282,0.6,1125.05
74,1192,77,3c0dd6be83cb,B2_Cyclic_M2,0.0,0.8916,0.0,0.0409,0.1667,450.02
74,1192,77,3c0dd6be83cb,B2_Cyclic_M3,0.0,0.9281,0.0,0.0305,0.0,675.03
74,1192,77,3c0dd6be83cb,B2_Cyclic_M5,0.0,0.9083,0.0,0.0221,0.0,1125.05
75,774,77,3c0dd6be83cb,B0_Native,0.0,0.7014,0.0,0.0,0.0,209.57
75,774,77,3c0dd6be83cb,B0_Random,0.0,0.8491,0.5481,0.0559,0.4822,209.57
75,774,77,3c0dd6be83cb,B1_Alpha,0.0,0.9734,1.0,0.015,0.7,209.57
75,774,77,3c0dd6be83cb,B1_ReverseAlpha,0.0,0.9889,1.0,0.015,0.7,209.57
75,774,77,3c0dd6be83cb,Rand_Marg_M2,0.0,0.8102,0.3333,0.1283,0.3333,419.15
75,774,77,3c0dd6be83cb,Rand_Marg_M3,0.0,0.8212,0.3333,0.1316,0.3333,628.72
75,774,77,3c0dd6be83cb,Rand_Marg_M5,0.0,0.6373,0.0,0.1778,0.1667,1047.86
75,774,77,3c0dd6be83cb,B2_Cyclic_M2,0.0,0.5245,0.0,0.0793,0.3333,419.15
75,774,77,3c0dd6be83cb,B2_Cyclic_M3,0.0,0.5775,0.3333,0.0612,0.5,628.72
75,774,77,3c0dd6be83cb,B2_Cyclic_M5,0.0,0.6064,0.3333,0.0603,0.3333,1047.86
76,2566,77,3c0dd6be83cb,B0_Native,0.0,0.9139,0.0,0.0,0.0,217.52
76,2566,77,3c0dd6be83cb,B0_Random,0.3333333333333333,0.9573,0.6741,0.0065,0.6437,217.52
76,2566,77,3c0dd6be83cb,B1_Alpha,1.0,1.0,1.0,0.0003,0.6,217.52
76,2566,77,3c0dd6be83cb,B1_ReverseAlpha,0.0,1.0,1.0,0.0003,0.6,217.52
76,2566,77,3c0dd6be83cb,Rand_Marg_M2,0.6666666666666666,0.8415,1.0,0.0022,0.7,435.04
76,2566,77,3c0dd6be83cb,Rand_Marg_M3,0.6666666666666666,0.6721,1.0,0.0204,0.5,652.56
76,2566,77,3c0dd6be83cb,Rand_Marg_M5,0.6666666666666666,0.6031,0.6667,0.0649,0.4333,1087.6
76,2566,77,3c0dd6be83cb,B2_Cyclic_M2,0.3333333333333333,0.6654,0.3333,0.0087,0.3333,435.04
76,2566,77,3c0dd6be83cb,B2_Cyclic_M3,0.0,0.5683,0.0,0.0312,0.1667,652.56
76,2566,77,3c0dd6be83cb,B2_Cyclic_M5,0.0,0.5894,0.3333,0.0519,0.1667,1087.6
77,2639,77,3c0dd6be83cb,B0_Native,1.0,0.7319,0.0,0.0,0.0,259.72
77,2639,77,3c0dd6be83cb,B0_Random,1.0,0.9971,0.5926,0.0188,0.5733,259.72
77,2639,77,3c0dd6be83cb,B1_Alpha,1.0,0.6182,1.0,0.0475,0.8,259.72
77,2639,77,3c0dd6be83cb,B1_ReverseAlpha,0.0,0.9245,1.0,0.0475,0.8,259.72
77,2639,77,3c0dd6be83cb,Rand_Marg_M2,0.6666666666666666,0.5008,0.0,0.0023,0.6,519.43
77,2639,77,3c0dd6be83cb,Rand_Marg_M3,0.6666666666666666,0.665,1.0,0.0338,0.6,779.15
77,2639,77,3c0dd6be83cb,Rand_Marg_M5,0.0,0.5686,0.3333,0.0763,0.5,1298.58
77,2639,77,3c0dd6be83cb,B2_Cyclic_M2,0.3333333333333333,0.674,0.6667,0.0465,0.5,519.43
77,2639,77,3c0dd6be83cb,B2_Cyclic_M3,0.6666666666666666,0.5447,0.3333,0.0145,0.5,779.15
77,2639,77,3c0dd6be83cb,B2_Cyclic_M5,0.3333333333333333,0.6336,0.3333,0.0542,0.5,1298.58
78,1845,77,3c0dd6be83cb,B0_Native,1.0,0.6413,0.0,0.0,0.0,207.38
78,1845,77,3c0dd6be83cb,B0_Random,0.0,0.8344,0.7556,0.0573,0.6585,207.38
78,1845,77,3c0dd6be83cb,B1_Alpha,0.0,0.9994,0.0,0.0106,0.6,207.38
78,1845,77,3c0dd6be83cb,B1_ReverseAlpha,0.0,0.8508,0.0,0.0106,0.6,207.38
78,1845,77,3c0dd6be83cb,Rand_Marg_M2,0.0,0.4706,0.6667,0.1492,0.2667,414.76
78,1845,77,3c0dd6be83cb,Rand_Marg_M3,0.0,0.4526,1.0,0.1674,0.1667,622.15
78,1845,77,3c0dd6be83cb,Rand_Marg_M5,0.6666666666666666,0.3709,0.3333,0.1904,0.6,1036.91
78,1845,77,3c0dd6be83cb,B2_Cyclic_M2,0.3333333333333333,0.4339,0.6667,0.0793,0.3333,414.76
78,1845,77,3c0dd6be83cb,B2_Cyclic_M3,0.6666666666666666,0.5887,0.3333,0.0825,0.1667,622.15
78,1845,77,3c0dd6be83cb,B2_Cyclic_M5,0.6666666666666666,0.5385,0.3333,0.0748,0.3333,1036.91
79,169,77,3c0dd6be83cb,B0_Native,0.0,0.3372,0.0,0.0,0.0,229.17
79,169,77,3c0dd6be83cb,B0_Random,0.0,0.3024,0.7333,0.236,0.7467,229.17
79,169,77,3c0dd6be83cb,B1_Alpha,0.0,0.3042,1.0,0.2105,0.8,229.17
79,169,77,3c0dd6be83cb,B1_ReverseAlpha,0.0,0.1752,1.0,0.2105,0.8,229.17
79,169,77,3c0dd6be83cb,Rand_Marg_M2,0.0,0.3988,1.0,0.2315,0.7,458.33
79,169,77,3c0dd6be83cb,Rand_Marg_M3,0.0,0.3052,0.6667,0.1946,0.7,687.5
79,169,77,3c0dd6be83cb,Rand_Marg_M5,0.0,0.2723,0.0,0.1637,0.7,1145.83
79,169,77,3c0dd6be83cb,B2_Cyclic_M2,0.0,0.3189,0.6667,0.1244,0.4333,458.33
79,169,77,3c0dd6be83cb,B2_Cyclic_M3,0.0,0.2212,0.6667,0.0878,0.7667,687.5
79,169,77,3c0dd6be83cb,B2_Cyclic_M5,0.0,0.2004,0.6667,0.0704,0.5,1145.83
80,2367,77,3c0dd6be83cb,B0_Native,1.0,0.7375,0.0,0.0,0.0,229.04
80,2367,77,3c0dd6be83cb,B0_Random,0.6666666666666666,0.9629,0.3556,0.0359,0.6644,229.04
80,2367,77,3c0dd6be83cb,B1_Alpha,1.0,0.9458,0.0,0.176,0.8,229.04
80,2367,77,3c0dd6be83cb,B1_ReverseAlpha,1.0,0.7346,0.0,0.176,0.8,229.04
80,2367,77,3c0dd6be83cb,Rand_Marg_M2,0.6666666666666666,0.8149,0.3333,0.0801,0.3333,458.08
80,2367,77,3c0dd6be83cb,Rand_Marg_M3,1.0,0.8089,0.0,0.0868,0.6,687.12
80,2367,77,3c0dd6be83cb,Rand_Marg_M5,1.0,0.8103,0.0,0.1676,0.7,1145.2
80,2367,77,3c0dd6be83cb,B2_Cyclic_M2,0.6666666666666666,0.8161,0.3333,0.1072,0.5,458.08
80,2367,77,3c0dd6be83cb,B2_Cyclic_M3,1.0,0.7549,0.0,0.0688,0.6,687.12
80,2367,77,3c0dd6be83cb,B2_Cyclic_M5,1.0,0.721,0.0,0.0817,0.6,1145.2
81,1505,77,3c0dd6be83cb,B0_Native,0.6666666666666666,0.7346,0.0,0.0,0.0,210.12
81,1505,77,3c0dd6be83cb,B0_Random,1.0,1.0,0.0,0.0006,0.2941,210.12
81,1505,77,3c0dd6be83cb,B1_Alpha,1.0,1.0,0.0,0.0,0.0,210.12
81,1505,77,3c0dd6be83cb,B1_ReverseAlpha,1.0,1.0,0.0,0.0,0.0,210.12
81,1505,77,3c0dd6be83cb,Rand_Marg_M2,1.0,0.9967,0.0,0.0,0.2667,420.23
81,1505,77,3c0dd6be83cb,Rand_Marg_M3,1.0,0.9978,0.0,0.0007,0.5333,630.35
81,1505,77,3c0dd6be83cb,Rand_Marg_M5,1.0,0.9987,0.0,0.0008,0.8,1050.59
81,1505,77,3c0dd6be83cb,B2_Cyclic_M2,1.0,0.7245,0.3333,0.0325,0.5333,420.23
81,1505,77,3c0dd6be83cb,B2_Cyclic_M3,0.6666666666666666,0.791,0.3333,0.0419,0.7,630.35
81,1505,77,3c0dd6be83cb,B2_Cyclic_M5,1.0,0.8027,0.0,0.0278,0.1667,1050.59
82,478,77,3c0dd6be83cb,B0_Native,0.3333333333333333,0.9346,0.0,0.0,0.0,231.44
82,478,77,3c0dd6be83cb,B0_Random,0.6666666666666666,0.9107,0.5556,0.0046,0.3837,231.44
82,478,77,3c0dd6be83cb,B1_Alpha,1.0,0.9999,1.0,0.0007,0.8667,231.44
82,478,77,3c0dd6be83cb,B1_ReverseAlpha,0.0,0.6859,1.0,0.0007,0.8667,231.44
82,478,77,3c0dd6be83cb,Rand_Marg_M2,0.3333333333333333,0.7761,0.6667,0.0287,0.5,462.88
82,478,77,3c0dd6be83cb,Rand_Marg_M3,0.6666666666666666,0.6746,0.3333,0.0347,0.0,694.32
82,478,77,3c0dd6be83cb,Rand_Marg_M5,0.6666666666666666,0.643,0.0,0.0624,0.0,1157.19
82,478,77,3c0dd6be83cb,B2_Cyclic_M2,0.3333333333333333,0.8008,0.3333,0.0002,0.3333,462.88
82,478,77,3c0dd6be83cb,B2_Cyclic_M3,0.6666666666666666,0.7125,0.3333,0.0044,0.0,694.32
82,478,77,3c0dd6be83cb,B2_Cyclic_M5,0.0,0.5807,0.6667,0.0147,0.0,1157.19
83,2160,77,3c0dd6be83cb,B0_Native,0.0,0.902,0.0,0.0,0.0,223.89
83,2160,77,3c0dd6be83cb,B0_Random,0.0,0.9729,0.5778,0.0119,0.5844,223.89
83,2160,77,3c0dd6be83cb,B1_Alpha,0.0,0.581,0.0,0.2054,0.8,223.89
83,2160,77,3c0dd6be83cb,B1_ReverseAlpha,0.0,0.3461,0.0,0.2054,0.8,223.89
83,2160,77,3c0dd6be83cb,Rand_Marg_M2,0.0,0.8183,0.6667,0.0317,0.4333,447.78
83,2160,77,3c0dd6be83cb,Rand_Marg_M3,0.0,0.6344,0.0,0.047,0.1667,671.67
83,2160,77,3c0dd6be83cb,Rand_Marg_M5,0.0,0.6095,1.0,0.0829,0.5,1119.45
83,2160,77,3c0dd6be83cb,B2_Cyclic_M2,0.0,0.5497,0.3333,0.0187,0.3333,447.78
83,2160,77,3c0dd6be83cb,B2_Cyclic_M3,0.0,0.6089,0.3333,0.0419,0.3333,671.67
83,2160,77,3c0dd6be83cb,B2_Cyclic_M5,0.0,0.7049,0.0,0.01,0.5,1119.45
84,1382,77,3c0dd6be83cb,B0_Native,1.0,0.9987,0.0,0.0,0.0,223.34
84,1382,77,3c0dd6be83cb,B0_Random,1.0,0.9456,0.0,0.0469,0.5956,223.34
84,1382,77,3c0dd6be83cb,B1_Alpha,1.0,1.0,0.0,0.0,0.0,223.34
84,1382,77,3c0dd6be83cb,B1_ReverseAlpha,1.0,1.0,0.0,0.0,0.0,223.34
84,1382,77,3c0dd6be83cb,Rand_Marg_M2,1.0,0.945,0.0,0.2036,0.4333,446.69
84,1382,77,3c0dd6be83cb,Rand_Marg_M3,1.0,0.9411,0.0,0.0332,0.7,670.03
84,1382,77,3c0dd6be83cb,Rand_Marg_M5,1.0,0.9644,0.0,0.2775,0.5,1116.72
84,1382,77,3c0dd6be83cb,B2_Cyclic_M2,1.0,0.9993,0.0,0.0047,0.7,446.69
84,1382,77,3c0dd6be83cb,B2_Cyclic_M3,1.0,0.9994,0.0,0.0057,0.7,670.03
84,1382,77,3c0dd6be83cb,B2_Cyclic_M5,1.0,0.9975,0.0,0.0154,0.2667,1116.72
85,345,77,3c0dd6be83cb,B0_Native,0.3333333333333333,0.7477,0.0,0.0,0.0,217.06
85,345,77,3c0dd6be83cb,B0_Random,0.3333333333333333,0.3619,0.5333,0.2151,0.66,217.06
85,345,77,3c0dd6be83cb,B1_Alpha,0.0,0.1791,1.0,0.2054,1.0,217.06
85,345,77,3c0dd6be83cb,B1_ReverseAlpha,1.0,0.9224,1.0,0.2054,1.0,217.06
85,345,77,3c0dd6be83cb,Rand_Marg_M2,0.6666666666666666,0.487,0.3333,0.2485,0.5,434.13
85,345,77,3c0dd6be83cb,Rand_Marg_M3,0.6666666666666666,0.4762,1.0,0.2258,0.6,651.19
85,345,77,3c0dd6be83cb,Rand_Marg_M5,0.6666666666666666,0.376,0.6667,0.1753,0.3333,1085.32
85,345,77,3c0dd6be83cb,B2_Cyclic_M2,0.6666666666666666,0.4893,0.3333,0.1266,0.5,434.13
85,345,77,3c0dd6be83cb,B2_Cyclic_M3,0.6666666666666666,0.4457,0.3333,0.1237,0.3333,651.19
85,345,77,3c0dd6be83cb,B2_Cyclic_M5,1.0,0.411,0.0,0.0713,0.3333,1085.32
86,957,77,3c0dd6be83cb,B0_Native,0.6666666666666666,0.724,0.0,0.0,0.0,207.92
86,957,77,3c0dd6be83cb,B0_Random,0.6666666666666666,0.898,0.5481,0.0601,0.4807,207.92
86,957,77,3c0dd6be83cb,B1_Alpha,0.0,0.4957,1.0,0.0297,0.5,207.92
86,957,77,3c0dd6be83cb,B1_ReverseAlpha,1.0,0.9964,1.0,0.0297,0.5,207.92
86,957,77,3c0dd6be83cb,Rand_Marg_M2,0.6666666666666666,0.7863,0.6667,0.2065,0.3333,415.84
86,957,77,3c0dd6be83cb,Rand_Marg_M3,0.3333333333333333,0.5652,0.6667,0.1726,0.3333,623.76
86,957,77,3c0dd6be83cb,Rand_Marg_M5,0.6666666666666666,0.5702,0.6667,0.2646,0.1667,1039.6
86,957,77,3c0dd6be83cb,B2_Cyclic_M2,0.3333333333333333,0.4971,0.6667,0.0575,0.1667,415.84
86,957,77,3c0dd6be83cb,B2_Cyclic_M3,0.6666666666666666,0.5178,1.0,0.0563,0.0,623.76
86,957,77,3c0dd6be83cb,B2_Cyclic_M5,0.0,0.4374,0.6667,0.0738,0.0,1039.6
87,1786,77,3c0dd6be83cb,B0_Native,1.0,0.9994,0.0,0.0,0.0,217.45
87,1786,77,3c0dd6be83cb,B0_Random,1.0,1.0,0.3407,0.0147,0.5126,217.45
87,1786,77,3c0dd6be83cb,B1_Alpha,1.0,1.0,0.0,0.0,0.0,217.45
87,1786,77,3c0dd6be83cb,B1_ReverseAlpha,1.0,1.0,0.0,0.0,0.0,217.45
87,1786,77,3c0dd6be83cb,Rand_Marg_M2,1.0,0.8358,0.0,0.0,0.5333,434.9
87,1786,77,3c0dd6be83cb,Rand_Marg_M3,1.0,0.8853,0.0,0.0729,0.7,652.34
87,1786,77,3c0dd6be83cb,Rand_Marg_M5,1.0,0.9207,0.0,0.1717,0.6,1087.24
87,1786,77,3c0dd6be83cb,B2_Cyclic_M2,1.0,0.7259,0.3333,0.0706,0.6,434.9
87,1786,77,3c0dd6be83cb,B2_Cyclic_M3,1.0,0.6492,0.3333,0.0792,0.3333,652.34
87,1786,77,3c0dd6be83cb,B2_Cyclic_M5,0.6666666666666666,0.6486,0.3333,0.0458,0.1667,1087.24
88,1191,77,3c0dd6be83cb,B0_Native,0.3333333333333333,0.7359,0.0,0.0,0.0,224.46
88,1191,77,3c0dd6be83cb,B0_Random,0.0,1.0,0.237,0.0156,0.4104,224.46
88,1191,77,3c0dd6be83cb,B1_Alpha,0.0,1.0,0.0,0.0,0.7,224.46
88,1191,77,3c0dd6be83cb,B1_ReverseAlpha,0.0,0.9814,0.0,0.0,0.7,224.46
88,1191,77,3c0dd6be83cb,Rand_Marg_M2,0.0,0.98,0.3333,0.0001,0.4333,448.93
88,1191,77,3c0dd6be83cb,Rand_Marg_M3,0.0,0.8161,0.0,0.084,0.5,673.39
88,1191,77,3c0dd6be83cb,Rand_Marg_M5,0.0,0.8641,0.0,0.0941,0.5,1122.32
88,1191,77,3c0dd6be83cb,B2_Cyclic_M2,0.0,0.7464,0.0,0.0763,0.3333,448.93
88,1191,77,3c0dd6be83cb,B2_Cyclic_M3,0.3333333333333333,0.6366,0.3333,0.0891,0.5,673.39
88,1191,77,3c0dd6be83cb,B2_Cyclic_M5,0.0,0.6307,0.0,0.051,0.5,1122.32
89,696,77,3c0dd6be83cb,B0_Native,0.0,0.8417,0.0,0.0,0.0,228.04
89,696,77,3c0dd6be83cb,B0_Random,0.0,0.896,0.7111,0.0663,0.5326,228.04
89,696,77,3c0dd6be83cb,B1_Alpha,0.0,0.9998,0.0,0.0017,0.8,228.04
89,696,77,3c0dd6be83cb,B1_ReverseAlpha,0.0,0.4669,0.0,0.0017,0.8,228.04
89,696,77,3c0dd6be83cb,Rand_Marg_M2,0.0,0.7233,0.3333,0.1126,0.3333,456.08
89,696,77,3c0dd6be83cb,Rand_Marg_M3,0.0,0.5988,0.3333,0.172,0.1667,684.11
89,696,77,3c0dd6be83cb,Rand_Marg_M5,0.0,0.5303,0.3333,0.2102,0.1667,1140.19
89,696,77,3c0dd6be83cb,B2_Cyclic_M2,0.0,0.6085,0.6667,0.049,0.3333,456.08
89,696,77,3c0dd6be83cb,B2_Cyclic_M3,0.0,0.5908,0.0,0.0687,0.3333,684.11
89,696,77,3c0dd6be83cb,B2_Cyclic_M5,0.0,0.4835,0.3333,0.0869,0.1667,1140.19
90,1753,77,3c0dd6be83cb,B0_Native,0.0,0.9224,0.0,0.0,0.0,242.94
90,1753,77,3c0dd6be83cb,B0_Random,0.0,0.7914,0.7037,0.1013,0.6319,242.94
90,1753,77,3c0dd6be83cb,B1_Alpha,0.0,0.9993,0.0,0.0082,0.8,242.94
90,1753,77,3c0dd6be83cb,B1_ReverseAlpha,0.0,0.9972,0.0,0.0082,0.8,242.94
90,1753,77,3c0dd6be83cb,Rand_Marg_M2,0.0,0.7306,0.6667,0.1323,0.4333,485.88
90,1753,77,3c0dd6be83cb,Rand_Marg_M3,0.0,0.6296,0.0,0.1664,0.6,728.82
90,1753,77,3c0dd6be83cb,Rand_Marg_M5,0.0,0.6001,0.0,0.1979,0.4333,1214.7
90,1753,77,3c0dd6be83cb,B2_Cyclic_M2,0.0,0.6478,0.0,0.0745,0.3333,485.88
90,1753,77,3c0dd6be83cb,B2_Cyclic_M3,0.0,0.5436,0.3333,0.0825,0.5,728.82
90,1753,77,3c0dd6be83cb,B2_Cyclic_M5,0.0,0.5622,0.0,0.0664,0.5,1214.7
91,2436,77,3c0dd6be83cb,B0_Native,0.0,0.507,0.0,0.0,0.0,211.73
91,2436,77,3c0dd6be83cb,B0_Random,0.0,0.7361,0.8296,0.0952,0.7904,211.73
91,2436,77,3c0dd6be83cb,B1_Alpha,0.0,0.9999,1.0,0.0003,0.7,211.73
91,2436,77,3c0dd6be83cb,B1_ReverseAlpha,1.0,0.3775,1.0,0.0003,0.7,211.73
91,2436,77,3c0dd6be83cb,Rand_Marg_M2,0.0,0.6695,0.6667,0.1003,0.7667,423.46
91,2436,77,3c0dd6be83cb,Rand_Marg_M3,0.0,0.4499,0.6667,0.2195,0.7,635.19
91,2436,77,3c0dd6be83cb,Rand_Marg_M5,0.0,0.3685,1.0,0.2226,0.5,1058.64
91,2436,77,3c0dd6be83cb,B2_Cyclic_M2,0.0,0.5544,0.3333,0.126,0.3333,423.46
91,2436,77,3c0dd6be83cb,B2_Cyclic_M3,0.0,0.5174,0.3333,0.105,0.6,635.19
91,2436,77,3c0dd6be83cb,B2_Cyclic_M5,0.0,0.4928,0.0,0.0747,0.1667,1058.64
92,726,77,3c0dd6be83cb,B0_Native,1.0,0.9999,0.0,0.0,0.0,211.3
92,726,77,3c0dd6be83cb,B0_Random,1.0,0.977,0.0,0.0031,0.4237,211.3
92,726,77,3c0dd6be83cb,B1_Alpha,1.0,1.0,0.0,0.0,0.8,211.3
92,726,77,3c0dd6be83cb,B1_ReverseAlpha,1.0,0.9987,0.0,0.0,0.8,211.3
92,726,77,3c0dd6be83cb,Rand_Marg_M2,1.0,0.9772,0.0,0.0362,0.3333,422.6
92,726,77,3c0dd6be83cb,Rand_Marg_M3,1.0,0.9848,0.0,0.0363,0.4333,633.9
92,726,77,3c0dd6be83cb,Rand_Marg_M5,1.0,0.9541,0.0,0.0735,0.3333,1056.51
92,726,77,3c0dd6be83cb,B2_Cyclic_M2,1.0,0.8903,0.0,0.0,0.5333,422.6
92,726,77,3c0dd6be83cb,B2_Cyclic_M3,1.0,0.9154,0.0,0.0281,0.6,633.9
92,726,77,3c0dd6be83cb,B2_Cyclic_M5,1.0,0.8936,0.0,0.0214,0.4333,1056.51
93,275,77,3c0dd6be83cb,B0_Native,0.6666666666666666,0.7828,0.0,0.0,0.0,217.13
93,275,77,3c0dd6be83cb,B0_Random,0.0,0.894,0.5185,0.1788,0.5363,217.13
93,275,77,3c0dd6be83cb,B1_Alpha,1.0,0.2876,1.0,0.1969,0.8,217.13
93,275,77,3c0dd6be83cb,B1_ReverseAlpha,0.0,0.5955,1.0,0.1969,0.8,217.13
93,275,77,3c0dd6be83cb,Rand_Marg_M2,0.3333333333333333,0.6519,0.3333,0.2073,0.5,434.26
93,275,77,3c0dd6be83cb,Rand_Marg_M3,0.0,0.6512,0.3333,0.2616,0.5,651.39
93,275,77,3c0dd6be83cb,Rand_Marg_M5,0.3333333333333333,0.5659,0.6667,0.2114,0.3333,1085.65
93,275,77,3c0dd6be83cb,B2_Cyclic_M2,0.6666666666666666,0.8675,0.0,0.1531,0.3333,434.26
93,275,77,3c0dd6be83cb,B2_Cyclic_M3,0.6666666666666666,0.7299,0.0,0.1337,0.0,651.39
93,275,77,3c0dd6be83cb,B2_Cyclic_M5,0.6666666666666666,0.6499,0.0,0.1237,0.1667,1085.65
94,617,77,3c0dd6be83cb,B0_Native,0.0,0.7618,0.0,0.0,0.0,216.06
94,617,77,3c0dd6be83cb,B0_Random,0.0,0.6201,0.5481,0.0434,0.4993,216.06
94,617,77,3c0dd6be83cb,B1_Alpha,0.0,0.488,0.0,0.0342,0.5,216.06
94,617,77,3c0dd6be83cb,B1_ReverseAlpha,0.0,0.9936,0.0,0.0342,0.5,216.06
94,617,77,3c0dd6be83cb,Rand_Marg_M2,0.0,0.5625,0.3333,0.0881,0.5,432.11
94,617,77,3c0dd6be83cb,Rand_Marg_M3,0.0,0.5974,0.6667,0.1003,0.5,648.17
94,617,77,3c0dd6be83cb,Rand_Marg_M5,0.0,0.4942,0.3333,0.1375,0.1667,1080.29
94,617,77,3c0dd6be83cb,B2_Cyclic_M2,0.0,0.8652,0.6667,0.0313,0.6,432.11
94,617,77,3c0dd6be83cb,B2_Cyclic_M3,0.0,0.7032,0.0,0.024,0.3333,648.17
94,617,77,3c0dd6be83cb,B2_Cyclic_M5,0.0,0.7281,0.0,0.0334,0.3333,1080.29
95,1618,77,3c0dd6be83cb,B0_Native,1.0,0.9098,0.0,0.0,0.0,219.59
95,1618,77,3c0dd6be83cb,B0_Random,1.0,0.9989,0.0,0.0603,0.6437,219.59
95,1618,77,3c0dd6be83cb,B1_Alpha,1.0,0.991,0.0,0.0407,0.5,219.59
95,1618,77,3c0dd6be83cb,B1_ReverseAlpha,1.0,0.9903,0.0,0.0407,0.5,219.59
95,1618,77,3c0dd6be83cb,Rand_Marg_M2,1.0,0.8719,0.0,0.1299,0.5,439.19
95,1618,77,3c0dd6be83cb,Rand_Marg_M3,1.0,0.9029,0.0,0.1618,0.4333,658.78
95,1618,77,3c0dd6be83cb,Rand_Marg_M5,1.0,0.8113,0.0,0.2274,0.5333,1097.97
95,1618,77,3c0dd6be83cb,B2_Cyclic_M2,1.0,0.9322,0.0,0.1151,0.6,439.19
95,1618,77,3c0dd6be83cb,B2_Cyclic_M3,1.0,0.7292,0.0,0.1107,0.6,658.78
95,1618,77,3c0dd6be83cb,B2_Cyclic_M5,1.0,0.7734,0.0,0.0933,0.1667,1097.97
96,2723,77,3c0dd6be83cb,B0_Native,0.0,0.673,0.0,0.0,0.0,228.26
96,2723,77,3c0dd6be83cb,B0_Random,0.3333333333333333,0.9911,0.563,0.0224,0.5763,228.26
96,2723,77,3c0dd6be83cb,B1_Alpha,0.0,0.9673,1.0,0.0085,0.8,228.26
96,2723,77,3c0dd6be83cb,B1_ReverseAlpha,0.0,0.9972,1.0,0.0085,0.8,228.26
96,2723,77,3c0dd6be83cb,Rand_Marg_M2,0.0,0.6664,0.3333,0.0442,0.6,456.51
96,2723,77,3c0dd6be83cb,Rand_Marg_M3,0.0,0.5822,0.0,0.1396,0.5,684.77
96,2723,77,3c0dd6be83cb,Rand_Marg_M5,0.0,0.5755,0.0,0.1308,0.3333,1141.28
96,2723,77,3c0dd6be83cb,B2_Cyclic_M2,0.3333333333333333,0.6024,0.6667,0.0559,0.6,456.51
96,2723,77,3c0dd6be83cb,B2_Cyclic_M3,0.3333333333333333,0.5455,0.0,0.0588,0.1667,684.77
96,2723,77,3c0dd6be83cb,B2_Cyclic_M5,0.3333333333333333,0.5712,0.6667,0.0587,0.1667,1141.28
97,59,77,3c0dd6be83cb,B0_Native,0.0,0.9727,0.0,0.0,0.0,214.67
97,59,77,3c0dd6be83cb,B0_Random,0.0,0.669,0.6815,0.19,0.5059,214.67
97,59,77,3c0dd6be83cb,B1_Alpha,0.0,0.8436,0.0,0.0379,0.5,214.67
97,59,77,3c0dd6be83cb,B1_ReverseAlpha,0.0,0.7853,0.0,0.0379,0.5,214.67
97,59,77,3c0dd6be83cb,Rand_Marg_M2,0.0,0.6387,1.0,0.2372,0.4333,429.34
97,59,77,3c0dd6be83cb,Rand_Marg_M3,0.0,0.5009,0.3333,0.245,0.3333,644.01
97,59,77,3c0dd6be83cb,Rand_Marg_M5,0.0,0.4454,0.6667,0.216,0.1667,1073.35
97,59,77,3c0dd6be83cb,B2_Cyclic_M2,0.0,0.697,0.0,0.0958,0.6,429.34
97,59,77,3c0dd6be83cb,B2_Cyclic_M3,0.0,0.7176,0.0,0.0892,0.5,644.01
97,59,77,3c0dd6be83cb,B2_Cyclic_M5,0.0,0.6285,0.0,0.0712,0.3333,1073.35
98,1306,77,3c0dd6be83cb,B0_Native,0.6666666666666666,0.9845,0.0,0.0,0.0,221.55
98,1306,77,3c0dd6be83cb,B0_Random,1.0,0.6957,0.4296,0.0264,0.5207,221.55
98,1306,77,3c0dd6be83cb,B1_Alpha,1.0,1.0,0.0,0.0,0.0,221.55
98,1306,77,3c0dd6be83cb,B1_ReverseAlpha,1.0,1.0,0.0,0.0,0.0,221.55
98,1306,77,3c0dd6be83cb,Rand_Marg_M2,1.0,0.5424,0.0,0.1012,0.6,443.09
98,1306,77,3c0dd6be83cb,Rand_Marg_M3,1.0,0.5876,0.0,0.074,0.6,664.64
98,1306,77,3c0dd6be83cb,Rand_Marg_M5,1.0,0.7524,0.0,0.2591,0.3333,1107.74
98,1306,77,3c0dd6be83cb,B2_Cyclic_M2,1.0,0.8351,0.0,0.0,0.7,443.09
98,1306,77,3c0dd6be83cb,B2_Cyclic_M3,1.0,0.8872,0.0,0.0434,0.6,664.64
98,1306,77,3c0dd6be83cb,B2_Cyclic_M5,1.0,0.7932,0.0,0.1217,0.3333,1107.74
99,2766,77,3c0dd6be83cb,B0_Native,0.0,0.3068,0.0,0.0,0.0,216.04
99,2766,77,3c0dd6be83cb,B0_Random,0.0,0.6475,0.4148,0.2339,0.4778,216.04
99,2766,77,3c0dd6be83cb,B1_Alpha,0.0,0.262,1.0,0.2054,0.5,216.04
99,2766,77,3c0dd6be83cb,B1_ReverseAlpha,1.0,0.6735,1.0,0.2054,0.5,216.04
99,2766,77,3c0dd6be83cb,Rand_Marg_M2,0.0,0.6437,0.6667,0.2188,0.5,432.08
99,2766,77,3c0dd6be83cb,Rand_Marg_M3,0.0,0.5754,0.6667,0.1962,0.5,648.13
99,2766,77,3c0dd6be83cb,Rand_Marg_M5,0.0,0.5289,0.0,0.1901,0.5,1080.21
99,2766,77,3c0dd6be83cb,B2_Cyclic_M2,0.0,0.2726,0.0,0.1159,0.5,432.08
99,2766,77,3c0dd6be83cb,B2_Cyclic_M3,0.0,0.4172,0.3333,0.0802,0.3333,648.13
99,2766,77,3c0dd6be83cb,B2_Cyclic_M5,0.3333333333333333,0.35,0.3333,0.0646,0.3333,1080.21
100,1826,77,3c0dd6be83cb,B0_Native,1.0,0.9997,0.0,0.0,0.0,208.31
100,1826,77,3c0dd6be83cb,B0_Random,0.6666666666666666,0.6971,0.2593,0.0214,0.517,208.31
100,1826,77,3c0dd6be83cb,B1_Alpha,1.0,0.488,1.0,0.1808,0.8,208.31
100,1826,77,3c0dd6be83cb,B1_ReverseAlpha,0.0,0.3618,1.0,0.1808,0.8,208.31
100,1826,77,3c0dd6be83cb,Rand_Marg_M2,1.0,0.6066,0.0,0.0886,0.6,416.62
100,1826,77,3c0dd6be83cb,Rand_Marg_M3,1.0,0.7373,0.0,0.1278,0.6,624.93
100,1826,77,3c0dd6be83cb,Rand_Marg_M5,1.0,0.79,0.0,0.2069,0.6,1041.56
100,1826,77,3c0dd6be83cb,B2_Cyclic_M2,1.0,0.887,0.0,0.0297,0.6,416.62
100,1826,77,3c0dd6be83cb,B2_Cyclic_M3,1.0,0.8275,0.0,0.0256,0.0,624.93
100,1826,77,3c0dd6be83cb,B2_Cyclic_M5,1.0,0.8282,0.0,0.065,0.0,1041.56
101,1876,77,3c0dd6be83cb,B0_Native,1.0,1.0,0.0,0.0,0.0,218.18
101,1876,77,3c0dd6be83cb,B0_Random,1.0,1.0,0.0667,0.0,0.1067,218.18
101,1876,77,3c0dd6be83cb,B1_Alpha,1.0,1.0,0.0,0.0,0.0,218.18
101,1876,77,3c0dd6be83cb,B1_ReverseAlpha,1.0,1.0,0.0,0.0,0.0,218.18
101,1876,77,3c0dd6be83cb,Rand_Marg_M2,1.0,0.9037,0.0,0.0,0.5333,436.35
101,1876,77,3c0dd6be83cb,Rand_Marg_M3,1.0,0.9358,0.0,0.0,0.5333,654.53
101,1876,77,3c0dd6be83cb,Rand_Marg_M5,1.0,0.91,0.0,0.0,0.5333,1090.88
101,1876,77,3c0dd6be83cb,B2_Cyclic_M2,1.0,1.0,0.0,0.0,0.0,436.35
101,1876,77,3c0dd6be83cb,B2_Cyclic_M3,1.0,1.0,0.0,0.0,0.0,654.53
101,1876,77,3c0dd6be83cb,B2_Cyclic_M5,1.0,0.9568,0.0,0.0,0.2667,1090.88
102,3013,77,3c0dd6be83cb,B0_Native,1.0,0.9999,0.0,0.0,0.0,210.09
102,3013,77,3c0dd6be83cb,B0_Random,0.6666666666666666,0.939,0.3926,0.0132,0.4874,210.09
102,3013,77,3c0dd6be83cb,B1_Alpha,1.0,1.0,0.0,0.0,0.0,210.09
102,3013,77,3c0dd6be83cb,B1_ReverseAlpha,1.0,1.0,0.0,0.0,0.0,210.09
102,3013,77,3c0dd6be83cb,Rand_Marg_M2,0.6666666666666666,0.8177,0.3333,0.0001,0.7,420.19
102,3013,77,3c0dd6be83cb,Rand_Marg_M3,1.0,0.8352,0.3333,0.0001,0.7,630.28
102,3013,77,3c0dd6be83cb,Rand_Marg_M5,1.0,0.7447,0.0,0.0837,0.4333,1050.47
102,3013,77,3c0dd6be83cb,B2_Cyclic_M2,1.0,1.0,0.0,0.0,0.1667,420.19
102,3013,77,3c0dd6be83cb,B2_Cyclic_M3,1.0,0.92,0.0,0.0116,0.4333,630.28
102,3013,77,3c0dd6be83cb,B2_Cyclic_M5,1.0,0.9596,0.0,0.0002,0.3333,1050.47
103,2948,77,3c0dd6be83cb,B0_Native,0.0,0.6964,0.0,0.0,0.0,214.0
103,2948,77,3c0dd6be83cb,B0_Random,0.3333333333333333,0.8691,0.8148,0.154,0.7015,214.0
103,2948,77,3c0dd6be83cb,B1_Alpha,0.0,0.9825,1.0,0.0007,0.0,214.0
103,2948,77,3c0dd6be83cb,B1_ReverseAlpha,1.0,0.9997,1.0,0.0007,0.0,214.0
103,2948,77,3c0dd6be83cb,Rand_Marg_M2,0.6666666666666666,0.6166,0.6667,0.2084,0.4333,428.0
103,2948,77,3c0dd6be83cb,Rand_Marg_M3,0.3333333333333333,0.5782,1.0,0.2109,0.3333,642.0
103,2948,77,3c0dd6be83cb,Rand_Marg_M5,0.3333333333333333,0.3583,1.0,0.2112,0.5,1070.0
103,2948,77,3c0dd6be83cb,B2_Cyclic_M2,0.3333333333333333,0.4611,0.3333,0.0867,0.5,428.0
103,2948,77,3c0dd6be83cb,B2_Cyclic_M3,0.3333333333333333,0.5241,0.3333,0.1001,0.6,642.0
103,2948,77,3c0dd6be83cb,B2_Cyclic_M5,0.3333333333333333,0.5423,0.0,0.059,0.5,1070.0
104,1089,77,3c0dd6be83cb,B0_Native,0.0,0.998,0.0,0.0,0.0,243.19
104,1089,77,3c0dd6be83cb,B0_Random,0.0,0.9739,0.4741,0.0202,0.7096,243.19
104,1089,77,3c0dd6be83cb,B1_Alpha,0.0,0.4726,0.0,0.0,0.8,243.19
104,1089,77,3c0dd6be83cb,B1_ReverseAlpha,0.0,0.9999,0.0,0.0,0.8,243.19
104,1089,77,3c0dd6be83cb,Rand_Marg_M2,0.0,0.5998,0.0,0.0661,0.8,486.39
104,1089,77,3c0dd6be83cb,Rand_Marg_M3,0.0,0.7298,0.0,0.1495,0.7,729.58
104,1089,77,3c0dd6be83cb,Rand_Marg_M5,0.0,0.6908,0.0,0.136,0.6,1215.97
104,1089,77,3c0dd6be83cb,B2_Cyclic_M2,0.0,0.979,0.0,0.0264,0.7,486.39
104,1089,77,3c0dd6be83cb,B2_Cyclic_M3,0.0,0.7747,0.0,0.0139,0.6,729.58
104,1089,77,3c0dd6be83cb,B2_Cyclic_M5,0.0,0.7855,0.0,0.0306,0.5,1215.97
105,2229,77,3c0dd6be83cb,B0_Native,0.0,0.9891,0.0,0.0,0.0,216.2
105,2229,77,3c0dd6be83cb,B0_Random,0.0,0.9855,0.1185,0.0254,0.6511,216.2
105,2229,77,3c0dd6be83cb,B1_Alpha,0.0,0.9979,0.0,0.0208,0.5,216.2
105,2229,77,3c0dd6be83cb,B1_ReverseAlpha,0.0,0.9677,0.0,0.0208,0.5,216.2
105,2229,77,3c0dd6be83cb,Rand_Marg_M2,0.0,0.9923,0.0,0.0414,0.8,432.41
105,2229,77,3c0dd6be83cb,Rand_Marg_M3,0.0,0.9873,0.0,0.0211,0.5,648.61
105,2229,77,3c0dd6be83cb,Rand_Marg_M5,0.0,0.9863,0.0,0.1818,0.5,1081.02
105,2229,77,3c0dd6be83cb,B2_Cyclic_M2,0.0,0.8695,0.0,0.0306,0.1667,432.41
105,2229,77,3c0dd6be83cb,B2_Cyclic_M3,0.0,0.9189,0.0,0.0248,0.3333,648.61
105,2229,77,3c0dd6be83cb,B2_Cyclic_M5,0.0,0.8249,0.0,0.0106,0.2667,1081.02
106,805,77,3c0dd6be83cb,B0_Native,0.3333333333333333,0.8084,0.0,0.0,0.0,211.89
106,805,77,3c0dd6be83cb,B0_Random,0.3333333333333333,0.9317,0.5852,0.0439,0.4059,211.89
106,805,77,3c0dd6be83cb,B1_Alpha,1.0,0.6526,0.0,0.0,0.5,211.89
106,805,77,3c0dd6be83cb,B1_ReverseAlpha,1.0,0.9998,0.0,0.0,0.5,211.89
106,805,77,3c0dd6be83cb,Rand_Marg_M2,0.6666666666666666,0.689,0.3333,0.0549,0.1667,423.77
106,805,77,3c0dd6be83cb,Rand_Marg_M3,0.6666666666666666,0.6346,0.0,0.0719,0.5,635.66
106,805,77,3c0dd6be83cb,Rand_Marg_M5,0.6666666666666666,0.5841,1.0,0.1599,0.1667,1059.43
106,805,77,3c0dd6be83cb,B2_Cyclic_M2,0.3333333333333333,0.6301,1.0,0.0244,0.3333,423.77
106,805,77,3c0dd6be83cb,B2_Cyclic_M3,0.3333333333333333,0.4575,0.6667,0.0472,0.1667,635.66
106,805,77,3c0dd6be83cb,B2_Cyclic_M5,0.3333333333333333,0.5184,0.0,0.048,0.3333,1059.43
107,2296,77,3c0dd6be83cb,B0_Native,0.0,0.5298,0.0,0.0,0.0,221.61
107,2296,77,3c0dd6be83cb,B0_Random,0.0,0.1588,0.7259,0.2657,0.68,221.61
107,2296,77,3c0dd6be83cb,B1_Alpha,0.0,0.0694,1.0,0.2057,1.0,221.61
107,2296,77,3c0dd6be83cb,B1_ReverseAlpha,0.0,0.4792,1.0,0.2057,1.0,221.61
107,2296,77,3c0dd6be83cb,Rand_Marg_M2,0.0,0.1361,1.0,0.2077,0.6,443.22
107,2296,77,3c0dd6be83cb,Rand_Marg_M3,0.0,0.1253,1.0,0.1811,0.6,664.83
107,2296,77,3c0dd6be83cb,Rand_Marg_M5,0.0,0.1242,0.6667,0.1642,0.5,1108.05
107,2296,77,3c0dd6be83cb,B2_Cyclic_M2,0.0,0.2857,1.0,0.1071,0.6,443.22
107,2296,77,3c0dd6be83cb,B2_Cyclic_M3,0.0,0.2714,0.3333,0.0813,0.3333,664.83
107,2296,77,3c0dd6be83cb,B2_Cyclic_M5,0.0,0.2285,0.3333,0.0619,0.3333,1108.05
108,2349,77,3c0dd6be83cb,B0_Native,0.3333333333333333,0.4312,0.0,0.0,0.0,249.92
108,2349,77,3c0dd6be83cb,B0_Random,0.3333333333333333,0.3818,0.8222,0.2274,0.8074,249.92
108,2349,77,3c0dd6be83cb,B1_Alpha,0.0,0.5219,1.0,0.1852,1.0,249.92
108,2349,77,3c0dd6be83cb,B1_ReverseAlpha,0.0,0.223,1.0,0.1852,1.0,249.92
108,2349,77,3c0dd6be83cb,Rand_Marg_M2,0.6666666666666666,0.2936,0.3333,0.2109,0.8667,499.83
108,2349,77,3c0dd6be83cb,Rand_Marg_M3,0.6666666666666666,0.2184,0.0,0.1792,0.3333,749.75
108,2349,77,3c0dd6be83cb,Rand_Marg_M5,0.6666666666666666,0.2066,0.3333,0.1585,0.5,1249.58
108,2349,77,3c0dd6be83cb,B2_Cyclic_M2,0.6666666666666666,0.2625,0.0,0.1193,0.5,499.83
108,2349,77,3c0dd6be83cb,B2_Cyclic_M3,0.6666666666666666,0.3411,0.0,0.0823,0.3333,749.75
108,2349,77,3c0dd6be83cb,B2_Cyclic_M5,0.6666666666666666,0.3408,0.0,0.0562,0.3333,1249.58
109,558,77,3c0dd6be83cb,B0_Native,0.3333333333333333,0.9637,0.0,0.0,0.0,251.72
109,558,77,3c0dd6be83cb,B0_Random,1.0,1.0,0.5778,0.0002,0.4615,251.72
109,558,77,3c0dd6be83cb,B1_Alpha,1.0,0.9997,1.0,0.0003,0.8,251.72
109,558,77,3c0dd6be83cb,B1_ReverseAlpha,0.0,1.0,1.0,0.0003,0.8,251.72
109,558,77,3c0dd6be83cb,Rand_Marg_M2,1.0,0.5057,0.0,0.0,0.1667,503.44
109,558,77,3c0dd6be83cb,Rand_Marg_M3,0.6666666666666666,0.6704,0.3333,0.0003,0.2667,755.16
109,558,77,3c0dd6be83cb,Rand_Marg_M5,1.0,0.639,0.3333,0.0002,0.3333,1258.61
109,558,77,3c0dd6be83cb,B2_Cyclic_M2,1.0,0.5063,0.3333,0.0001,0.3333,503.44
109,558,77,3c0dd6be83cb,B2_Cyclic_M3,0.6666666666666666,0.6457,0.3333,0.0132,0.5,755.16
109,558,77,3c0dd6be83cb,B2_Cyclic_M5,0.3333333333333333,0.6185,0.0,0.0154,0.3333,1258.61
110,2608,77,3c0dd6be83cb,B0_Native,1.0,0.7109,0.0,0.0,0.0,227.52
110,2608,77,3c0dd6be83cb,B0_Random,0.6666666666666666,0.9191,0.5704,0.1467,0.6874,227.52
110,2608,77,3c0dd6be83cb,B1_Alpha,0.0,0.844,1.0,0.1716,0.8,227.52
110,2608,77,3c0dd6be83cb,B1_ReverseAlpha,1.0,0.2569,1.0,0.1716,0.8,227.52
110,2608,77,3c0dd6be83cb,Rand_Marg_M2,0.6666666666666666,0.7313,0.6667,0.2223,0.5,455.04
110,2608,77,3c0dd6be83cb,Rand_Marg_M3,1.0,0.6319,0.0,0.2412,0.5,682.56
110,2608,77,3c0dd6be83cb,Rand_Marg_M5,1.0,0.5776,0.0,0.2211,0.5,1137.61
110,2608,77,3c0dd6be83cb,B2_Cyclic_M2,1.0,0.4751,0.3333,0.123,0.3333,455.04
110,2608,77,3c0dd6be83cb,B2_Cyclic_M3,1.0,0.8385,0.3333,0.1201,0.3333,682.56
110,2608,77,3c0dd6be83cb,B2_Cyclic_M5,1.0,0.439,0.3333,0.1255,0.1667,1137.61
111,1965,77,3c0dd6be83cb,B0_Native,1.0,0.8603,0.0,0.0,0.0,223.86
111,1965,77,3c0dd6be83cb,B0_Random,0.6666666666666666,0.9796,0.1333,0.0113,0.3126,223.86
111,1965,77,3c0dd6be83cb,B1_Alpha,1.0,1.0,0.0,0.0,0.0,223.86
111,1965,77,3c0dd6be83cb,B1_ReverseAlpha,1.0,1.0,0.0,0.0,0.0,223.86
111,1965,77,3c0dd6be83cb,Rand_Marg_M2,1.0,0.7325,0.0,0.0,0.5333,447.73
111,1965,77,3c0dd6be83cb,Rand_Marg_M3,1.0,0.8216,0.0,0.075,0.8,671.59
111,1965,77,3c0dd6be83cb,Rand_Marg_M5,1.0,0.824,0.0,0.116,0.6,1119.32
111,1965,77,3c0dd6be83cb,B2_Cyclic_M2,1.0,0.9301,0.0,0.0,0.2667,447.73
111,1965,77,3c0dd6be83cb,B2_Cyclic_M3,1.0,0.9485,0.0,0.0,0.7,671.59
111,1965,77,3c0dd6be83cb,B2_Cyclic_M5,1.0,0.9721,0.0,0.0,0.4333,1119.32
112,2500,77,3c0dd6be83cb,B0_Native,0.6666666666666666,0.8622,0.0,0.0,0.0,224.8
112,2500,77,3c0dd6be83cb,B0_Random,0.3333333333333333,0.7186,0.5333,0.0217,0.5526,224.8
112,2500,77,3c0dd6be83cb,B1_Alpha,1.0,0.9538,1.0,0.1189,0.5,224.8
112,2500,77,3c0dd6be83cb,B1_ReverseAlpha,0.0,0.376,1.0,0.1189,0.5,224.8
112,2500,77,3c0dd6be83cb,Rand_Marg_M2,1.0,0.5259,0.3333,0.094,0.5,449.61
112,2500,77,3c0dd6be83cb,Rand_Marg_M3,0.3333333333333333,0.5608,0.6667,0.0996,0.5,674.41
112,2500,77,3c0dd6be83cb,Rand_Marg_M5,0.6666666666666666,0.5365,0.3333,0.134,0.5,1124.01
112,2500,77,3c0dd6be83cb,B2_Cyclic_M2,1.0,0.638,0.3333,0.0478,0.5,449.61
112,2500,77,3c0dd6be83cb,B2_Cyclic_M3,0.6666666666666666,0.5411,0.6667,0.1097,0.1667,674.41
112,2500,77,3c0dd6be83cb,B2_Cyclic_M5,1.0,0.66,0.0,0.0895,0.1667,1124.01
113,2086,77,3c0dd6be83cb,B0_Native,0.0,0.838,0.0,0.0,0.0,220.1
113,2086,77,3c0dd6be83cb,B0_Random,0.0,0.9899,0.5037,0.0737,0.6007,220.1
113,2086,77,3c0dd6be83cb,B1_Alpha,0.0,0.9754,1.0,0.0301,0.0,220.1
113,2086,77,3c0dd6be83cb,B1_ReverseAlpha,0.0,0.9494,1.0,0.0301,0.0,220.1
113,2086,77,3c0dd6be83cb,Rand_Marg_M2,0.0,0.5592,0.6667,0.1065,0.4333,440.2
113,2086,77,3c0dd6be83cb,Rand_Marg_M3,0.0,0.6064,0.3333,0.1703,0.6,660.3
113,2086,77,3c0dd6be83cb,Rand_Marg_M5,0.0,0.6229,0.3333,0.245,0.3333,1100.49
113,2086,77,3c0dd6be83cb,B2_Cyclic_M2,0.0,0.503,0.3333,0.0518,0.3333,440.2
113,2086,77,3c0dd6be83cb,B2_Cyclic_M3,0.0,0.4233,0.0,0.117,0.3333,660.3
113,2086,77,3c0dd6be83cb,B2_Cyclic_M5,0.0,0.458,0.3333,0.1009,0.5,1100.49
114,594,77,3c0dd6be83cb,B0_Native,1.0,0.9987,0.0,0.0,0.0,207.83
114,594,77,3c0dd6be83cb,B0_Random,1.0,0.9999,0.0,0.02,0.5215,207.83
114,594,77,3c0dd6be83cb,B1_Alpha,1.0,0.9862,0.0,0.0,0.8,207.83
114,594,77,3c0dd6be83cb,B1_ReverseAlpha,1.0,1.0,0.0,0.0,0.8,207.83
114,594,77,3c0dd6be83cb,Rand_Marg_M2,1.0,0.8892,0.0,0.1327,0.7,415.65
114,594,77,3c0dd6be83cb,Rand_Marg_M3,1.0,0.9256,0.0,0.1407,0.8,623.48
114,594,77,3c0dd6be83cb,Rand_Marg_M5,1.0,0.8871,0.0,0.184,0.7,1039.13
114,594,77,3c0dd6be83cb,B2_Cyclic_M2,1.0,0.9989,0.0,0.0214,0.7,415.65
114,594,77,3c0dd6be83cb,B2_Cyclic_M3,1.0,0.9995,0.0,0.0002,0.7,623.48
114,594,77,3c0dd6be83cb,B2_Cyclic_M5,1.0,0.9991,0.0,0.0003,0.6,1039.13
115,394,77,3c0dd6be83cb,B0_Native,1.0,0.9411,0.0,0.0,0.0,213.81
115,394,77,3c0dd6be83cb,B0_Random,0.6666666666666666,0.9409,0.3481,0.0593,0.7119,213.81
115,394,77,3c0dd6be83cb,B1_Alpha,1.0,0.9852,0.0,0.0,0.8,213.81
115,394,77,3c0dd6be83cb,B1_ReverseAlpha,1.0,1.0,0.0,0.0,0.8,213.81
115,394,77,3c0dd6be83cb,Rand_Marg_M2,1.0,0.7945,0.0,0.0899,0.5,427.62
115,394,77,3c0dd6be83cb,Rand_Marg_M3,1.0,0.8567,0.3333,0.136,0.3333,641.43
115,394,77,3c0dd6be83cb,Rand_Marg_M5,1.0,0.6371,0.0,0.2167,0.6,1069.04
115,394,77,3c0dd6be83cb,B2_Cyclic_M2,1.0,0.8549,0.0,0.0718,0.7,427.62
115,394,77,3c0dd6be83cb,B2_Cyclic_M3,1.0,0.9666,0.0,0.077,0.6,641.43
115,394,77,3c0dd6be83cb,B2_Cyclic_M5,1.0,0.9495,0.0,0.0513,0.6,1069.04
116,759,77,3c0dd6be83cb,B0_Native,0.0,0.8385,0.0,0.0,0.0,239.45
116,759,77,3c0dd6be83cb,B0_Random,0.0,0.7248,0.7185,0.0814,0.7,239.45
116,759,77,3c0dd6be83cb,B1_Alpha,1.0,0.399,1.0,0.0882,0.5,239.45
116,759,77,3c0dd6be83cb,B1_ReverseAlpha,0.0,0.9336,1.0,0.0882,0.5,239.45
116,759,77,3c0dd6be83cb,Rand_Marg_M2,0.0,0.5371,0.6667,0.2226,0.6,478.9
116,759,77,3c0dd6be83cb,Rand_Marg_M3,0.0,0.431,0.3333,0.2289,0.7,718.36
116,759,77,3c0dd6be83cb,Rand_Marg_M5,0.0,0.3669,0.3333,0.2079,0.3333,1197.26
116,759,77,3c0dd6be83cb,B2_Cyclic_M2,0.0,0.4747,0.6667,0.1399,0.3333,478.9
116,759,77,3c0dd6be83cb,B2_Cyclic_M3,0.0,0.4652,0.3333,0.1009,0.5,718.36
116,759,77,3c0dd6be83cb,B2_Cyclic_M5,0.0,0.5513,0.0,0.0693,0.1667,1197.26
117,119,77,3c0dd6be83cb,B0_Native,1.0,1.0,0.0,0.0,0.0,210.5
117,119,77,3c0dd6be83cb,B0_Random,0.6666666666666666,0.7707,0.1852,0.0108,0.3652,210.5
117,119,77,3c0dd6be83cb,B1_Alpha,1.0,1.0,0.0,0.0,0.7,210.5
117,119,77,3c0dd6be83cb,B1_ReverseAlpha,1.0,0.4807,0.0,0.0,0.7,210.5
117,119,77,3c0dd6be83cb,Rand_Marg_M2,0.6666666666666666,0.7664,0.3333,0.0905,0.3333,420.99
117,119,77,3c0dd6be83cb,Rand_Marg_M3,1.0,0.8086,0.0,0.0885,0.3333,631.49
117,119,77,3c0dd6be83cb,Rand_Marg_M5,1.0,0.8464,0.0,0.0669,0.8,1052.48
117,119,77,3c0dd6be83cb,B2_Cyclic_M2,1.0,1.0,0.0,0.0,0.2667,420.99
117,119,77,3c0dd6be83cb,B2_Cyclic_M3,1.0,1.0,0.0,0.0,0.2667,631.49
117,119,77,3c0dd6be83cb,B2_Cyclic_M5,1.0,0.9991,0.0,0.0105,0.0,1052.48
118,899,77,3c0dd6be83cb,B0_Native,1.0,0.9963,0.0,0.0,0.0,214.44
118,899,77,3c0dd6be83cb,B0_Random,0.3333333333333333,0.6948,0.4148,0.0181,0.4519,214.44
118,899,77,3c0dd6be83cb,B1_Alpha,1.0,0.8224,1.0,0.001,0.5,214.44
118,899,77,3c0dd6be83cb,B1_ReverseAlpha,0.0,0.8218,1.0,0.001,0.5,214.44
118,899,77,3c0dd6be83cb,Rand_Marg_M2,1.0,0.7755,0.0,0.0367,0.5,428.88
118,899,77,3c0dd6be83cb,Rand_Marg_M3,1.0,0.8381,0.0,0.0775,0.3333,643.33
118,899,77,3c0dd6be83cb,Rand_Marg_M5,1.0,0.8274,0.0,0.113,0.3333,1072.21
118,899,77,3c0dd6be83cb,B2_Cyclic_M2,1.0,0.8887,0.0,0.0109,0.5,428.88
118,899,77,3c0dd6be83cb,B2_Cyclic_M3,1.0,0.8882,0.0,0.0076,0.5,643.33
118,899,77,3c0dd6be83cb,B2_Cyclic_M5,1.0,0.9408,0.0,0.0153,0.3333,1072.21
119,2708,77,3c0dd6be83cb,B0_Native,0.0,0.9318,0.0,0.0,0.0,230.92
119,2708,77,3c0dd6be83cb,B0_Random,0.0,0.7837,0.637,0.0799,0.7341,230.92
119,2708,77,3c0dd6be83cb,B1_Alpha,0.0,0.9954,1.0,0.0311,0.5,230.92
119,2708,77,3c0dd6be83cb,B1_ReverseAlpha,0.0,0.5808,1.0,0.0311,0.5,230.92
119,2708,77,3c0dd6be83cb,Rand_Marg_M2,0.0,0.585,0.6667,0.0983,0.6,461.84
119,2708,77,3c0dd6be83cb,Rand_Marg_M3,0.0,0.616,1.0,0.1294,0.5,692.76
119,2708,77,3c0dd6be83cb,Rand_Marg_M5,0.0,0.4751,0.3333,0.1352,0.5,1154.59
119,2708,77,3c0dd6be83cb,B2_Cyclic_M2,0.0,0.6542,0.6667,0.1283,0.6,461.84
119,2708,77,3c0dd6be83cb,B2_Cyclic_M3,0.0,0.4787,0.6667,0.1007,0.5,692.76
119,2708,77,3c0dd6be83cb,B2_Cyclic_M5,0.0,0.4172,0.3333,0.0919,0.1667,1154.59
